Delivery_ID,Rider_ID,Shift_Hour,Cumulative_Deliveries,Has_Elevator,Building_Floor,Traffic_Density,Delay_From_Target_Min,Burnout_Score
6d77379f,RIDER_103,9,8,0,5,Medium,-2.7,98
71659ff7,RIDER_093,5,12,0,10,Medium,-0.6,100
31f8f134,RIDER_015,2,15,1,0,Low,5.9,49
9f94a302,RIDER_107,3,19,1,4,Low,5.8,54
672596bd,RIDER_072,4,16,1,0,Medium,2.0,60
9844c84f,RIDER_021,5,14,1,10,Medium,6.5,75
197c0c0a,RIDER_103,3,7,0,8,High,4.4,100
aa11fc75,RIDER_122,7,8,1,9,High,0.1,84
94b120cf,RIDER_075,5,7,0,3,High,0.6,86
353918a3,RIDER_088,5,18,1,1,High,-3.1,80
e128fcc2,RIDER_117,6,24,1,8,Medium,1.5,84
faa6acd5,RIDER_100,7,6,1,5,Low,-0.4,45
e61b70c3,RIDER_104,10,19,1,10,Low,-2.0,82
790b7cbf,RIDER_131,10,4,1,9,High,-0.9,85
318a1da1,RIDER_150,8,23,1,2,Low,8.0,84
cb8bd539,RIDER_053,9,3,1,1,Low,0.1,58
3a34b8c7,RIDER_002,4,17,1,5,Medium,8.3,71
79e19447,RIDER_088,5,22,0,9,Medium,2.2,100
e8cc71cf,RIDER_038,5,19,0,5,Medium,1.1,100
d3e17c40,RIDER_130,8,15,1,8,Medium,4.1,91
8480d6e3,RIDER_021,9,6,1,4,Medium,-7.5,70
49f43066,RIDER_058,7,12,1,10,Medium,10.3,86
be67aaf5,RIDER_022,5,19,0,8,Medium,5.8,100
89192b7a,RIDER_089,3,6,1,4,Low,2.8,41
715e04ad,RIDER_049,1,11,1,1,High,5.3,54
1065ea47,RIDER_059,9,20,1,0,Medium,2.2,90
bef35d3c,RIDER_015,5,20,1,8,Medium,-0.4,67
4058366e,RIDER_051,9,10,0,9,Medium,1.9,100
472febd5,RIDER_108,10,16,1,6,Medium,0.3,85
8b53cbb2,RIDER_055,4,18,1,2,Medium,-1.6,62
1fde05f2,RIDER_064,5,14,1,5,Low,0.4,56
29830590,RIDER_131,4,4,0,9,Low,2.9,97
cb006b11,RIDER_051,2,12,0,3,Low,3.4,58
95696f5e,RIDER_135,1,20,1,8,High,7.6,70
615d2004,RIDER_021,8,23,1,1,Medium,0.8,94
91e476ae,RIDER_073,4,21,1,10,Low,-0.8,60
415d3199,RIDER_018,5,8,0,3,Medium,-3.0,74
020e7f96,RIDER_132,6,7,1,0,Low,3.8,59
9b553966,RIDER_089,8,9,0,6,Medium,7.8,100
c505708f,RIDER_060,8,24,1,3,High,0.4,100
5122ec62,RIDER_014,7,17,1,4,High,-0.3,88
7f768b37,RIDER_009,4,10,1,0,Medium,5.5,58
7f1bccf0,RIDER_090,6,3,0,1,High,-2.3,72
dff9495d,RIDER_053,4,21,0,3,High,8.5,100
ae59a5c6,RIDER_130,7,8,1,1,Medium,1.7,71
b39ba541,RIDER_084,1,14,1,0,High,3.5,66
0ca7e457,RIDER_092,5,7,1,9,Medium,2.2,57
c3b4c3f0,RIDER_111,10,16,1,0,Low,-8.0,83
4542f30b,RIDER_008,10,18,0,5,High,1.7,100
228bf99b,RIDER_035,4,11,1,1,Low,0.5,45
5532ff00,RIDER_081,7,6,0,2,Medium,3.6,70
a5a657f7,RIDER_050,9,20,0,4,Medium,6.6,100
38c0337f,RIDER_104,5,21,0,2,High,4.0,93
8e7c2bc4,RIDER_132,4,14,0,5,Low,-0.7,83
6989628a,RIDER_002,9,21,1,6,Medium,8.6,100
3297556a,RIDER_134,5,13,0,9,Medium,2.2,100
f7dec69f,RIDER_054,9,4,1,5,Medium,7.1,78
cd95c389,RIDER_106,8,20,1,1,Medium,5.5,92
f8e1a43b,RIDER_004,4,20,0,8,Medium,-2.0,100
7184e564,RIDER_054,7,11,1,1,High,6.2,83
713ea78f,RIDER_146,5,18,0,5,Low,5.5,99
e02aad75,RIDER_044,10,1,0,8,High,2.3,100
7b33dc60,RIDER_014,4,12,0,8,Medium,0.2,100
1ab935c0,RIDER_095,5,18,1,1,Medium,5.3,75
0f663cf2,RIDER_048,5,7,0,8,Medium,6.0,100
b215e696,RIDER_015,9,12,1,7,High,0.4,83
3b7bbbed,RIDER_040,9,1,0,6,Low,4.4,100
410a444a,RIDER_082,6,22,1,10,Medium,0.7,70
d3b63ccf,RIDER_111,4,4,1,7,Low,-0.2,37
d3e84986,RIDER_053,2,18,1,9,Medium,3.7,54
ac7b815f,RIDER_024,3,15,1,7,Medium,5.2,65
6240a4ac,RIDER_124,2,3,1,0,Low,4.1,31
23c5dcd9,RIDER_041,5,7,1,8,Medium,1.4,61
a9353463,RIDER_015,6,6,1,5,Medium,-2.6,55
64c5c97c,RIDER_045,5,15,1,0,Medium,0.8,67
6beee8f1,RIDER_065,2,15,1,0,Medium,3.5,56
a3bcf713,RIDER_089,5,6,1,6,Medium,10.6,72
7bb848dc,RIDER_071,9,8,1,9,Low,-1.9,65
fb2ca536,RIDER_009,4,8,0,1,Low,1.5,50
521fb14b,RIDER_088,10,22,1,5,High,1.4,100
57b352cd,RIDER_129,2,1,1,4,High,-7.0,47
75729246,RIDER_136,3,13,1,4,Medium,-0.4,48
3d97892b,RIDER_063,3,23,1,9,Medium,-2.8,67
ca021557,RIDER_139,9,24,1,5,Medium,0.4,100
0b1a7aa0,RIDER_081,4,21,1,10,Medium,8.0,78
d7954275,RIDER_136,1,13,0,7,Medium,4.6,92
52e19431,RIDER_033,1,11,1,4,Medium,2.7,40
8405b8fa,RIDER_123,7,4,1,7,Low,9.8,60
9709b563,RIDER_005,7,7,1,4,High,7.6,81
41e257b8,RIDER_041,2,12,1,9,Medium,-1.2,43
3d3c097e,RIDER_028,9,13,0,5,Medium,-5.3,100
86b26ac3,RIDER_135,9,22,1,7,Medium,-7.3,91
c9b17d48,RIDER_072,5,12,0,1,Low,-1.5,48
9c4a0350,RIDER_012,3,16,0,6,Medium,-0.3,97
dd9b4d26,RIDER_033,3,6,1,2,Medium,8.2,60
ebbff0b8,RIDER_048,3,14,0,8,Low,6.8,100
95fed472,RIDER_062,6,19,1,9,Medium,5.7,84
bdb5200d,RIDER_037,4,16,0,6,Medium,-0.0,96
b9c5c2db,RIDER_099,8,4,1,2,Medium,1.2,59
6dd78ebe,RIDER_104,5,5,1,7,Low,0.4,37
2f5e95da,RIDER_035,1,9,1,9,Medium,10.8,52
20497327,RIDER_101,9,24,1,1,Low,-0.5,84
59300a99,RIDER_131,1,3,1,9,Medium,-1.2,30
65008001,RIDER_001,6,22,1,7,Medium,4.3,83
08975948,RIDER_005,1,10,1,6,Medium,-1.9,43
390cb7e5,RIDER_142,3,17,1,4,High,4.2,81
47d87911,RIDER_103,10,19,1,3,Medium,3.2,97
67e6f4d1,RIDER_027,5,10,1,10,High,-1.0,70
e9fc2bef,RIDER_137,10,12,1,9,Low,0.6,73
6b10d831,RIDER_015,7,23,1,9,Medium,-1.4,76
79ec1cb8,RIDER_090,10,7,1,0,Low,6.1,75
5e8b9e18,RIDER_042,8,18,1,3,Medium,1.4,81
1f4237fc,RIDER_124,9,19,1,5,High,1.1,92
c76e06ed,RIDER_063,6,15,0,5,High,5.2,100
632377e5,RIDER_096,9,7,1,1,Low,4.7,75
6c9a1cec,RIDER_052,8,12,1,8,Low,2.9,69
463f4587,RIDER_096,9,22,1,0,Medium,6.2,100
0fe293b7,RIDER_132,10,7,1,3,High,1.4,95
4f456a1b,RIDER_143,4,10,1,3,Low,-1.6,45
ee0b02f7,RIDER_029,9,24,1,1,High,2.6,100
936308ba,RIDER_036,7,22,1,7,Medium,1.9,85
3e3abed7,RIDER_013,5,20,1,10,Medium,7.7,92
fc3a7958,RIDER_071,5,10,0,1,Medium,0.9,58
359be1c8,RIDER_086,1,23,1,1,High,8.4,79
9aeae669,RIDER_028,2,5,1,1,High,-2.9,52
1b1332b3,RIDER_066,10,18,1,0,Low,1.1,85
5b037db1,RIDER_045,3,9,1,4,Medium,0.7,47
1ef1b8a9,RIDER_062,8,16,0,10,High,0.7,100
289cd710,RIDER_134,6,7,0,3,Low,6.5,79
73f51829,RIDER_028,10,10,1,1,Medium,0.1,83
4fd41efb,RIDER_028,5,5,1,0,Low,6.0,44
71f7f552,RIDER_108,1,7,1,0,Medium,1.7,43
094ba13b,RIDER_044,9,5,0,1,Low,1.6,64
ce3198f0,RIDER_084,3,15,1,0,Medium,-3.4,45
9a69c1a3,RIDER_030,3,19,1,8,Medium,7.0,60
0f5fab19,RIDER_075,2,10,1,1,Low,8.1,47
515206b8,RIDER_128,4,8,0,2,Medium,-3.0,42
e21d0177,RIDER_092,2,24,1,8,Low,8.5,71
eeb322c2,RIDER_129,9,9,0,4,High,-3.8,100
00b67d2e,RIDER_121,10,11,1,7,Medium,1.3,77
95017f5c,RIDER_027,7,22,0,6,Medium,1.6,100
bc937e13,RIDER_121,8,2,1,5,Medium,0.8,60
a09a79b8,RIDER_116,3,3,1,1,Low,6.4,41
4651b9ca,RIDER_003,6,13,0,3,Medium,5.0,93
f54fe5cd,RIDER_103,10,11,1,8,High,-4.8,89
1d1fe853,RIDER_137,6,10,1,6,Medium,7.9,79
56779be8,RIDER_062,1,15,1,2,Medium,8.7,61
805b492e,RIDER_051,6,6,0,5,Medium,4.7,100
43958df3,RIDER_059,3,1,0,7,Medium,0.6,84
f77f8098,RIDER_118,3,14,1,7,Medium,2.9,63
ffd41790,RIDER_096,3,18,1,7,High,0.9,71
26dc5d9c,RIDER_113,10,24,1,7,Medium,5.9,100
18b64cbf,RIDER_062,10,11,0,9,Low,-5.2,100
3ee4c3fc,RIDER_052,8,8,1,5,Low,3.6,61
b4576af6,RIDER_012,5,22,1,10,Medium,6.6,80
7cf72106,RIDER_039,4,3,1,9,Medium,1.0,42
bceca733,RIDER_130,9,14,1,10,Low,4.2,84
5cebcc7a,RIDER_131,9,2,0,2,Low,-5.0,56
e625ed31,RIDER_113,1,16,1,8,High,-1.8,59
0944f20a,RIDER_101,2,6,1,2,Medium,3.6,48
9d53ee9e,RIDER_113,8,1,1,3,Medium,3.8,63
2575ad20,RIDER_081,5,14,0,9,Low,-0.3,100
950c8d57,RIDER_113,7,10,1,0,Medium,3.2,70
842e0416,RIDER_002,1,6,1,1,Medium,1.8,38
39e0b660,RIDER_130,10,9,1,5,High,-5.3,90
10c26fdf,RIDER_054,5,7,1,0,High,1.1,71
27d0ae7a,RIDER_087,3,2,1,8,Low,4.9,37
c5a5c651,RIDER_129,10,11,1,7,Medium,7.3,92
da9a6308,RIDER_147,2,14,1,1,Medium,1.0,57
56605784,RIDER_126,2,5,1,1,Low,3.5,29
c0fbb917,RIDER_130,9,9,0,7,Medium,2.7,100
c1b022d8,RIDER_053,4,7,1,10,High,4.1,75
63bad19b,RIDER_068,4,14,0,7,Medium,-0.6,100
1dc80631,RIDER_123,7,16,1,0,Medium,1.7,70
dfad6712,RIDER_145,10,22,1,4,Medium,4.2,98
d9f48c63,RIDER_038,10,16,1,10,Medium,3.6,91
ac180d22,RIDER_024,2,7,0,1,Medium,4.4,52
5e0d6d80,RIDER_069,3,10,1,0,Medium,5.2,50
58d1b5ce,RIDER_116,3,21,0,2,Medium,2.6,67
6e042fba,RIDER_098,6,6,1,2,Low,3.2,48
b5cc7cee,RIDER_139,3,17,1,9,High,-0.3,66
93984fed,RIDER_144,5,1,0,8,Low,5.4,100
1f33688c,RIDER_097,4,2,0,9,Medium,-2.3,100
07129861,RIDER_124,3,14,1,0,High,4.5,73
113b1bc7,RIDER_070,8,4,1,10,Medium,2.5,71
102ea878,RIDER_093,10,9,1,1,Low,-0.9,70
c7a28379,RIDER_003,3,23,1,8,High,-0.7,76
3032714c,RIDER_148,6,6,1,4,High,2.9,73
18c16eda,RIDER_147,7,17,1,8,Medium,1.0,78
d3c68eab,RIDER_090,7,21,1,5,Medium,0.3,81
ffa1edcf,RIDER_147,2,11,1,9,Medium,3.7,57
2def9384,RIDER_148,3,4,0,9,Medium,-4.7,93
52dc7a36,RIDER_096,10,21,0,2,Medium,2.4,96
6025ea88,RIDER_052,10,9,1,7,Low,0.5,70
420a267b,RIDER_128,4,16,0,8,Low,-2.9,100
43a58504,RIDER_039,7,3,1,1,Medium,0.6,55
01add354,RIDER_082,2,4,1,8,Medium,-3.3,35
441cae68,RIDER_104,3,24,1,3,High,6.7,87
03f96d17,RIDER_129,7,3,1,7,Medium,4.9,67
1ef00c90,RIDER_011,7,13,0,4,Medium,5.3,100
07b4bf91,RIDER_042,10,19,1,5,High,4.0,100
ddf676d0,RIDER_099,3,21,1,3,Medium,-6.6,59
f51d9b6b,RIDER_007,1,1,1,4,High,-2.7,36
c8d4d208,RIDER_144,3,23,1,0,Medium,5.6,68
683139da,RIDER_090,5,23,0,2,High,9.9,98
61943930,RIDER_112,7,6,0,3,Low,3.5,75
d917e58f,RIDER_060,4,22,1,0,Low,7.6,78
41596ec5,RIDER_113,1,3,1,2,Medium,-1.3,32
1e60ce90,RIDER_002,6,3,1,3,Medium,-0.5,49
08a23f9b,RIDER_129,2,16,1,8,Medium,4.7,59
4e531847,RIDER_048,3,10,1,2,Low,-1.2,34
814b1994,RIDER_140,4,17,0,10,Medium,-4.5,100
3697bb63,RIDER_037,6,7,1,2,Medium,5.0,64
12abf58f,RIDER_009,6,13,1,3,Medium,-0.9,69
aad99f2e,RIDER_099,7,11,0,8,Low,-5.7,100
e72eb15d,RIDER_147,5,10,0,8,High,6.6,100
2e9130f2,RIDER_048,7,7,1,0,Low,4.0,61
e09c2931,RIDER_131,2,24,1,7,Medium,4.8,56
95ed76fa,RIDER_148,1,6,1,9,Medium,5.0,44
8f71a3d8,RIDER_054,10,24,1,0,Medium,5.9,100
eccdcdae,RIDER_120,8,1,0,1,Medium,4.0,66
1de209cc,RIDER_116,1,17,1,9,High,-4.0,62
c21d50cb,RIDER_075,2,12,0,10,High,-2.3,100
72b2079c,RIDER_113,10,4,0,4,Medium,6.0,100
2aacefba,RIDER_104,6,3,1,10,Medium,4.3,55
d7b5b4a3,RIDER_084,1,6,0,10,Medium,1.5,96
7ed58d33,RIDER_112,10,16,1,5,Medium,-4.7,87
c16ce3e0,RIDER_099,3,13,1,1,Medium,-1.4,54
96571ed1,RIDER_093,7,9,1,9,Medium,0.8,69
975f998c,RIDER_146,8,11,1,4,Medium,-1.0,75
f0320929,RIDER_128,4,20,0,2,Medium,-2.2,62
2a9d8197,RIDER_110,3,21,0,6,High,3.3,100
3279bc7c,RIDER_082,1,13,1,0,Low,7.9,42
20cbedf3,RIDER_054,9,23,1,4,High,4.6,100
3d616088,RIDER_068,10,19,1,2,Medium,0.1,95
14904b83,RIDER_033,6,3,1,10,Medium,1.7,55
d283637b,RIDER_142,6,12,1,1,Medium,4.5,68
d7ea87b7,RIDER_021,9,19,1,2,Low,-0.4,73
5dcd0441,RIDER_048,1,8,1,9,High,2.9,54
0425a202,RIDER_148,6,14,1,3,Low,0.6,55
42dc12ce,RIDER_128,5,22,1,10,Low,0.5,67
667c52c1,RIDER_136,6,9,1,1,Low,-4.3,53
2b30b542,RIDER_135,8,24,1,1,Low,2.2,81
a53379a7,RIDER_145,5,17,0,2,Medium,3.6,74
6e7271e9,RIDER_128,2,6,1,1,Low,5.4,32
75d11612,RIDER_033,2,4,1,5,Medium,-5.0,38
02d6c637,RIDER_115,10,4,0,1,Medium,5.8,81
945a1a91,RIDER_119,5,19,1,0,High,4.9,86
3cd48841,RIDER_022,3,12,0,7,Low,7.9,100
fdbe29d4,RIDER_038,10,2,1,9,Medium,0.5,76
39d3b6ae,RIDER_109,3,17,1,3,Low,2.3,53
69544920,RIDER_051,8,15,0,1,Medium,-2.1,78
7af822df,RIDER_008,7,10,0,3,Medium,1.8,86
34aa1cc9,RIDER_027,1,3,1,10,Medium,0.7,29
5d91dfba,RIDER_027,5,20,1,1,Medium,2.6,74
88636403,RIDER_021,9,4,1,10,Low,1.8,61
dc192109,RIDER_030,4,22,1,4,Low,5.2,65
aa41e810,RIDER_097,1,1,1,6,High,1.2,48
0b86cc38,RIDER_028,8,1,1,5,Low,7.1,68
092659a3,RIDER_111,5,18,0,1,High,-7.9,74
d4e7dcbb,RIDER_061,2,4,1,10,High,7.2,63
6d3da8dd,RIDER_048,1,23,0,3,Medium,-3.5,77
212460a0,RIDER_147,3,22,1,7,High,5.3,83
b5243742,RIDER_004,9,15,1,6,Low,4.7,84
94d6fe5f,RIDER_035,1,23,1,6,Low,-2.3,53
e8421fc7,RIDER_049,4,21,0,3,Low,6.9,91
a0616d4f,RIDER_017,8,22,1,0,Low,-2.7,75
b6c16129,RIDER_046,8,10,1,6,Low,-3.3,61
a23c812e,RIDER_117,10,17,0,5,Medium,0.2,100
4cadfaef,RIDER_006,8,22,1,7,Low,0.4,79
8a43c892,RIDER_099,10,12,0,10,Medium,-0.4,100
3e666aae,RIDER_124,8,20,0,4,Medium,2.3,100
209cd2be,RIDER_037,4,12,0,7,Low,3.5,100
d335349b,RIDER_024,8,16,1,9,Medium,1.7,86
9fcd4842,RIDER_093,9,5,1,10,Medium,-2.7,63
cebf1b8c,RIDER_046,7,16,0,7,Medium,-1.4,100
14fc302c,RIDER_095,2,17,1,8,High,10.4,75
f0ef3bcf,RIDER_099,9,23,1,0,Medium,-2.2,92
963f6c85,RIDER_116,8,15,0,2,Medium,-2.1,73
c9e8b56f,RIDER_067,5,13,1,10,Low,-4.2,49
6fc60d88,RIDER_128,3,8,0,5,Medium,5.9,92
8e80fbab,RIDER_018,7,21,0,3,Medium,5.8,100
ae758e9c,RIDER_025,2,2,0,7,Medium,3.6,86
fa69151a,RIDER_054,3,8,1,9,Medium,7.1,56
d9f365fd,RIDER_058,9,10,1,0,Medium,-0.9,73
dda6211b,RIDER_067,4,7,1,4,Medium,-2.6,48
b0e58a5c,RIDER_104,4,10,1,3,Low,3.1,48
3e6745c0,RIDER_024,3,4,1,0,Medium,3.9,51
7a0274cf,RIDER_114,5,11,1,9,Medium,2.8,66
9dd37273,RIDER_032,3,9,1,5,Medium,0.8,50
900b4ba8,RIDER_086,9,4,1,9,Low,6.1,75
696b6d47,RIDER_127,3,3,0,2,High,1.8,57
2a8b2f3d,RIDER_130,2,11,1,10,High,3.0,58
c9629d5c,RIDER_017,5,3,1,10,Medium,1.9,49
750a3186,RIDER_104,6,18,0,4,Low,0.0,97
bb4b18f9,RIDER_137,1,19,0,5,Medium,-2.3,86
63494e1d,RIDER_043,6,14,1,3,Medium,3.7,73
ce87b848,RIDER_039,10,24,1,9,Medium,-6.7,97
f4c6b716,RIDER_026,3,11,1,9,Low,-0.5,41
d0f9ed0c,RIDER_099,4,24,1,5,Medium,-0.0,79
9f410e89,RIDER_050,6,2,0,6,Medium,-2.9,88
725f6560,RIDER_013,8,2,0,1,High,0.8,78
975b50b2,RIDER_060,9,2,1,6,Medium,3.8,76
810ae20c,RIDER_135,6,10,0,6,High,2.5,100
a5767f2c,RIDER_057,7,23,0,1,High,-0.3,91
fa54a51a,RIDER_036,5,15,0,2,Medium,4.5,64
7ca1f12e,RIDER_020,9,22,1,2,Medium,3.1,90
d4ad1b03,RIDER_065,4,12,1,0,Low,-2.6,50
6d80b308,RIDER_008,10,11,1,0,Medium,-1.1,80
9cf09533,RIDER_144,6,17,1,9,Low,-3.6,64
da417a9d,RIDER_142,5,18,1,10,Low,0.6,63
a927a0fa,RIDER_115,1,14,0,5,High,-0.7,88
847ae489,RIDER_143,5,17,0,8,High,1.1,100
a51876d5,RIDER_092,5,15,0,8,Medium,9.7,100
1d6a0965,RIDER_098,9,12,1,10,Medium,-4.5,68
64c9ccc3,RIDER_066,1,16,1,0,Medium,-5.6,51
faaa21c4,RIDER_032,5,23,1,6,Medium,8.0,76
6e9766d9,RIDER_086,7,6,1,5,Low,4.1,54
607a2471,RIDER_051,6,2,0,3,Medium,5.9,79
9624a2a1,RIDER_063,6,2,1,10,Medium,0.6,48
87111725,RIDER_125,7,16,0,2,Low,4.8,65
9167dbc9,RIDER_150,6,2,1,8,Medium,1.5,55
c8263ff7,RIDER_058,5,8,1,9,High,5.5,73
48b372a3,RIDER_058,10,7,0,4,High,6.1,100
ba8afbae,RIDER_086,5,1,1,7,Medium,5.7,54
2c80983e,RIDER_049,9,4,1,3,Low,-0.6,54
3a104496,RIDER_070,8,11,1,3,Medium,2.4,78
12ef443a,RIDER_015,10,20,0,5,High,-1.8,100
f9d065c4,RIDER_054,4,7,0,5,Medium,4.2,90
18c1e3fb,RIDER_101,4,18,0,2,High,3.4,78
04aa7734,RIDER_008,10,4,0,1,Low,-4.4,64
fba55a5a,RIDER_053,5,17,0,10,Medium,3.8,100
6195861a,RIDER_060,3,11,0,8,Low,3.7,100
c38a3956,RIDER_108,8,11,1,1,Medium,4.3,83
00bed088,RIDER_005,7,20,1,8,Low,2.2,77
02ceb5a0,RIDER_103,5,11,1,10,Medium,4.3,64
1fda3e42,RIDER_006,10,15,0,7,Medium,3.3,100
55176a03,RIDER_109,3,14,1,10,Medium,-1.6,50
0aff4a0c,RIDER_116,5,17,1,9,High,4.5,82
9341f61b,RIDER_094,3,2,0,6,Medium,-1.8,73
60249e7d,RIDER_047,10,18,1,4,High,-2.3,99
9de1f1d2,RIDER_099,5,16,0,2,Low,2.8,62
46bde27f,RIDER_055,1,12,0,1,Medium,-8.7,41
52bd5a2b,RIDER_052,6,10,1,10,High,-0.7,71
ced9f1a1,RIDER_144,10,16,0,7,Medium,0.7,100
e7a4dba9,RIDER_013,4,3,0,1,High,7.3,63
df8d2e97,RIDER_114,4,8,1,7,Medium,1.1,52
92a84a18,RIDER_124,8,22,0,4,Medium,9.7,100
b2324615,RIDER_106,2,22,0,8,Medium,-4.0,100
5a934ca8,RIDER_147,4,24,1,3,High,3.9,85
31e16d6f,RIDER_145,2,2,1,7,High,4.6,58
79333f90,RIDER_120,1,22,1,10,Medium,-1.7,51
3dc69fc9,RIDER_063,10,1,1,6,Medium,1.6,73
a3f25cfa,RIDER_019,3,14,1,7,Low,1.6,54
e7712cbd,RIDER_092,8,4,0,4,Medium,6.3,98
edeefa6c,RIDER_058,6,4,1,1,Low,-3.8,49
04263043,RIDER_090,7,9,0,6,Medium,9.5,100
955805e6,RIDER_117,2,3,1,2,High,-5.6,45
31958007,RIDER_062,6,5,1,9,Medium,3.7,64
ae2c5d8e,RIDER_023,8,1,1,9,Medium,-1.5,62
91a154c5,RIDER_127,8,22,0,9,Low,3.9,100
c37166a0,RIDER_137,4,19,1,10,Medium,-0.6,62
67a3061f,RIDER_140,6,1,1,9,Medium,7.4,57
fe0a58f8,RIDER_129,5,10,0,1,Medium,2.4,54
5a6632f3,RIDER_058,9,22,1,2,Medium,0.3,89
7a947810,RIDER_122,8,12,1,3,Low,-2.5,66
96c499cf,RIDER_001,2,10,1,9,Medium,3.6,53
6639df7a,RIDER_034,7,2,0,10,High,3.8,100
7b18eca4,RIDER_096,7,16,1,6,Low,0.5,61
0f681ece,RIDER_126,1,8,1,9,High,2.1,58
09aa3fe4,RIDER_118,1,14,1,0,Medium,3.1,45
77f7c63c,RIDER_048,4,15,0,5,Medium,4.6,92
f0304fa7,RIDER_089,5,16,1,5,Medium,-2.0,71
a72c5ca4,RIDER_117,4,11,1,7,Medium,0.2,53
cdc75679,RIDER_129,7,12,1,1,Medium,4.4,73
00917ccb,RIDER_016,3,2,1,1,Medium,1.6,38
587806ca,RIDER_069,7,4,1,0,Medium,-5.5,55
a36a43d1,RIDER_022,8,3,1,2,Medium,8.4,74
d656e9b0,RIDER_093,6,9,0,6,High,5.4,100
be40a0f4,RIDER_076,6,18,0,7,Low,-5.0,100
a177ea47,RIDER_144,8,19,0,6,High,-0.6,100
d86c4098,RIDER_086,8,7,1,8,Medium,8.3,85
b32b222d,RIDER_029,7,4,0,7,Low,3.8,100
83233527,RIDER_069,6,6,1,7,Medium,-3.8,58
837d6184,RIDER_047,6,19,0,10,Low,-5.8,100
7a2c29ac,RIDER_094,10,1,1,1,Medium,-5.1,67
bc06e8a3,RIDER_144,6,16,1,0,Low,0.0,63
6135bddf,RIDER_085,8,11,1,5,Low,4.7,71
2fd366f6,RIDER_039,1,22,0,6,Low,-4.1,83
768358ba,RIDER_100,5,4,0,5,Low,4.3,81
0bb437d9,RIDER_033,3,18,0,6,Low,-1.5,86
24069141,RIDER_101,8,23,0,7,High,-5.4,100
0bff8dfc,RIDER_023,6,5,1,1,High,0.6,69
7561c3b6,RIDER_010,2,22,1,0,High,9.9,85
fdb97cb4,RIDER_069,7,6,0,9,Low,7.4,100
926f802f,RIDER_100,7,2,0,7,Low,0.0,100
afeb6d64,RIDER_034,5,12,1,7,Low,2.8,57
ee5bc0c5,RIDER_138,8,22,1,7,Medium,-0.3,83
01c12924,RIDER_147,5,9,1,9,High,-5.9,69
5493d7d6,RIDER_096,1,20,1,6,High,-0.4,72
0fbb49b4,RIDER_001,9,12,1,1,Low,4.6,72
6eefad89,RIDER_069,4,13,1,3,Medium,-2.7,63
ef89f502,RIDER_004,2,22,1,8,High,6.3,81
0cc2096f,RIDER_016,4,23,1,7,Medium,6.5,78
14afe573,RIDER_024,9,17,1,3,Low,0.2,75
d189c3db,RIDER_080,2,5,1,7,Low,2.4,31
60d24fab,RIDER_002,4,20,1,9,Medium,7.2,69
6552cead,RIDER_128,2,13,0,5,Low,3.5,78
b3d67b2e,RIDER_084,5,13,1,10,High,7.8,88
186b8d38,RIDER_140,3,10,0,8,Low,-5.0,91
93f4a45b,RIDER_124,10,15,1,0,Low,-0.3,76
c455dccb,RIDER_033,2,15,1,5,Low,0.7,40
9577fd7b,RIDER_101,9,18,1,10,Low,7.0,87
fff4e76d,RIDER_012,5,18,1,3,Medium,2.0,72
9e1ed390,RIDER_067,10,2,1,2,Low,-1.0,66
a1a7afb0,RIDER_065,5,23,1,4,Low,1.6,59
5836e244,RIDER_074,1,11,1,9,Medium,4.1,44
a56559c8,RIDER_043,6,13,1,10,Low,0.7,61
1ef80da5,RIDER_044,7,11,1,7,Low,5.4,63
10c588ff,RIDER_029,1,4,0,10,Low,2.5,92
3bde0b5d,RIDER_141,9,15,1,9,Low,0.8,77
20f082ea,RIDER_012,8,22,0,5,Medium,6.7,100
65014a37,RIDER_095,8,23,1,0,Low,7.8,90
c1e4d936,RIDER_046,7,11,1,5,Medium,6.7,73
21f60f1b,RIDER_130,5,18,1,6,Medium,-1.2,64
603fd8d6,RIDER_035,3,16,0,5,Medium,6.8,99
6de4ef2e,RIDER_081,9,10,1,2,High,6.0,99
a47ff8af,RIDER_090,7,12,1,10,Low,-2.6,59
278c57aa,RIDER_008,10,13,0,8,Medium,0.7,100
3e84c50a,RIDER_093,10,9,0,9,High,7.0,100
7a0237d7,RIDER_090,8,21,1,9,High,5.8,100
33be8b3d,RIDER_115,6,13,0,3,Medium,-0.1,90
7e5832db,RIDER_105,5,6,0,4,Low,-2.4,62
72f3929c,RIDER_135,8,6,1,4,Low,7.2,59
8aa1d6d9,RIDER_058,3,11,1,2,Low,4.3,51
d8111c15,RIDER_114,7,19,0,1,High,2.1,91
0df9f834,RIDER_075,2,11,0,7,Medium,-1.2,92
ad49db2b,RIDER_120,3,10,1,6,Medium,4.9,55
d85aee54,RIDER_021,2,23,0,4,Medium,-2.1,87
6fadcc40,RIDER_138,5,15,1,0,Medium,-1.6,66
620de964,RIDER_101,7,13,1,9,Low,3.6,71
21a08b1e,RIDER_099,10,23,1,0,High,6.0,100
40ca566e,RIDER_036,10,8,1,7,Medium,2.6,86
9cb3f0a7,RIDER_096,1,5,0,3,Medium,0.6,51
9a41c317,RIDER_037,10,2,1,3,Medium,5.5,80
916bb9dd,RIDER_012,9,16,1,8,Medium,-2.6,77
aa323923,RIDER_113,1,13,1,1,Low,-1.8,32
fe3c1799,RIDER_013,1,19,1,4,Low,6.3,54
de2a2097,RIDER_023,10,9,0,5,Low,-2.7,100
e075d063,RIDER_099,8,15,0,5,Medium,-5.1,100
22d179c5,RIDER_105,6,6,1,9,Low,-1.9,53
ae364681,RIDER_030,6,8,0,2,Low,6.4,54
2d32b79c,RIDER_017,9,24,1,9,Medium,5.6,100
bddee8e1,RIDER_113,4,14,0,5,High,-3.9,100
1ba4c6ee,RIDER_062,8,5,0,9,Low,-1.3,100
0bea5c6f,RIDER_084,4,17,1,9,Low,-4.0,49
79403a64,RIDER_112,2,22,0,4,Medium,4.5,89
5db67a91,RIDER_086,8,7,1,7,High,-2.9,75
dc71d250,RIDER_141,7,9,1,3,Medium,3.8,67
872ccd3a,RIDER_019,4,16,1,9,Medium,1.2,64
ada3bd05,RIDER_100,9,18,0,9,Low,2.4,100
c093f0bf,RIDER_140,9,13,1,2,High,-4.7,82
cc1259e6,RIDER_147,8,18,0,5,High,5.6,100
0f5ae1e8,RIDER_076,1,10,0,9,Medium,8.2,100
cf737f75,RIDER_009,7,1,1,8,High,7.9,85
62787361,RIDER_028,5,21,1,7,Low,2.3,63
212685b5,RIDER_128,7,18,1,9,Low,-6.2,61
8587f42f,RIDER_052,9,19,1,7,Medium,0.6,86
9e30d766,RIDER_083,2,2,1,2,Low,3.1,26
f1f6fbfb,RIDER_111,4,4,1,0,High,2.5,57
8a11ce6d,RIDER_144,4,11,0,2,Medium,-4.2,52
c1b65bcc,RIDER_117,2,3,1,2,Medium,4.8,42
16a3ba0c,RIDER_069,3,9,1,5,Low,5.1,45
9dc08a10,RIDER_099,8,10,1,2,Medium,5.1,77
1d077081,RIDER_140,9,2,1,1,Low,-0.9,60
22bda8e2,RIDER_025,6,7,0,8,Low,-3.8,100
bd7008b6,RIDER_123,10,15,0,5,Medium,0.0,100
a9d43229,RIDER_053,2,19,1,4,Low,6.7,60
e876fd4e,RIDER_144,2,10,1,2,High,-1.9,53
b77e0e58,RIDER_057,7,24,0,6,Medium,-1.5,100
b093c4ee,RIDER_039,8,20,1,6,Medium,-2.2,83
f1051481,RIDER_109,8,14,1,3,High,0.3,82
092ba83b,RIDER_042,6,4,1,9,Medium,3.7,51
8acf2673,RIDER_142,10,11,1,1,Medium,4.7,88
343db4c4,RIDER_122,8,3,1,1,Medium,-3.0,58
f2dc4dcf,RIDER_133,1,23,1,7,Medium,6.0,70
8c4e6ac6,RIDER_075,9,17,1,3,Medium,6.6,96
65560d48,RIDER_146,1,7,1,6,High,0.9,45
0f9c63a0,RIDER_076,3,11,1,2,High,-3.5,54
034efde0,RIDER_009,9,18,1,8,Medium,7.0,90
eac49843,RIDER_074,5,14,1,9,Medium,3.5,67
a58ff054,RIDER_145,9,14,0,8,High,9.6,100
ac72e3f5,RIDER_007,9,6,1,6,Medium,-3.8,73
e13f3c29,RIDER_141,6,9,1,6,High,3.2,73
185ba8d0,RIDER_137,1,22,1,0,Medium,7.9,67
49a867ae,RIDER_027,10,3,1,9,High,3.9,90
5870d1c9,RIDER_122,7,17,0,7,High,-6.7,100
3891f169,RIDER_005,6,12,1,1,High,-6.4,77
172e42ca,RIDER_029,9,4,1,7,Medium,9.2,78
554e14c1,RIDER_083,7,20,1,10,Medium,-0.5,83
69509d61,RIDER_136,4,16,1,1,Medium,3.9,64
b7f55994,RIDER_109,7,24,1,0,Low,-3.2,73
44ba1763,RIDER_065,2,10,1,10,Medium,-0.3,44
35622e36,RIDER_086,6,7,0,7,High,5.8,100
a8793f9d,RIDER_145,6,10,1,3,Medium,3.1,70
7e63b77e,RIDER_071,2,7,1,10,Low,0.2,34
a3f7b78e,RIDER_045,4,23,1,9,Medium,5.2,79
29eba090,RIDER_132,8,18,0,5,Low,1.8,100
f088b37f,RIDER_036,8,9,0,9,Medium,6.0,100
19f523cc,RIDER_070,8,22,0,10,High,0.3,100
4bac8abd,RIDER_019,8,18,1,9,Medium,3.2,75
c61dbe1d,RIDER_108,1,17,1,0,Low,10.0,54
b35db0b9,RIDER_091,2,11,1,8,Medium,2.6,49
9d1c658c,RIDER_090,4,1,0,10,Low,4.8,100
1c5f9aa2,RIDER_019,9,17,0,6,Low,-5.0,100
71ad31e7,RIDER_039,3,4,0,4,Medium,2.6,75
9493d064,RIDER_126,6,4,1,5,Medium,2.8,59
a5540ca7,RIDER_141,7,14,1,2,Low,-2.8,61
ab8534a6,RIDER_126,8,9,1,8,Medium,0.9,63
e7a1b30b,RIDER_058,7,13,1,1,Low,0.8,64
6ecc66f0,RIDER_148,3,16,1,9,High,-2.4,68
b2f3f7ad,RIDER_061,6,1,1,0,Low,-0.0,42
94d9c5b6,RIDER_127,5,3,1,0,Medium,10.5,71
cd59f856,RIDER_105,10,19,1,9,Low,2.1,90
3a7a6f71,RIDER_001,4,8,0,1,Medium,3.2,54
7580a5b4,RIDER_131,1,18,1,5,Medium,9.5,67
5c8a9a5d,RIDER_092,7,6,1,5,Medium,-8.0,66
f8a70fbe,RIDER_113,8,20,1,8,Medium,10.6,96
9f657ca1,RIDER_056,2,6,1,9,Low,5.0,34
6463b0ad,RIDER_117,7,5,1,3,Low,-2.9,47
5f68a251,RIDER_134,6,12,1,7,High,-3.0,80
3ca69727,RIDER_058,5,9,1,3,Medium,5.2,62
b528a92d,RIDER_044,4,9,0,2,Medium,5.1,56
3707459f,RIDER_061,2,17,0,3,Low,3.7,73
c99622be,RIDER_047,10,19,1,0,Low,-1.8,81
ee4b57df,RIDER_149,6,17,1,8,Medium,2.9,70
b89e4416,RIDER_080,5,22,1,10,High,-0.6,89
664ffa92,RIDER_118,2,16,1,4,Medium,0.9,56
f481b82c,RIDER_147,10,12,0,6,Low,-1.9,100
069e8e6c,RIDER_020,7,3,1,2,Medium,-0.7,55
6cddd76e,RIDER_146,6,14,1,4,High,-6.4,78
685a34fd,RIDER_047,9,17,1,9,Medium,8.0,98
7bde89b8,RIDER_049,10,22,1,3,High,-1.4,100
1451c3db,RIDER_014,5,16,0,6,Medium,7.5,100
c49acf3e,RIDER_143,9,21,1,4,Low,0.2,74
a999801d,RIDER_001,9,12,1,1,Low,-0.4,69
51411c8f,RIDER_117,1,24,0,2,Low,-6.3,43
59d3af23,RIDER_054,5,2,1,7,Medium,9.6,61
a87df87e,RIDER_118,9,8,1,2,Medium,6.2,79
8edecf26,RIDER_003,7,12,1,6,Medium,-1.8,62
16a0dc71,RIDER_144,6,21,0,4,Low,5.7,100
bd8c6dba,RIDER_012,6,16,0,6,High,6.3,100
e8327d9b,RIDER_074,7,8,1,9,Low,2.8,63
23f69cac,RIDER_016,1,16,0,8,Low,2.7,85
14c025b6,RIDER_102,4,10,1,6,Low,1.9,44
6b9629ce,RIDER_117,1,20,1,5,Low,-1.1,40
58c2c7fd,RIDER_008,6,15,1,0,High,0.4,84
886d99bd,RIDER_122,4,4,0,3,Low,-1.9,64
f35b1fbf,RIDER_092,1,15,1,7,Low,6.1,41
8ef25b2a,RIDER_090,9,4,1,0,Medium,8.6,81
015e0ff5,RIDER_136,4,11,0,5,Medium,3.5,97
d9535c93,RIDER_060,6,6,0,1,Low,-0.1,46
03ee242b,RIDER_028,7,4,1,8,Low,0.2,48
fbe17245,RIDER_101,8,9,1,7,Low,3.4,68
2e12703e,RIDER_041,9,9,1,8,High,4.2,86
530d2dfc,RIDER_145,9,3,1,8,Medium,2.6,62
fcb7a4aa,RIDER_141,8,23,0,1,High,-0.9,86
a3f22ef2,RIDER_046,10,5,1,1,Low,6.7,78
ab6f2576,RIDER_035,3,15,0,8,Medium,2.5,100
65cc36b2,RIDER_134,2,9,0,1,Medium,3.8,48
c02739f5,RIDER_082,5,2,1,3,Low,-6.4,43
ac58cfa9,RIDER_115,1,3,1,1,Medium,1.1,24
cfbe8902,RIDER_047,3,21,1,0,Medium,4.8,71
da3548c9,RIDER_010,1,12,1,10,Medium,-2.9,42
3e0d588f,RIDER_056,3,16,1,9,Medium,-5.0,52
68bcd07c,RIDER_030,4,5,1,6,Medium,6.5,58
3ef29cca,RIDER_109,7,10,1,10,High,2.5,89
00141ef8,RIDER_005,5,15,0,4,High,2.8,100
bbfa733b,RIDER_119,5,14,1,2,Medium,3.6,65
596149d6,RIDER_033,1,14,1,7,Medium,3.0,46
ef59a14d,RIDER_118,8,23,1,4,Medium,-9.9,88
81c31245,RIDER_065,4,13,1,0,Low,0.4,51
65175222,RIDER_146,10,16,0,8,Low,1.4,100
63bae071,RIDER_011,5,8,1,4,Medium,2.6,66
05157bc0,RIDER_085,2,8,0,2,Medium,2.1,44
fd3ce964,RIDER_026,1,17,0,5,High,0.3,97
f3ccaf00,RIDER_063,9,17,0,7,High,5.5,100
42123085,RIDER_086,2,3,1,1,High,0.9,57
76605c65,RIDER_059,6,1,0,10,High,2.7,100
2c1b93b9,RIDER_027,1,17,1,2,Medium,8.4,53
e2bd03d1,RIDER_098,1,24,0,6,Medium,-3.8,91
3d9785ef,RIDER_105,9,16,1,1,Medium,-7.1,84
016e442e,RIDER_099,4,17,0,10,Medium,3.4,100
c695e6e4,RIDER_129,9,2,0,10,Medium,4.3,100
7748bac7,RIDER_149,5,14,1,4,Medium,10.7,73
3bd355f5,RIDER_055,7,7,0,8,High,2.1,100
3ea70bd8,RIDER_006,1,19,1,6,Low,1.3,45
beb63d23,RIDER_095,6,1,1,2,Low,-0.1,46
1aed4179,RIDER_133,8,17,1,1,Medium,6.3,94
199fdc03,RIDER_102,1,10,0,9,High,4.0,100
57b4d5c7,RIDER_003,9,6,1,8,Low,5.3,70
66fea6f7,RIDER_023,3,7,1,8,High,3.1,54
9a437c71,RIDER_053,1,6,0,8,High,5.4,100
e708321d,RIDER_083,1,5,0,9,Low,7.6,93
46b219af,RIDER_145,6,2,0,2,High,4.4,77
76a4ab25,RIDER_085,6,18,1,0,Low,-0.2,66
9b65084c,RIDER_078,1,24,1,8,Medium,-1.9,55
4ec31588,RIDER_110,3,17,1,6,Medium,2.6,69
d028420f,RIDER_001,7,24,1,1,High,8.1,100
05f4a439,RIDER_051,10,23,1,5,Medium,2.8,100
121baab5,RIDER_004,3,7,1,10,Medium,-4.6,41
2fcf9c2e,RIDER_113,3,21,0,8,Medium,9.1,100
ba6df09c,RIDER_032,3,19,1,7,Medium,3.8,56
3f5a16d1,RIDER_034,7,7,1,10,Medium,1.6,68
76ebf206,RIDER_092,4,23,1,5,High,1.3,81
c1ef9fca,RIDER_095,4,7,1,5,Low,-7.2,50
3c12cd12,RIDER_072,3,16,1,7,Medium,-1.3,56
17ded38c,RIDER_039,10,12,1,8,Low,-1.4,75
44cda40e,RIDER_118,9,15,0,7,High,4.5,100
14ca4dbc,RIDER_003,2,15,1,0,Low,1.2,43
1cee7886,RIDER_123,4,11,1,1,Low,6.4,53
c5baeb98,RIDER_050,8,2,0,5,High,-6.6,100
7d1b41c7,RIDER_012,6,3,0,7,Medium,11.0,100
8e497a8e,RIDER_054,7,19,0,3,Medium,7.0,100
f42772dd,RIDER_133,7,20,0,3,High,3.7,100
c4474ab3,RIDER_057,2,15,0,1,Medium,0.6,56
5e4688d2,RIDER_145,4,16,1,9,Low,5.2,52
4acd2941,RIDER_112,10,1,1,0,Low,2.4,67
59b256b6,RIDER_047,10,15,1,9,Medium,1.2,83
863c360e,RIDER_085,6,12,1,8,Low,5.0,67
20958a21,RIDER_142,3,7,1,6,Medium,5.5,53
6bd1d8b4,RIDER_066,9,7,1,8,Medium,3.4,77
0ac76769,RIDER_075,4,11,1,1,Medium,0.1,56
e2686303,RIDER_103,10,20,1,9,Low,1.5,89
6255b3c2,RIDER_038,2,11,1,4,Medium,-3.4,44
0ea4a370,RIDER_050,6,17,0,1,Low,-3.6,63
d65e773e,RIDER_098,1,3,0,9,Medium,-0.4,92
4c9aa391,RIDER_082,6,16,1,6,Medium,5.9,84
46e5a53b,RIDER_030,10,5,0,8,Low,2.5,100
bcba2151,RIDER_079,1,2,1,2,High,5.8,49
3ca9e666,RIDER_091,8,23,1,0,Medium,7.2,100
0dec4338,RIDER_052,5,7,1,3,Low,3.4,56
dfc8aa26,RIDER_079,6,10,1,3,High,-2.1,77
98bcb041,RIDER_030,2,5,1,10,Medium,5.3,47
87fb62fe,RIDER_106,2,15,1,5,Medium,-2.5,49
c515a3de,RIDER_051,9,12,1,4,Low,-0.1,63
fe49dae7,RIDER_081,3,10,1,4,Medium,7.4,64
87213942,RIDER_133,6,22,1,8,Medium,2.0,67
9998a1cf,RIDER_029,10,17,1,10,Low,3.8,86
dba93bea,RIDER_132,5,20,1,0,Medium,-6.2,68
aca85445,RIDER_138,4,20,0,7,Medium,0.7,100
253ccb7d,RIDER_145,10,11,1,7,Low,3.1,76
19273630,RIDER_074,2,8,1,10,High,2.4,57
54039331,RIDER_017,8,15,0,7,Low,5.2,100
c40c548d,RIDER_084,10,2,0,2,Low,-0.5,62
85fdd2f2,RIDER_069,7,17,1,9,High,6.6,93
aa05e263,RIDER_034,2,23,0,7,Low,0.2,97
1010b75d,RIDER_006,6,6,1,1,High,2.1,69
ab5a0f2a,RIDER_053,8,21,1,7,Medium,-2.0,91
18f87172,RIDER_126,7,13,1,7,Medium,4.2,70
c8567bb3,RIDER_043,1,8,1,2,Medium,-1.0,33
29e29d2c,RIDER_115,5,11,1,3,Low,3.1,53
1bf6a793,RIDER_111,2,15,0,8,Medium,5.3,100
8ce3045f,RIDER_080,6,13,1,8,High,5.7,89
12867b5e,RIDER_095,7,18,0,9,Low,12.5,100
fcda43fd,RIDER_118,7,18,1,8,Medium,2.0,76
82bfdc52,RIDER_144,3,17,1,9,Medium,0.8,56
39d1df71,RIDER_008,7,22,1,5,Low,-0.5,75
997da105,RIDER_132,5,13,1,0,Medium,4.5,59
1881de8c,RIDER_104,8,3,1,7,Medium,1.5,60
b3d6a126,RIDER_132,8,21,0,8,Low,-1.4,100
c9d1982d,RIDER_025,7,24,0,7,Medium,-1.5,100
572d385b,RIDER_096,6,7,1,0,Medium,7.0,68
354cd4ab,RIDER_093,2,12,0,5,Low,5.5,80
bb270008,RIDER_061,6,4,0,8,High,7.3,100
4a8408b1,RIDER_122,9,24,1,8,Low,-3.7,87
0ad0aa2a,RIDER_051,2,11,1,6,Medium,0.6,44
b314d080,RIDER_147,1,14,1,6,Medium,-1.7,41
0af6839d,RIDER_021,5,18,1,3,Medium,2.5,65
0d94528c,RIDER_005,6,7,1,6,Low,-1.2,49
e3e358ca,RIDER_092,3,5,1,9,High,7.6,65
fba63e8c,RIDER_061,8,16,0,4,High,0.6,100
6883ec49,RIDER_022,7,11,1,10,Medium,9.4,75
89b5a824,RIDER_149,2,22,0,9,Low,5.4,100
972a0b16,RIDER_070,7,3,1,4,High,5.6,78
b79c3bef,RIDER_001,1,16,1,0,High,8.9,74
af2d2133,RIDER_133,9,11,0,1,Medium,2.3,79
ee2138b0,RIDER_012,7,10,1,8,Medium,5.4,70
4159791e,RIDER_090,6,23,1,1,Low,3.3,74
09a594b6,RIDER_046,2,23,1,9,Low,-1.2,59
9a45e6b8,RIDER_034,3,2,1,10,Low,-0.5,28
640be595,RIDER_078,1,16,1,1,Low,1.2,39
f8e6ad9b,RIDER_045,10,17,1,8,High,3.8,100
f15db266,RIDER_073,5,10,0,2,Medium,5.0,64
a5b2ef19,RIDER_026,9,18,1,1,Low,4.2,79
37cd5599,RIDER_047,6,12,1,6,Medium,4.3,69
7f58ba2a,RIDER_121,5,8,1,8,Low,0.9,52
e18bbb01,RIDER_056,3,3,1,10,Medium,-6.9,42
dca0c220,RIDER_094,5,20,1,5,Medium,5.1,76
79205677,RIDER_107,8,24,1,6,Low,-1.2,79
ecd6ce81,RIDER_063,2,3,1,2,Low,10.6,46
0d6d7f8d,RIDER_048,5,6,0,10,Medium,3.4,100
d63fedc5,RIDER_061,6,2,1,2,Medium,7.5,61
90e8dfac,RIDER_081,10,3,0,7,Medium,-2.4,100
c5ff757d,RIDER_026,8,17,1,6,High,6.5,100
8bf92f23,RIDER_036,8,9,1,4,Medium,4.9,76
f6216d70,RIDER_001,5,4,0,5,Medium,3.5,80
0ab5b371,RIDER_008,9,22,0,8,High,-2.2,100
ad67cd26,RIDER_113,4,23,1,2,Low,-0.8,53
53bf0bb9,RIDER_099,9,2,0,2,Low,4.6,60
852dec49,RIDER_047,7,24,0,10,High,-0.8,100
295953fa,RIDER_127,6,9,0,5,High,-1.3,100
de1fdad9,RIDER_056,4,14,1,10,Low,-0.0,43
36d960a3,RIDER_014,2,11,0,7,High,4.0,100
7d45d0a4,RIDER_028,8,2,0,4,Low,7.7,93
337e86b9,RIDER_078,6,21,1,0,High,3.7,93
5097727b,RIDER_130,3,2,0,2,Low,6.9,42
4563f530,RIDER_109,7,5,0,7,Low,1.4,99
3a850633,RIDER_014,10,7,1,3,Medium,10.2,96
bb704541,RIDER_056,7,22,1,8,High,7.3,100
28cf5d7f,RIDER_115,6,4,1,5,Medium,5.6,58
c7779b24,RIDER_007,2,14,1,9,High,3.8,63
96b8f4a0,RIDER_003,8,2,1,3,Medium,3.6,67
860bf5be,RIDER_111,1,23,1,3,Medium,-4.0,55
6372b441,RIDER_107,1,12,1,9,Low,-4.2,37
02753c2b,RIDER_018,6,10,0,4,Low,4.6,91
f9df51e0,RIDER_038,5,1,0,6,Medium,2.3,93
f00857b5,RIDER_115,9,19,1,6,Medium,4.2,92
64bbe565,RIDER_015,7,23,0,9,High,-2.5,100
8a7ad46f,RIDER_119,2,16,1,6,Low,8.1,60
2b6222eb,RIDER_028,7,15,0,4,Medium,1.2,100
31138216,RIDER_039,3,14,0,8,High,3.5,100
6fb1e55d,RIDER_017,1,9,1,1,Medium,-0.0,34
180441c1,RIDER_086,8,21,1,7,Medium,3.3,87
1ca0cfe7,RIDER_126,3,23,1,9,Medium,11.5,79
44b11a70,RIDER_044,8,15,0,7,High,6.6,100
259a75b2,RIDER_025,7,7,0,2,Low,-0.3,53
b0e4d198,RIDER_145,2,4,1,4,Medium,-2.0,38
238443fc,RIDER_013,1,21,1,7,Low,3.4,50
8a04b961,RIDER_025,7,18,1,9,High,0.7,87
cefb289c,RIDER_068,1,8,1,8,Low,-0.7,31
022721d9,RIDER_138,6,12,0,6,Medium,10.0,100
3634148d,RIDER_067,10,15,1,3,Medium,-5.9,87
c59a3398,RIDER_109,10,15,0,3,Medium,4.8,100
d3e7459b,RIDER_146,8,17,0,2,Medium,9.8,95
211e5534,RIDER_111,7,2,0,10,Low,-2.6,100
8e962d1f,RIDER_111,4,12,1,7,Low,0.3,46
6aadfc14,RIDER_034,1,3,1,5,High,0.7,46
f585208f,RIDER_111,1,7,1,9,Medium,8.4,52
f4a8f9d7,RIDER_008,4,6,0,5,High,1.9,92
e0916e87,RIDER_113,5,14,1,9,Medium,10.2,86
59e0eb03,RIDER_083,7,23,1,9,Low,5.4,77
4e60fb3e,RIDER_042,4,5,0,8,Low,0.6,91
81217211,RIDER_101,10,4,1,10,Low,-2.5,67
82d52d60,RIDER_006,1,15,1,2,Medium,-2.0,46
64d8b9cf,RIDER_026,10,7,1,3,Medium,4.7,79
e5b986a1,RIDER_064,7,3,1,2,Medium,12.3,77
de276d69,RIDER_059,2,13,1,2,High,0.1,65
a13759d2,RIDER_109,2,10,1,0,Medium,-0.6,43
7d16ad7d,RIDER_121,8,23,0,9,High,4.6,100
5b80e922,RIDER_033,10,2,0,5,Low,1.2,91
d86d598f,RIDER_150,10,12,1,8,High,0.1,98
49d795e5,RIDER_021,10,24,0,4,High,8.2,100
8b1861cb,RIDER_070,5,22,1,9,Medium,8.1,83
355ac2e6,RIDER_112,10,12,1,1,Medium,3.1,88
16929b27,RIDER_004,2,19,0,9,High,-0.6,100
73bb723e,RIDER_094,5,19,0,3,Medium,3.6,97
da71366a,RIDER_075,8,21,1,5,Low,6.1,92
c8d0fb8c,RIDER_062,6,3,1,6,High,7.4,75
e415d026,RIDER_094,3,6,0,6,Medium,6.5,91
f9d6ad28,RIDER_095,8,2,1,3,Medium,-8.4,64
623a4c44,RIDER_055,9,24,0,9,Low,4.0,100
b6bd2153,RIDER_137,5,13,1,9,Low,5.1,65
f0557433,RIDER_131,2,9,0,4,Medium,5.7,79
627c83c6,RIDER_031,2,13,1,3,Medium,3.4,57
08af8e5b,RIDER_040,7,23,1,9,High,2.2,92
5c37dc39,RIDER_036,1,14,1,5,Medium,0.8,46
7b2d21f1,RIDER_006,10,19,1,10,High,-1.2,100
a5ed6255,RIDER_066,2,11,0,6,Low,-0.5,79
4530f8b8,RIDER_075,10,14,1,1,Low,7.5,87
e30c20b0,RIDER_004,4,16,0,9,Medium,4.9,100
a714461e,RIDER_079,1,10,1,2,Low,5.3,33
1a4b193c,RIDER_134,4,20,1,10,Medium,-0.3,62
22b0e980,RIDER_118,10,16,1,7,Medium,4.1,90
db6b0c3e,RIDER_113,5,2,1,6,Medium,9.4,60
5e0b7913,RIDER_094,9,16,1,0,Low,2.6,77
85be70bd,RIDER_062,1,14,1,3,Low,5.2,38
af27a829,RIDER_079,5,21,0,4,Low,-0.0,84
67a2392b,RIDER_136,2,18,0,2,Medium,0.4,52
8eb4e652,RIDER_026,9,6,0,3,Low,3.1,88
06d27979,RIDER_044,6,7,1,9,High,-0.8,67
8d4807b6,RIDER_133,2,13,1,9,Medium,-1.0,49
1a96aba1,RIDER_070,3,2,1,9,High,1.3,59
53a6a10d,RIDER_118,8,15,1,6,Medium,2.8,81
71a38ca6,RIDER_068,1,17,1,7,High,-0.4,66
b22388f3,RIDER_019,3,13,1,8,Medium,2.7,60
17f40ae4,RIDER_020,10,7,1,1,Medium,-2.5,78
65ec5c66,RIDER_113,1,1,0,3,Low,2.7,42
16efd1fb,RIDER_140,8,3,1,0,High,-5.6,73
fdbbc013,RIDER_047,1,20,0,2,Medium,6.3,64
768d5cf5,RIDER_001,5,18,1,7,Low,-4.2,59
f418e0e3,RIDER_090,4,7,1,6,Low,8.2,61
65126238,RIDER_142,7,21,1,7,Low,3.7,75
f2e54b52,RIDER_064,5,17,1,10,Medium,4.4,72
23e15ee3,RIDER_038,8,12,1,5,Medium,0.2,81
748f3faf,RIDER_037,1,16,1,4,Medium,4.2,48
26404a32,RIDER_126,5,24,1,9,Medium,2.8,86
e01a57ef,RIDER_139,4,10,0,8,Medium,-2.6,96
8462f5bc,RIDER_100,3,23,0,4,Low,5.1,86
39d7ea91,RIDER_077,5,16,1,8,Low,-1.3,52
75b4418c,RIDER_003,10,20,1,3,Medium,11.4,100
bc2e44e2,RIDER_134,3,18,0,4,Low,-1.1,73
9cb34007,RIDER_010,8,15,1,0,Medium,-4.5,75
077f8b0e,RIDER_005,3,23,1,5,Low,8.8,70
ce275312,RIDER_138,1,11,1,2,Medium,5.1,40
dec32318,RIDER_130,9,18,1,10,Medium,3.8,97
8073b134,RIDER_013,9,6,1,9,Low,-0.2,60
80150613,RIDER_130,6,1,0,1,Medium,2.3,55
82bd7554,RIDER_084,10,23,1,5,Medium,1.4,95
d85ff5f1,RIDER_065,1,7,1,0,Medium,5.6,44
a014c54b,RIDER_063,8,12,1,8,High,-0.4,86
37ba4a35,RIDER_101,2,20,0,4,Low,-0.0,76
b2109cbe,RIDER_073,9,4,1,6,Medium,4.9,68
248a7066,RIDER_017,8,10,1,10,Low,7.3,81
e612dac4,RIDER_009,3,21,1,9,Medium,0.5,52
0b079cc8,RIDER_143,5,2,1,8,Low,4.6,47
d823b147,RIDER_038,9,9,1,8,Medium,6.2,84
6c3c1dc1,RIDER_094,1,10,1,6,Low,-1.7,28
b331676b,RIDER_095,9,20,0,3,Medium,0.9,100
3ffedeff,RIDER_049,4,11,0,3,Medium,-4.9,74
19cf9843,RIDER_069,4,14,1,6,Medium,10.2,69
6bad87b0,RIDER_062,4,3,1,7,Medium,3.0,38
67648e9a,RIDER_078,10,1,1,6,Medium,5.6,75
161a02d6,RIDER_117,9,7,0,10,Low,0.4,100
42c0b448,RIDER_120,6,4,1,9,Low,0.0,42
04bf859a,RIDER_137,8,7,0,3,High,1.6,99
c5eb70cf,RIDER_076,4,16,0,3,Medium,1.3,79
8f43c9e8,RIDER_035,3,10,0,7,Medium,11.5,100
efd275c9,RIDER_001,1,15,0,8,Low,3.6,88
f4b2df6d,RIDER_040,10,16,0,6,Low,4.7,100
3c265005,RIDER_064,7,6,1,2,High,2.1,78
9627a623,RIDER_150,4,4,1,9,Medium,2.3,47
87028cb6,RIDER_060,8,4,1,0,Medium,4.7,66
d304a68b,RIDER_064,3,24,1,4,High,1.9,77
697f6f00,RIDER_093,1,23,1,5,Medium,7.6,68
04a40df5,RIDER_072,5,4,1,10,Medium,-1.3,51
8efc73b0,RIDER_011,2,22,0,8,Medium,6.9,100
a471485a,RIDER_105,3,22,1,4,Medium,6.7,74
5e1e1563,RIDER_014,6,17,1,0,Low,10.3,86
55b6fd93,RIDER_060,3,13,1,10,Medium,-5.0,56
08ec2edc,RIDER_030,3,2,1,10,Low,6.3,35
8036710a,RIDER_035,6,20,1,3,Medium,-0.7,80
438f148b,RIDER_005,5,6,0,1,Low,5.6,52
aaf4acf3,RIDER_083,10,22,1,3,Low,5.6,97
164b202c,RIDER_123,9,1,1,6,High,-1.4,75
abcc3037,RIDER_078,1,8,1,8,Medium,4.9,37
08af86d9,RIDER_062,3,18,0,2,Low,0.6,51
8d613c79,RIDER_132,3,21,1,2,High,-0.8,79
a29d7716,RIDER_089,6,4,0,10,Medium,-5.5,100
87253bd9,RIDER_042,8,5,1,3,Low,7.6,66
18e977fd,RIDER_089,3,5,1,6,Medium,1.6,53
8d0b0c13,RIDER_146,3,15,0,5,Medium,-2.2,92
2d3b3108,RIDER_040,6,10,1,4,Medium,3.3,70
570e3988,RIDER_072,8,8,0,3,High,2.4,100
76c38614,RIDER_039,6,7,1,7,Low,-1.7,51
936832f0,RIDER_104,10,12,0,3,Low,-1.6,90
fc781927,RIDER_014,3,11,1,2,Low,6.4,49
38c11aa8,RIDER_032,4,13,0,6,Low,2.8,97
e8982bf2,RIDER_125,1,15,1,1,Medium,-0.6,44
edfdbe42,RIDER_097,8,17,1,3,High,0.5,85
19fbcfd5,RIDER_023,4,22,0,7,Medium,0.5,100
35a1b6ec,RIDER_063,6,22,0,3,Low,-4.7,80
cb602362,RIDER_143,3,18,1,9,High,5.8,75
35d67416,RIDER_145,6,8,1,6,Medium,0.5,53
39a1bccb,RIDER_053,9,6,1,1,Medium,1.4,72
5acc5b2f,RIDER_104,9,11,1,10,Low,4.2,75
55c1467e,RIDER_104,10,9,1,4,Low,7.0,87
bbb14485,RIDER_039,3,5,1,3,Low,2.8,41
ea6a6a46,RIDER_134,3,7,1,8,Low,-2.4,34
246a8e61,RIDER_067,4,22,1,6,Medium,1.0,65
8a3c5362,RIDER_135,7,15,1,8,Low,1.7,68
7b1b02c5,RIDER_042,3,21,0,10,Low,-5.3,100
637e490b,RIDER_015,10,22,1,9,Medium,3.9,100
27b851d2,RIDER_111,8,4,0,6,Medium,4.6,100
28f549b3,RIDER_033,8,19,1,1,Medium,2.4,80
af5f3543,RIDER_038,6,13,1,1,Low,-1.3,54
0120d21c,RIDER_097,4,1,1,1,Low,2.8,36
7a9cefa9,RIDER_033,5,1,1,4,Medium,6.1,55
6c2916ae,RIDER_086,2,22,1,0,Medium,1.1,61
5e43aa1c,RIDER_066,6,14,1,6,Medium,5.2,73
b34c18fc,RIDER_010,3,9,1,1,Low,3.7,46
42d7d3f6,RIDER_005,6,24,0,3,Low,-5.6,88
d2fa9105,RIDER_123,5,12,0,8,High,-0.1,100
a2aebcb8,RIDER_074,2,18,1,7,High,4.1,74
ec1e8b8a,RIDER_097,5,9,1,9,Medium,2.5,64
e677e751,RIDER_118,5,8,1,1,High,5.8,77
5ad70ac1,RIDER_038,9,14,1,3,Medium,2.9,89
d39a2372,RIDER_141,8,9,1,3,High,4.6,80
3cb32221,RIDER_047,7,20,1,1,Medium,0.7,79
36b10e08,RIDER_109,3,2,0,1,Medium,3.3,49
9df88d19,RIDER_015,10,1,1,4,Medium,-2.1,73
4e2a0bdd,RIDER_136,4,13,1,10,Low,5.5,59
d2db7ccb,RIDER_005,6,10,0,3,Low,3.1,75
6b3cc064,RIDER_047,3,8,1,7,Medium,-2.9,48
6752e149,RIDER_068,9,7,1,3,Low,1.1,67
fe1ab84a,RIDER_076,8,24,0,7,Medium,12.0,100
f106719f,RIDER_130,6,12,1,4,Medium,1.2,70
e405ea1f,RIDER_095,4,17,1,0,Low,0.8,53
44230767,RIDER_115,7,12,1,8,Medium,-1.0,64
e0feae5c,RIDER_036,3,16,1,7,Low,-2.3,42
747be70d,RIDER_026,10,10,1,0,Low,-1.9,69
da0b67d9,RIDER_043,8,12,1,2,Medium,10.1,89
a6a98b4e,RIDER_027,1,11,1,2,Medium,3.5,44
152a2622,RIDER_069,3,14,1,4,Low,-3.7,41
38dfcb9b,RIDER_148,5,22,0,6,Low,2.1,100
54ade4da,RIDER_011,5,20,1,0,Medium,6.1,79
45194ac4,RIDER_074,10,13,1,0,Low,3.7,84
dd8fea71,RIDER_104,2,2,0,9,High,-3.5,100
8468a1d3,RIDER_038,10,20,0,5,High,4.6,100
fd5dd1fb,RIDER_134,8,7,1,4,Low,2.1,58
1b004148,RIDER_023,5,1,1,2,High,2.9,60
ce49b13f,RIDER_047,7,3,1,2,Medium,9.4,74
ec949d75,RIDER_090,7,20,1,3,Medium,1.9,80
f3310b7c,RIDER_046,5,12,0,10,Low,-0.8,100
0f9310ec,RIDER_107,8,5,1,9,Low,-4.9,51
f0c84fa4,RIDER_140,9,12,1,1,High,-0.8,91
96bf9952,RIDER_141,4,3,1,8,Medium,-1.0,47
01d9470c,RIDER_104,4,20,0,3,Medium,-5.6,77
fabf943d,RIDER_111,8,5,1,9,Low,4.7,58
d7fbb8f0,RIDER_104,1,1,1,2,High,4.0,44
32dc6551,RIDER_060,4,16,0,9,Medium,1.9,100
a46a1018,RIDER_100,6,9,1,10,Medium,-2.0,60
941c4b47,RIDER_068,4,10,1,6,Low,3.0,52
81a6572d,RIDER_133,6,10,1,8,High,4.5,78
bae72666,RIDER_120,5,13,1,1,Medium,9.1,77
af4e2abf,RIDER_037,9,16,1,5,Low,3.4,75
33bc72da,RIDER_072,10,20,1,4,Medium,3.8,94
9072d15f,RIDER_127,9,4,1,0,Medium,2.7,69
6c455f54,RIDER_106,4,14,1,10,Medium,1.2,58
18cad909,RIDER_092,4,17,1,6,Medium,5.1,62
8e46c560,RIDER_031,8,5,1,0,Medium,1.8,61
375115a3,RIDER_122,10,13,1,9,Medium,1.4,79
0a78dd87,RIDER_137,4,3,1,8,Medium,0.5,46
1851c66a,RIDER_051,2,5,0,3,Medium,0.8,60
2b16ec82,RIDER_029,2,16,1,7,Medium,3.3,43
3eab0335,RIDER_040,1,19,1,0,Low,4.5,55
f933f526,RIDER_041,5,19,0,4,High,-0.9,98
31b08f8b,RIDER_011,6,17,1,2,Medium,2.8,78
63c01ad2,RIDER_001,9,18,0,3,Medium,-1.6,100
c6f78bec,RIDER_046,5,18,0,3,Low,4.5,89
71e6b391,RIDER_101,6,23,0,7,Medium,7.9,100
c22cd607,RIDER_149,6,8,0,9,Medium,4.2,100
1e960d38,RIDER_090,3,18,1,9,Low,0.7,50
00c1db75,RIDER_110,4,9,0,2,High,6.1,80
a6f2d694,RIDER_057,1,19,1,0,Low,-2.9,41
57ddc803,RIDER_001,4,10,1,4,Medium,3.2,63
67102e3c,RIDER_063,1,2,0,1,Medium,13.3,45
bebc58e9,RIDER_055,5,17,1,10,High,-1.5,75
f795a5d1,RIDER_115,8,24,0,5,Low,0.7,100
fae37cdb,RIDER_143,8,13,1,3,Medium,1.1,76
8cd5bd71,RIDER_149,5,11,1,8,Medium,-2.5,58
fa7a7cf0,RIDER_053,10,16,1,6,Low,-1.0,76
88525926,RIDER_137,2,20,1,1,High,2.1,62
ebd327f3,RIDER_057,6,7,1,6,Medium,8.4,65
e44f64cb,RIDER_117,1,3,1,9,Medium,3.9,39
a4fdacf8,RIDER_035,7,16,1,7,High,6.5,98
08c3cb57,RIDER_063,4,19,0,2,Medium,5.3,70
449a2831,RIDER_025,5,20,1,2,Medium,3.4,71
ba00a528,RIDER_090,6,16,0,10,Medium,-5.2,100
7a309841,RIDER_075,1,2,1,1,Medium,8.5,48
d509e428,RIDER_038,9,14,1,0,Medium,6.1,91
7612d56a,RIDER_130,10,20,1,2,Medium,3.1,91
88fa998a,RIDER_135,4,10,0,9,Medium,-3.1,100
41ef84da,RIDER_091,8,19,1,10,Medium,-3.8,82
91d16219,RIDER_017,5,24,1,6,High,-2.8,90
5ce6147c,RIDER_128,8,11,0,10,Medium,-0.8,100
8e415c4b,RIDER_108,1,18,1,8,Low,3.5,45
3e28b5b0,RIDER_025,8,11,0,8,Medium,1.0,100
8791816a,RIDER_088,4,9,1,5,Medium,2.4,59
6a55c792,RIDER_029,2,19,1,5,Low,4.2,53
7f639cba,RIDER_063,6,20,1,10,High,7.2,92
58876784,RIDER_150,2,10,1,4,Low,-0.5,38
b245ccf5,RIDER_114,5,3,0,1,Medium,-4.7,51
efd33e99,RIDER_049,2,3,0,6,High,-1.2,87
2d326626,RIDER_081,3,24,1,0,Medium,4.4,73
4b6b888f,RIDER_084,6,8,0,5,Medium,5.3,98
35d346d7,RIDER_105,1,6,1,3,High,5.4,55
0a3f0a55,RIDER_148,6,20,1,2,Medium,-0.8,77
8b5d8041,RIDER_118,3,1,1,10,High,3.3,56
a1ef8313,RIDER_086,7,20,1,0,Medium,8.1,94
b53397cc,RIDER_063,2,24,1,5,Medium,5.0,72
b98c8d68,RIDER_104,6,6,1,6,Medium,-5.0,64
f3ec36a7,RIDER_049,8,2,1,10,Low,1.8,60
d2cc31bf,RIDER_071,1,19,1,0,High,0.7,61
d12ee8da,RIDER_001,9,7,0,10,High,-4.0,100
cf4a53b6,RIDER_141,5,11,1,0,Medium,7.9,63
3dcbd7b0,RIDER_123,5,11,1,6,Low,-3.5,47
884c280f,RIDER_062,5,4,1,10,Low,1.6,46
ea522d80,RIDER_032,6,20,0,5,Low,7.2,100
af437d5f,RIDER_029,2,16,1,6,Medium,-1.5,47
6f75eeae,RIDER_049,6,5,1,7,Medium,1.9,62
94372ac4,RIDER_030,4,24,0,7,High,4.0,100
d242680a,RIDER_144,8,7,1,8,High,-1.2,83
56aeba91,RIDER_019,9,16,1,8,Medium,-0.3,87
a7beb40b,RIDER_018,9,15,1,6,Medium,3.2,87
539ca207,RIDER_001,8,5,1,8,Medium,4.5,70
b325d304,RIDER_078,3,1,0,5,Low,5.1,71
32ddae4f,RIDER_115,10,20,1,8,High,-1.9,100
a4984e23,RIDER_113,4,22,1,10,Low,-4.5,64
022c0008,RIDER_114,1,22,1,1,High,5.4,72
3a068feb,RIDER_063,9,9,1,10,Medium,7.0,90
0fc3835c,RIDER_132,5,21,1,1,Medium,12.4,88
a1f1d098,RIDER_129,6,5,1,5,High,14.5,100
5ac50816,RIDER_008,3,22,1,2,Medium,9.0,74
b88f77b2,RIDER_055,10,6,1,1,High,-2.1,83
9cb09253,RIDER_103,8,3,1,7,Medium,1.2,67
3c231af3,RIDER_131,7,6,1,6,High,4.6,83
d4428683,RIDER_032,1,8,0,7,Medium,3.9,83
43bfb453,RIDER_010,10,6,1,5,Medium,1.3,76
e4f421cf,RIDER_110,5,16,0,8,Medium,7.3,100
692cc819,RIDER_124,10,16,1,8,Medium,0.0,87
8464dc06,RIDER_087,9,21,0,1,High,2.9,100
3eb65c23,RIDER_055,6,3,1,9,High,2.3,70
b33d5f5f,RIDER_032,8,17,1,4,Medium,3.9,88
2b9b319e,RIDER_135,10,21,1,8,High,4.2,100
b6ac9592,RIDER_093,1,6,1,2,Medium,-1.4,38
43689e5a,RIDER_008,10,6,0,4,Low,-9.2,97
1d228322,RIDER_065,7,22,1,7,Medium,0.1,81
45996155,RIDER_057,3,19,1,1,Medium,3.0,63
99dc461c,RIDER_067,9,20,0,5,Low,4.0,100
25242f4f,RIDER_072,6,15,1,10,Medium,-0.5,66
13980c7f,RIDER_054,5,19,1,3,Medium,3.2,74
dedb47e0,RIDER_067,8,2,1,5,Low,3.1,60
945d12f5,RIDER_051,8,8,1,2,Medium,-0.7,73
43e87be5,RIDER_097,3,7,0,5,Low,1.3,64
f9ebe6ac,RIDER_092,2,8,1,6,Medium,-2.8,32
0304e89b,RIDER_008,2,13,1,9,High,-5.8,59
a846b238,RIDER_035,5,22,1,2,Low,6.9,74
96846350,RIDER_096,10,15,1,4,Medium,2.8,82
d092183e,RIDER_088,7,12,1,7,Medium,0.6,70
41a0c576,RIDER_078,8,15,1,1,High,3.5,89
19cf2f57,RIDER_032,10,14,1,6,Medium,3.9,91
21ba07c9,RIDER_120,8,7,1,0,Low,10.1,66
e0af6839,RIDER_046,8,17,1,6,High,7.4,100
b8a53110,RIDER_144,10,5,1,0,Medium,3.4,80
fa8c01dc,RIDER_142,3,20,1,3,Medium,10.6,78
f212e86c,RIDER_055,2,10,0,3,Low,1.6,58
4860a8a6,RIDER_007,4,19,1,4,High,6.9,81
53964d8e,RIDER_074,1,18,0,1,Medium,-0.1,50
5b8ec63d,RIDER_007,3,24,0,10,High,2.2,100
06fdf344,RIDER_085,9,10,0,5,Low,4.7,100
95c83de6,RIDER_147,7,2,1,5,Medium,2.9,67
27ff8d2b,RIDER_112,7,6,1,7,Low,3.2,57
47ff582d,RIDER_125,1,3,1,9,Medium,3.0,43
0afa8c0a,RIDER_147,7,19,1,0,High,7.2,100
05689967,RIDER_036,10,5,0,3,Low,2.4,88
e545b5e8,RIDER_029,7,7,0,1,Low,-0.4,62
5c69cc16,RIDER_082,4,7,1,10,Medium,1.8,52
dfcf9c59,RIDER_002,7,10,1,7,Low,7.2,65
d20da5be,RIDER_129,8,1,1,3,Medium,5.4,65
277ee1b8,RIDER_047,3,11,1,7,Medium,1.6,52
023ae80c,RIDER_148,10,23,1,1,High,-1.1,100
4f227516,RIDER_011,2,7,1,3,Low,-0.2,30
b91fe66e,RIDER_130,7,6,0,8,High,1.9,100
18eb8ba6,RIDER_119,5,6,1,4,Medium,1.7,57
372e1255,RIDER_140,5,13,0,5,Low,-0.9,93
7cca7683,RIDER_020,5,16,0,9,Low,5.8,100
b3deceac,RIDER_005,7,13,1,8,High,-0.3,78
19f51a07,RIDER_037,9,2,1,8,Medium,-1.6,65
f3d55748,RIDER_137,8,19,1,6,Medium,1.2,79
3cd75f01,RIDER_053,6,19,1,10,Low,3.9,83
1609e3ab,RIDER_099,7,19,1,1,Low,-1.7,73
37d5e5ca,RIDER_086,9,18,1,6,Medium,2.2,94
14e4f9b3,RIDER_108,6,6,0,8,Medium,0.3,100
30c6542e,RIDER_024,1,2,1,1,Medium,0.7,26
4c5b6fc6,RIDER_081,4,19,0,6,High,2.0,100
0ae31350,RIDER_120,8,6,0,6,Medium,4.4,100
4e1a6db6,RIDER_059,7,20,1,2,Low,2.0,77
3d42221c,RIDER_128,3,23,1,5,Medium,12.5,84
2a07c170,RIDER_114,10,22,0,7,Medium,4.8,100
afa8ce1d,RIDER_115,3,15,1,9,High,3.6,80
3745903a,RIDER_014,3,6,1,7,Medium,0.8,48
f79795a6,RIDER_009,1,3,0,2,Medium,-0.0,29
855b1635,RIDER_040,10,11,1,5,Medium,6.0,90
dea32368,RIDER_025,1,8,0,1,Low,-4.3,31
220bee59,RIDER_103,6,22,1,1,Medium,6.5,84
d7e44279,RIDER_022,1,18,1,7,Medium,6.7,59
64599f42,RIDER_004,5,17,0,10,Medium,1.5,100
16bd85d9,RIDER_029,4,19,0,9,Medium,6.6,100
4d5d4114,RIDER_109,5,19,1,4,High,0.9,84
a78788e2,RIDER_098,7,24,0,4,Low,1.6,100
7af64f6a,RIDER_037,6,21,0,10,Low,4.0,100
f16420ca,RIDER_075,9,17,1,3,Medium,0.5,88
3004f60d,RIDER_070,6,4,1,10,Medium,4.9,64
59e7e7dd,RIDER_146,9,7,1,9,Medium,0.1,71
19f50aed,RIDER_128,4,5,1,3,Medium,3.1,49
81fda9f6,RIDER_085,1,16,1,7,Medium,12.6,69
198b9b85,RIDER_042,1,6,1,2,Low,3.9,32
eea39f96,RIDER_100,10,14,1,10,Low,6.3,85
598ff93b,RIDER_041,7,20,0,2,Medium,5.6,84
c4611d83,RIDER_034,3,2,0,7,Low,-5.9,71
1212e0f0,RIDER_017,2,18,1,2,Low,1.6,52
d6a879b0,RIDER_122,6,18,0,1,Low,7.5,71
3cb368af,RIDER_076,6,13,1,10,Medium,-2.7,60
fd22dc14,RIDER_087,7,18,1,4,High,1.3,89
a20995d6,RIDER_117,5,17,1,10,High,10.5,94
85411188,RIDER_106,8,13,0,2,High,-2.5,92
9b21cddb,RIDER_086,7,12,0,5,Low,6.6,100
ec595733,RIDER_027,2,3,0,10,High,-1.5,100
d80ec49d,RIDER_057,1,22,0,6,Medium,4.3,95
335d4f29,RIDER_031,9,7,1,2,High,4.9,97
fd454ed7,RIDER_134,5,1,0,8,High,5.2,100
86c58dfe,RIDER_098,5,5,1,9,Medium,-1.8,47
7e9dbf30,RIDER_012,10,21,1,0,Low,6.7,89
f7793f75,RIDER_053,4,1,0,6,Medium,-0.8,83
10ea7ee1,RIDER_138,2,4,0,3,Medium,-4.3,52
abd99963,RIDER_145,5,1,1,6,Low,-1.9,38
cf6b5fcd,RIDER_122,2,13,1,8,Low,-1.3,38
0c272410,RIDER_046,7,14,1,8,Medium,5.0,85
f643a1db,RIDER_064,9,15,1,0,Low,6.1,78
e424f61f,RIDER_130,9,17,1,9,High,2.6,100
b53d20b4,RIDER_054,6,12,1,3,Low,-1.8,65
1f00d2c5,RIDER_107,1,7,1,6,Medium,-0.1,31
f808223c,RIDER_051,6,23,0,9,Low,1.7,100
0474e715,RIDER_036,5,19,0,5,High,-2.9,100
ef765ee0,RIDER_115,4,23,1,8,Medium,-2.4,68
96953502,RIDER_026,6,3,0,6,Low,2.0,93
0783dcc0,RIDER_029,6,18,1,2,Medium,1.2,68
0f34788a,RIDER_149,6,4,1,6,Low,-2.4,47
c13c7fad,RIDER_011,2,3,1,9,Medium,7.2,48
6ffc1dea,RIDER_040,7,12,1,4,Medium,-0.8,69
5478e5d2,RIDER_011,4,23,1,1,Low,-2.8,58
d18dfe12,RIDER_113,9,12,1,9,Medium,7.2,88
815dbabe,RIDER_039,10,17,1,2,Low,3.2,97
303ded93,RIDER_054,2,6,1,5,Medium,0.8,33
21f017b2,RIDER_098,5,15,0,5,Medium,-0.8,100
3a4879a9,RIDER_055,4,2,1,6,Medium,0.5,42
3c233f4e,RIDER_111,9,8,0,5,High,-0.9,100
131e726d,RIDER_150,4,14,1,8,Medium,-0.1,53
61c4e2c5,RIDER_069,8,5,0,4,Medium,2.7,94
106efab4,RIDER_056,8,3,1,4,High,-1.6,75
ff67e2f9,RIDER_033,6,10,0,7,High,-8.3,100
abac58a7,RIDER_036,6,7,0,7,Medium,8.8,100
d2df71f2,RIDER_148,8,11,1,0,High,-2.9,90
401396ef,RIDER_081,10,15,0,2,High,-4.4,93
9029a635,RIDER_109,9,2,1,5,Low,6.9,66
985d8bff,RIDER_073,5,5,0,5,Low,0.1,76
2ec8fe4f,RIDER_040,1,11,1,0,Medium,3.4,45
a8733b00,RIDER_017,1,8,1,1,High,5.4,52
8a2c453b,RIDER_129,2,13,1,9,Low,5.7,48
e00cdf7f,RIDER_061,10,11,1,6,Medium,4.0,88
27bc9355,RIDER_104,10,17,1,0,High,-0.7,100
41e77e6f,RIDER_042,5,15,0,9,High,-3.2,100
1b392fb9,RIDER_025,4,1,1,4,Medium,9.2,53
ad2f18be,RIDER_039,1,19,1,0,Medium,2.5,49
38e1cfcf,RIDER_035,4,16,1,5,Low,3.9,54
d99fbf6a,RIDER_131,4,19,1,6,High,0.1,72
cb85de63,RIDER_108,10,13,1,7,High,3.3,91
0d97b4d0,RIDER_102,4,23,0,2,High,0.3,80
7884e16d,RIDER_098,1,22,1,2,High,0.8,66
9bbd94d7,RIDER_012,9,23,1,10,Low,-3.4,78
2b2cf405,RIDER_019,3,4,1,0,Medium,3.8,48
6e87421e,RIDER_101,4,11,1,2,Low,-7.3,45
728a39bf,RIDER_044,5,18,0,4,Medium,6.5,100
aa7816dd,RIDER_049,7,18,1,5,Low,9.7,80
8ccf8b9c,RIDER_017,6,10,1,2,Low,0.2,52
e409f28b,RIDER_074,5,17,1,3,High,5.6,89
d67822ae,RIDER_057,8,13,1,4,Medium,0.5,69
4268281e,RIDER_055,1,14,1,4,High,2.0,59
4cc3d358,RIDER_047,7,7,1,8,Medium,-0.2,64
44814a92,RIDER_012,6,10,1,7,Medium,0.3,66
77296f65,RIDER_062,5,3,1,0,Medium,0.3,50
a227fb84,RIDER_080,7,2,1,1,High,-5.7,64
d2390271,RIDER_083,3,19,1,4,Medium,3.3,62
dfd777ad,RIDER_008,1,7,1,2,High,-5.5,40
19e641d2,RIDER_149,9,5,1,6,Low,0.4,59
f8e6d715,RIDER_081,2,3,1,10,Medium,-5.1,39
30a13eb9,RIDER_118,10,2,1,5,High,0.5,88
57c2f052,RIDER_025,3,23,0,1,Low,3.0,59
7935811f,RIDER_089,8,22,1,7,Medium,7.5,100
ebc9322c,RIDER_012,10,6,1,4,Medium,1.8,75
217f681a,RIDER_143,9,14,1,5,Medium,0.8,82
c71eeeec,RIDER_059,3,7,1,7,Low,-2.5,28
fbf83c50,RIDER_109,6,22,0,5,Medium,-1.5,100
6d113a9c,RIDER_026,7,2,1,9,High,6.7,79
a290de5e,RIDER_047,1,11,1,2,Low,3.8,35
ee848360,RIDER_032,7,21,0,6,Medium,-1.6,100
70285136,RIDER_010,4,3,0,3,Low,-6.2,49
7dcd0a00,RIDER_016,5,9,0,5,Medium,8.6,94
f94b41b4,RIDER_145,8,8,1,5,Medium,-3.0,69
4847a17e,RIDER_026,4,11,0,10,Medium,2.0,100
5cd01ae0,RIDER_086,4,18,1,4,Low,-1.5,57
c2ce69c6,RIDER_135,8,1,1,0,Medium,-2.4,59
fc4294a3,RIDER_014,5,15,1,7,Medium,2.7,70
59d922fb,RIDER_079,6,4,1,9,High,5.4,75
b645c6d2,RIDER_117,5,4,1,1,Low,4.6,50
b77f9a14,RIDER_007,1,10,0,3,Medium,4.4,65
4c812ec8,RIDER_137,7,11,1,2,Medium,-2.1,72
888388b9,RIDER_115,6,18,0,5,Low,2.7,100
5cc70faf,RIDER_072,2,23,1,10,Medium,3.3,66
dba58796,RIDER_059,7,15,1,0,Medium,-3.7,73
69f726cf,RIDER_082,6,3,1,8,Medium,-6.3,56
c164942f,RIDER_116,5,7,1,4,Low,2.2,48
063ddea4,RIDER_146,8,7,1,4,High,-1.3,80
a34d02ba,RIDER_103,5,17,1,3,Low,-3.2,55
13ad874f,RIDER_017,2,22,1,3,Low,-6.1,45
9178ea7e,RIDER_014,6,20,1,0,Medium,-0.8,73
f52688e2,RIDER_108,1,24,0,8,Low,8.3,100
0819f5d8,RIDER_045,5,16,1,8,Low,5.4,67
7192777b,RIDER_098,6,16,1,3,Medium,7.9,76
e943030c,RIDER_131,7,8,1,9,Medium,-1.0,61
be68505e,RIDER_037,2,3,1,9,Medium,6.3,43
518032fb,RIDER_108,1,20,0,3,Medium,7.0,75
0287ffa5,RIDER_039,6,15,0,6,High,7.9,100
c317723a,RIDER_015,3,1,0,3,High,1.0,65
d8f6f437,RIDER_120,5,10,1,0,Low,0.1,48
2ed56e66,RIDER_004,2,2,0,10,Medium,1.6,99
74f7851c,RIDER_093,1,7,1,8,Low,2.4,34
6d737f03,RIDER_141,1,14,1,1,High,-3.2,57
0c0a63ad,RIDER_016,4,16,1,4,High,-0.3,76
5c6d0815,RIDER_108,10,15,0,3,Medium,6.5,100
7ce4efe4,RIDER_126,2,7,1,7,Medium,-0.2,36
664aa66f,RIDER_055,1,13,1,5,High,2.3,59
f6343554,RIDER_034,6,10,0,6,Medium,3.9,100
8bb8b26b,RIDER_013,4,9,1,1,Medium,7.0,60
f02ba36d,RIDER_141,10,9,1,3,High,4.4,100
1cd0129f,RIDER_018,7,6,1,3,High,5.7,82
b9933205,RIDER_096,6,24,1,1,Medium,3.7,93
a631eb1b,RIDER_123,5,12,0,9,High,3.2,100
b7579c98,RIDER_039,10,23,1,3,Medium,5.5,100
2c5c51ae,RIDER_046,2,20,0,8,Low,-7.3,100
5068a174,RIDER_029,5,20,1,7,Medium,4.8,76
5fcd8b71,RIDER_062,9,22,0,10,Low,-6.3,100
385d92ff,RIDER_016,9,14,1,0,Medium,-0.1,76
3ca692c5,RIDER_121,2,20,0,7,High,5.6,100
abb97d45,RIDER_010,7,7,1,10,High,1.3,76
d1f4c31a,RIDER_103,10,8,0,8,High,1.7,100
37abb86f,RIDER_084,4,8,1,7,Medium,3.0,53
c030ed77,RIDER_133,3,8,1,9,Medium,9.4,53
3a677764,RIDER_065,1,2,1,0,High,-6.7,44
98df2531,RIDER_003,3,14,0,7,High,-0.9,100
1bd388aa,RIDER_142,9,10,1,4,High,7.6,96
85d36963,RIDER_120,9,18,1,8,Medium,1.0,87
7ac4d39c,RIDER_068,7,18,0,8,High,1.2,100
2ffedf3b,RIDER_146,3,18,0,5,High,4.7,100
a156179d,RIDER_037,3,16,1,2,Low,-3.0,49
436c1463,RIDER_073,4,20,1,6,Low,5.5,70
0a7a6704,RIDER_143,7,5,1,2,High,0.5,71
6d091af1,RIDER_049,7,20,0,6,Medium,1.3,100
f3b377d3,RIDER_121,2,5,0,7,Low,-1.3,73
bd9e4891,RIDER_088,5,20,0,4,Low,4.0,87
86948522,RIDER_140,7,23,1,4,Medium,0.7,88
3464352b,RIDER_037,7,10,1,3,Low,3.1,59
f29a9bc3,RIDER_061,6,17,1,2,Low,0.5,66
db061757,RIDER_124,10,13,1,7,Low,1.8,78
c389aa47,RIDER_039,10,17,0,10,High,-0.2,100
08b84c2f,RIDER_063,8,18,1,5,Low,0.6,77
84e8bdf5,RIDER_046,3,13,1,5,Medium,-1.4,43
35485d12,RIDER_088,1,17,0,1,Medium,-2.0,51
7121568b,RIDER_011,3,15,1,3,Medium,9.0,70
f26adb81,RIDER_062,2,12,1,4,Low,2.7,38
2b657ea0,RIDER_077,2,10,0,10,Medium,-6.4,100
475ebf6a,RIDER_052,2,13,0,9,Low,1.5,100
d4fe0578,RIDER_004,5,11,0,4,High,5.9,100
dbd0a8bc,RIDER_059,1,3,1,2,Medium,-4.7,30
94e797e4,RIDER_072,10,22,1,9,Low,4.2,97
dbdeb8f4,RIDER_148,4,10,1,4,High,1.8,62
cbf464ad,RIDER_093,10,11,0,4,Low,-5.1,100
5008049a,RIDER_063,5,6,1,1,Medium,-0.6,53
0895cf67,RIDER_054,2,1,0,4,Medium,1.1,61
37d8c167,RIDER_117,5,6,1,2,Medium,-3.1,47
a38fcac8,RIDER_110,10,5,1,2,Medium,-1.1,73
7c389132,RIDER_074,4,7,0,4,Low,2.9,71
845194d5,RIDER_107,8,22,0,8,Medium,2.9,100
ec51588a,RIDER_057,1,12,1,1,Medium,3.7,50
9bcd9c3a,RIDER_003,5,12,0,8,Low,-0.7,100
84abe09b,RIDER_120,10,7,0,2,Medium,6.3,86
e01d33c6,RIDER_006,1,2,0,6,High,1.4,77
8a88aef6,RIDER_005,10,1,1,0,Medium,0.2,65
ec78b667,RIDER_005,10,23,1,0,Medium,1.0,94
90b6246c,RIDER_054,4,18,0,7,Medium,3.4,100
fcb5a497,RIDER_047,8,12,1,8,High,3.1,90
a87431be,RIDER_009,1,7,1,2,Low,0.1,24
baf31c3d,RIDER_099,2,19,1,5,Medium,5.7,58
36b2e3cd,RIDER_020,1,22,1,2,Medium,1.1,55
1ee44211,RIDER_122,7,3,1,5,Low,4.7,56
de416da9,RIDER_061,2,10,1,6,Medium,7.4,56
a641c203,RIDER_123,1,11,0,4,Medium,-0.0,75
342a9ae7,RIDER_082,6,5,0,2,High,0.4,63
a38c916f,RIDER_062,6,2,1,7,Medium,-2.5,52
3e1c2fa4,RIDER_145,10,8,1,4,Low,-1.8,69
4c39c362,RIDER_003,2,14,1,0,Low,4.7,48
991db592,RIDER_013,1,8,0,8,Medium,4.6,100
18cffcf1,RIDER_120,10,23,0,2,Medium,-5.4,85
f68f810f,RIDER_125,3,6,0,1,Low,-2.1,34
e3e879e1,RIDER_089,10,1,0,2,Medium,7.5,80
59c86a67,RIDER_073,5,24,1,6,High,-1.4,88
5b96476b,RIDER_068,6,1,1,10,Low,0.9,47
56bc1ae7,RIDER_142,3,8,0,9,Medium,2.1,100
8e26a05b,RIDER_101,9,11,1,7,Medium,2.6,79
41c75e72,RIDER_098,5,18,0,1,Medium,-3.9,63
1c26e8a9,RIDER_011,2,24,1,6,Medium,2.6,66
b3b34d95,RIDER_105,10,10,0,10,Medium,-9.6,100
138c4cd4,RIDER_067,6,12,1,4,High,-0.6,74
c545c72a,RIDER_123,8,20,1,8,Low,0.5,82
771d549d,RIDER_029,6,23,1,6,Medium,-4.6,76
3b0b08b5,RIDER_137,4,16,1,0,Medium,4.6,65
29e91994,RIDER_076,6,5,1,0,Low,-1.7,44
fd6f540e,RIDER_009,8,16,0,5,Medium,8.7,100
2ce3c480,RIDER_040,8,24,0,8,Low,3.6,100
654e247d,RIDER_025,10,12,1,0,Medium,1.0,80
6314e422,RIDER_005,2,6,0,2,Medium,4.9,47
cbd1cd1e,RIDER_139,8,5,1,4,Medium,-4.7,76
d48a18bd,RIDER_124,6,1,1,3,High,2.7,68
335e414e,RIDER_038,2,19,1,0,Low,-3.1,47
7db2316d,RIDER_072,1,10,0,9,High,5.2,100
53cf7f41,RIDER_133,6,14,0,3,High,0.2,100
9286bf10,RIDER_090,7,21,1,3,Low,-6.5,72
6ed04819,RIDER_146,10,3,1,10,High,-3.5,84
fbe3b6b2,RIDER_037,5,6,1,9,Medium,2.0,53
9ecabe4a,RIDER_060,10,5,1,3,High,3.3,93
ad3bae2f,RIDER_028,8,17,1,2,High,-4.3,93
f4c9b37a,RIDER_081,9,18,1,6,High,-5.5,97
351cedd3,RIDER_114,4,12,1,0,Medium,0.2,50
bbb25985,RIDER_040,7,5,1,1,Medium,8.4,73
31b839aa,RIDER_045,8,9,1,0,Medium,-0.2,72
dc3734bd,RIDER_062,6,12,1,3,Medium,2.8,64
267f6b52,RIDER_093,2,20,1,4,Low,-8.6,49
eaadc420,RIDER_115,7,9,1,10,Medium,12.8,87
eb40025b,RIDER_067,9,3,1,9,High,-2.4,80
6f9f3388,RIDER_056,5,1,1,4,High,2.3,69
e178eeca,RIDER_040,2,22,1,1,High,-5.5,67
a18b7b9a,RIDER_098,4,15,1,10,Low,3.6,52
b8b83bd9,RIDER_040,3,10,0,2,Medium,-0.4,44
ae88ef9c,RIDER_091,4,14,1,3,Medium,2.9,59
316c36fa,RIDER_033,10,7,1,9,Low,0.8,66
7c522d0f,RIDER_006,7,4,1,5,Medium,3.9,68
9b3b14c5,RIDER_147,10,5,1,5,Medium,6.1,75
c188fd5d,RIDER_080,8,20,0,1,High,-3.7,92
534b1e66,RIDER_092,1,16,1,1,High,8.6,75
f554fdcd,RIDER_097,8,3,1,8,High,-0.9,73
ae3969d7,RIDER_059,5,17,1,1,Medium,3.8,66
9b08fb28,RIDER_059,7,13,1,1,Low,-1.6,60
84fd6331,RIDER_048,1,6,1,2,High,2.5,55
f200948a,RIDER_013,2,5,1,8,Low,0.5,30
453a10a2,RIDER_107,1,16,1,5,Medium,9.9,62
26387f15,RIDER_045,5,11,1,10,Low,-1.2,49
8ed0bd63,RIDER_089,6,17,0,5,High,8.4,100
e4e1bb41,RIDER_100,10,5,0,9,Low,-2.1,100
6e48b6fd,RIDER_007,9,6,1,4,Low,8.4,73
e3ed2625,RIDER_133,8,10,1,6,Medium,5.9,82
f7417454,RIDER_045,7,21,1,10,Low,0.5,74
4a66171c,RIDER_058,5,1,1,3,High,1.3,59
b7d26409,RIDER_031,3,21,0,9,Medium,2.6,100
3b6a1618,RIDER_023,9,10,1,9,High,2.0,93
afaec0ad,RIDER_138,5,17,1,2,Medium,3.6,69
23086036,RIDER_107,3,3,1,6,Medium,2.5,47
aa91a198,RIDER_039,3,2,0,9,High,-2.0,100
8b2c395e,RIDER_082,3,17,1,0,Medium,-0.1,58
2b136a68,RIDER_100,6,4,0,5,Medium,3.1,89
e19a6e1d,RIDER_002,1,2,0,10,Low,-2.3,86
46b0597e,RIDER_077,4,5,1,10,Low,-0.1,35
401684df,RIDER_012,8,10,0,10,Medium,4.1,100
55a7e587,RIDER_039,3,1,1,1,Low,3.0,38
90f07f37,RIDER_013,5,1,0,1,Medium,0.8,43
d429daac,RIDER_046,2,4,0,10,Medium,6.1,100
5effb82f,RIDER_113,2,7,1,7,Medium,5.9,45
a7492872,RIDER_017,7,14,1,2,Low,-0.4,64
5e43e336,RIDER_104,10,14,0,8,High,4.6,100
31a277a8,RIDER_098,3,18,1,3,Low,-1.6,49
66e6f2b7,RIDER_088,5,2,1,5,Medium,3.0,44
81115e18,RIDER_109,3,1,1,0,High,3.0,56
ca858ba9,RIDER_070,6,21,0,10,Low,2.0,100
2901854a,RIDER_074,10,22,0,9,High,0.9,100
d35ec302,RIDER_063,3,16,1,9,Medium,2.2,61
0ce61f62,RIDER_060,8,22,0,2,High,1.9,97
000fa4ea,RIDER_079,2,18,1,3,Medium,-7.1,49
f644293d,RIDER_037,3,16,0,4,Low,7.5,80
ab89254a,RIDER_022,8,23,1,0,High,4.5,100
aed3c2cb,RIDER_148,8,22,1,3,Medium,0.2,83
61bfa3a9,RIDER_096,1,24,1,4,Low,5.8,55
3c6dd627,RIDER_068,8,6,1,3,High,-0.1,80
f6d88ff7,RIDER_017,10,10,1,9,High,-8.7,91
1b5e2307,RIDER_012,2,2,0,9,Medium,3.3,88
b3162157,RIDER_150,7,7,1,6,Low,-4.4,50
ba3007af,RIDER_145,6,21,0,7,Medium,-3.4,100
ef759855,RIDER_138,2,17,1,7,High,-2.4,60
84d98bea,RIDER_118,5,3,0,2,Low,2.4,50
46513176,RIDER_022,7,20,1,4,Medium,2.7,77
805fc0a5,RIDER_120,8,12,0,9,Medium,6.2,100
75eb3bec,RIDER_050,3,2,0,7,Low,-2.9,72
a08d57ce,RIDER_014,1,7,0,6,Medium,-0.9,76
06efbfee,RIDER_029,7,17,0,8,Low,7.1,100
6fb1ef8f,RIDER_125,5,19,1,9,Medium,4.1,80
5048d8ea,RIDER_007,5,12,1,6,Medium,3.2,69
36b426b9,RIDER_029,7,9,0,1,Low,1.8,63
0a1ae088,RIDER_139,1,14,0,3,High,3.6,74
44f84c25,RIDER_033,8,2,1,7,Medium,2.1,65
66b2ce34,RIDER_134,10,21,1,8,Medium,2.4,88
ccf03c9b,RIDER_111,5,4,0,6,Medium,3.8,100
3e0f3509,RIDER_079,8,19,1,4,Low,-1.6,75
28520926,RIDER_058,10,21,1,0,Low,2.8,91
b06334b9,RIDER_026,10,16,1,8,Low,-5.8,77
95d48544,RIDER_029,5,22,1,5,Medium,2.0,75
27e40af9,RIDER_004,7,17,1,1,High,-0.0,87
200540cc,RIDER_099,10,2,0,10,Medium,5.3,100
988fd378,RIDER_141,3,17,0,9,High,-3.6,100
fadc9cc8,RIDER_039,2,19,0,9,Medium,2.8,100
5e186d30,RIDER_015,6,8,0,1,Low,4.5,58
7a835a9b,RIDER_119,5,24,1,9,Medium,5.0,87
243d8cbd,RIDER_029,9,20,1,0,Low,-0.6,77
5bc408a8,RIDER_075,10,6,0,3,Low,0.6,93
add27015,RIDER_116,4,12,0,9,Medium,3.7,100
02241f58,RIDER_032,3,23,0,10,Medium,-2.6,100
07d6032d,RIDER_130,9,18,1,1,Medium,0.2,80
2a920db8,RIDER_084,8,2,1,9,Low,-1.5,53
8334cd71,RIDER_022,6,19,1,10,Medium,-5.2,73
ba9d4fbd,RIDER_027,1,24,0,8,Low,7.9,100
bf05f5ac,RIDER_081,10,10,1,1,Medium,2.1,80
9ef4c7bf,RIDER_126,1,3,0,10,Medium,-2.2,100
6ec2daea,RIDER_092,6,12,1,8,Low,-7.4,52
cd148a29,RIDER_021,3,16,1,0,Medium,3.3,71
f23f4f35,RIDER_047,3,12,1,6,Low,-4.3,38
e1972402,RIDER_101,6,8,1,5,Medium,-0.7,63
5e5a128e,RIDER_084,3,5,1,5,Low,1.8,31
73c62e95,RIDER_006,10,11,1,1,High,-3.0,90
d052a789,RIDER_147,6,10,1,0,Low,8.6,54
cee631df,RIDER_131,5,3,0,9,High,-2.1,100
def3d987,RIDER_001,4,23,1,7,Medium,-3.0,70
108b3f69,RIDER_058,8,9,0,7,Medium,2.9,100
7e0151c9,RIDER_124,2,12,1,1,Medium,0.6,42
9176ea8c,RIDER_015,7,6,0,3,Medium,9.7,87
c21e56e1,RIDER_064,4,19,1,3,Low,7.6,65
c7ed536d,RIDER_025,2,16,0,1,Low,8.0,53
0f29bbb6,RIDER_024,7,21,1,10,Medium,4.2,90
190289be,RIDER_012,1,23,0,8,Low,4.7,100
892fd943,RIDER_018,4,24,0,3,Medium,0.5,96
67f46050,RIDER_015,9,14,1,3,High,4.7,94
e3e2ae55,RIDER_027,4,4,1,3,Medium,-0.6,44
ead5ddfe,RIDER_072,3,18,0,4,Low,1.5,75
59c2f42d,RIDER_060,10,10,1,9,Low,-3.6,69
b25fd5d8,RIDER_145,10,18,1,7,Low,0.2,85
7805dd77,RIDER_093,2,12,1,3,Medium,4.2,55
17f8c8cf,RIDER_053,3,19,1,2,Medium,6.4,62
3205f05e,RIDER_008,1,8,1,10,Medium,3.8,42
91dae05c,RIDER_079,10,1,1,0,Low,7.5,73
09562908,RIDER_027,8,14,0,1,Low,-3.7,73
65b0ed11,RIDER_050,1,23,1,3,High,4.1,79
c5e716ff,RIDER_131,3,6,1,8,Low,-1.5,37
6b1d7715,RIDER_093,3,14,1,0,Medium,3.7,59
f6bc3c20,RIDER_024,2,2,1,5,Low,-1.3,28
56072298,RIDER_060,5,9,0,5,Low,-0.3,76
dbdfc822,RIDER_122,10,12,0,9,High,5.4,100
df6b765b,RIDER_131,3,5,1,2,Low,3.0,35
50b7f3b9,RIDER_148,3,2,1,9,Medium,-1.3,43
73e97a59,RIDER_046,8,19,0,8,Medium,-4.0,100
9ce75f98,RIDER_015,4,7,0,9,Medium,-1.5,100
bacd8899,RIDER_017,4,7,1,2,High,1.7,64
52c08a97,RIDER_126,3,10,1,0,Low,-2.9,42
7f410b7f,RIDER_084,1,17,1,1,Low,3.0,51
ab08fd00,RIDER_009,8,14,1,3,Low,-2.4,68
5de63b86,RIDER_063,1,11,1,3,Medium,1.2,42
5b7c9722,RIDER_117,7,20,1,1,Medium,3.3,88
cf4ee785,RIDER_130,5,6,0,9,High,0.1,100
615b155c,RIDER_088,4,8,1,5,Low,6.2,48
768a609f,RIDER_072,4,19,0,5,Medium,3.5,92
27745d01,RIDER_139,8,19,1,2,Low,-1.7,75
cd2a609f,RIDER_064,6,24,1,0,Low,-2.5,70
18edf737,RIDER_072,1,24,1,9,Medium,8.2,75
c31df6a2,RIDER_021,10,24,1,8,High,6.4,100
6b5f3df1,RIDER_018,8,17,1,3,Low,0.6,68
010497af,RIDER_064,2,24,0,8,Low,3.2,100
5f6d44b5,RIDER_082,6,24,1,4,Medium,0.8,80
a340327e,RIDER_110,9,18,0,6,Medium,4.6,100
e784bd00,RIDER_095,1,12,1,2,High,2.7,58
66208447,RIDER_032,6,9,1,2,Low,-6.1,53
0053726f,RIDER_011,8,23,1,7,Medium,6.6,97
607d4dff,RIDER_045,10,24,1,0,Medium,7.4,100
f0db5488,RIDER_033,2,16,1,7,Medium,0.1,51
d2e369fb,RIDER_102,5,18,1,7,Low,3.2,64
835fad3b,RIDER_136,6,16,0,2,Low,6.3,77
db86417f,RIDER_011,5,16,1,0,High,15.6,100
457533ee,RIDER_088,3,4,1,8,Medium,4.1,46
a70f66d1,RIDER_041,4,23,0,3,Low,3.4,89
571ba416,RIDER_145,7,22,1,6,Medium,5.4,85
9f0edbef,RIDER_076,4,7,0,8,Medium,5.8,100
195cba88,RIDER_121,9,1,1,2,Medium,4.1,66
ef608c1e,RIDER_046,10,24,1,4,Medium,-3.2,89
c8d50a26,RIDER_080,2,23,1,9,Medium,2.7,68
cb64fb02,RIDER_054,5,20,1,10,Low,3.2,64
e1b7e2cb,RIDER_086,8,1,1,2,High,-3.9,63
3616b19e,RIDER_092,5,8,0,4,Medium,4.5,84
6da5f399,RIDER_148,10,23,0,10,High,-2.5,100
9b913baf,RIDER_097,8,8,1,1,Medium,7.3,89
275b4332,RIDER_002,8,10,1,3,Medium,-1.2,61
c5786a4f,RIDER_033,9,1,1,1,Low,5.8,68
1d1a2d06,RIDER_077,10,21,1,2,Medium,-0.7,91
c9f4342d,RIDER_116,6,21,0,4,Medium,7.0,100
237c7e15,RIDER_150,4,14,1,8,Low,7.5,58
2a2acec3,RIDER_103,3,14,1,2,Medium,4.3,63
e032dbf4,RIDER_103,5,10,1,9,Low,-0.5,50
0ab04838,RIDER_090,6,19,1,5,High,3.7,86
a74970ad,RIDER_122,3,16,1,3,High,-0.9,71
6e243fb6,RIDER_143,2,9,1,3,Medium,-2.6,48
9753826a,RIDER_106,7,20,1,10,Low,-0.1,75
5b0c938f,RIDER_119,5,16,1,9,Medium,1.8,77
a6be1164,RIDER_049,9,20,1,9,Medium,-0.5,91
376d62b7,RIDER_104,3,8,1,4,High,0.9,59
ff708431,RIDER_061,8,7,1,10,Low,-0.2,57
e7763ca6,RIDER_123,6,11,0,6,Medium,2.1,100
755d1adb,RIDER_134,4,21,1,10,Low,1.1,57
233f4f50,RIDER_009,9,6,0,3,Medium,-4.1,95
a53cf477,RIDER_006,5,15,1,7,High,1.9,77
7c0ccd43,RIDER_073,10,19,1,8,High,-1.2,100
58e36efb,RIDER_103,6,14,1,8,Medium,-1.6,62
f2e020e9,RIDER_041,9,15,1,8,Medium,-1.6,80
acbf9f80,RIDER_114,7,6,0,1,High,2.7,73
ae28dee8,RIDER_008,5,24,1,2,Medium,3.6,86
56107c84,RIDER_072,2,10,1,4,Low,2.5,38
1989a767,RIDER_092,4,14,1,0,High,4.9,76
47b6d054,RIDER_062,2,16,1,3,Medium,2.0,49
497c2809,RIDER_084,3,13,1,10,Medium,2.5,49
9f1cdb42,RIDER_062,10,11,1,4,Low,-1.4,69
ae2e13fa,RIDER_111,3,3,1,8,Low,4.0,34
1ebf09f1,RIDER_127,4,8,1,7,Medium,1.4,49
448b3d2f,RIDER_007,6,3,1,0,Medium,4.5,56
8ea65263,RIDER_084,3,2,0,2,Medium,1.6,44
4693bcec,RIDER_132,10,21,0,2,Medium,2.0,94
5b51468f,RIDER_134,1,14,1,10,Medium,-1.2,46
1d7c1a90,RIDER_058,1,20,1,5,Medium,1.4,51
d7b05f51,RIDER_022,9,21,1,3,Medium,10.1,100
3ec1000f,RIDER_127,9,22,1,3,High,-5.4,100
035c3061,RIDER_003,5,15,1,0,Low,0.2,52
c0749cec,RIDER_127,9,3,0,9,High,5.1,100
b02b0494,RIDER_041,7,1,0,10,Medium,-0.9,100
4209896a,RIDER_106,9,15,1,3,Medium,2.4,80
cd79e77d,RIDER_014,7,20,1,0,Low,1.6,70
f9202561,RIDER_012,9,22,1,4,High,5.4,100
4e2f6bf3,RIDER_087,2,2,1,2,High,1.0,46
9668a6dd,RIDER_012,8,18,1,9,High,-4.6,82
90cbcffb,RIDER_141,7,1,1,4,Medium,8.8,64
9ff452c2,RIDER_025,6,9,1,2,Low,1.5,57
69e57690,RIDER_045,5,3,1,4,Medium,2.6,52
d1d54612,RIDER_122,4,2,1,3,Medium,0.2,44
4beb150f,RIDER_147,7,4,0,8,Low,2.7,100
d72f93e7,RIDER_055,3,16,1,5,Medium,5.9,63
1da132b0,RIDER_100,8,22,1,9,Medium,1.4,84
d6f62492,RIDER_136,2,1,1,1,Medium,-1.1,30
933c79d2,RIDER_119,1,9,1,0,Low,-3.2,30
dad0fbbb,RIDER_053,2,8,1,0,Low,6.7,39
02c82ff1,RIDER_032,9,6,1,0,Medium,0.2,72
1ddfdd8e,RIDER_051,5,20,0,8,High,4.2,100
8af867f8,RIDER_044,8,18,1,4,High,4.8,90
e6ec50d5,RIDER_082,3,16,1,3,Low,1.1,51
c5bc31d7,RIDER_146,7,8,1,9,Medium,1.7,65
3bb423c9,RIDER_150,2,23,0,4,Medium,2.0,90
9c567329,RIDER_037,8,4,1,8,Medium,5.2,69
a2ce02c2,RIDER_096,7,3,0,2,Low,-1.3,55
2382c474,RIDER_056,5,15,1,2,Medium,1.2,64
859e1ca6,RIDER_105,4,6,1,1,Low,3.2,45
2a6fd048,RIDER_059,1,1,1,7,Medium,3.3,35
85fcc607,RIDER_131,5,18,1,6,Medium,4.5,74
373d6ccc,RIDER_035,9,23,1,1,Medium,-3.3,91
73112593,RIDER_093,10,11,1,3,Medium,0.7,83
589abf48,RIDER_097,4,3,1,6,High,3.6,60
f06c4d73,RIDER_135,9,13,1,0,Low,-3.2,69
de525414,RIDER_076,2,17,1,0,Medium,9.0,70
7d1e8a56,RIDER_049,4,18,0,7,High,-4.2,100
419d8d10,RIDER_094,9,14,1,5,Medium,-2.5,77
740cff70,RIDER_024,4,7,0,1,Medium,-0.9,42
120597c4,RIDER_148,5,7,0,9,Low,-1.3,97
0353fc60,RIDER_037,8,14,1,9,Medium,4.0,77
55193869,RIDER_004,1,24,1,0,Low,2.3,50
88bf3caf,RIDER_108,1,15,1,2,Medium,-1.6,47
35b29b7d,RIDER_126,9,12,1,3,Medium,10.3,94
12bdc8c5,RIDER_020,9,12,0,4,Medium,5.0,100
5e54a683,RIDER_050,4,8,0,10,Medium,3.0,100
87b691ed,RIDER_096,2,16,0,9,Medium,4.9,100
04258e4e,RIDER_105,9,9,1,2,Medium,3.6,79
452d8894,RIDER_117,4,2,1,4,Low,2.8,45
28cde465,RIDER_098,6,14,1,6,Medium,4.0,71
2552997b,RIDER_066,1,24,1,10,Low,1.8,48
bb186d31,RIDER_079,9,24,0,8,Low,4.7,100
10fd98c5,RIDER_006,5,16,1,4,Medium,2.3,63
05bb5a11,RIDER_039,3,5,0,3,Medium,0.9,58
ebf1c7f2,RIDER_115,4,5,1,9,Low,8.5,56
59864b92,RIDER_125,1,20,0,10,Low,2.3,100
7caf01cc,RIDER_012,9,21,1,8,Low,1.0,80
2b3352ea,RIDER_131,8,18,0,7,Medium,-1.4,100
1cc0dffa,RIDER_018,4,18,0,4,Medium,-2.0,85
e4221632,RIDER_040,2,5,0,8,Medium,2.2,100
aed6f9ac,RIDER_021,9,11,0,10,High,0.6,100
fc25d916,RIDER_143,4,13,0,8,High,-1.0,100
c3de372c,RIDER_099,9,3,1,0,High,7.2,93
255fdcc9,RIDER_026,10,17,0,5,High,6.2,100
530976e3,RIDER_008,3,18,0,10,High,-2.0,100
c9adf0cf,RIDER_100,7,14,1,4,Low,0.6,72
c5bfe755,RIDER_087,7,12,0,5,Low,-4.5,92
64a39743,RIDER_042,10,14,1,9,High,0.0,96
4eda37b5,RIDER_014,4,18,1,2,Medium,-0.7,63
d855abc1,RIDER_078,2,20,1,2,Medium,1.4,62
bb49f27f,RIDER_002,9,2,1,9,Low,-1.5,56
315b4a5f,RIDER_119,4,7,1,4,Medium,-5.1,55
638c2664,RIDER_037,8,15,1,6,Medium,-0.2,76
6c63a4ea,RIDER_069,2,10,1,3,Low,7.0,49
59bddcdc,RIDER_041,8,15,0,5,Medium,-0.5,100
f999110b,RIDER_062,10,17,1,4,High,9.8,100
2ad9e1e4,RIDER_060,5,11,1,1,Medium,-1.4,60
2852bd34,RIDER_125,7,2,1,10,Medium,2.3,60
e75cfe31,RIDER_111,7,21,1,0,Low,3.3,73
fc023d28,RIDER_014,9,18,1,5,Low,-2.2,75
c89f2c4b,RIDER_084,3,4,1,4,Medium,-4.6,45
4634c304,RIDER_130,10,9,0,8,High,6.3,100
f8abfb92,RIDER_070,4,17,1,6,High,6.4,91
066799f6,RIDER_145,10,17,1,0,Medium,7.6,100
634a3981,RIDER_123,4,17,0,9,Medium,-1.3,100
13a628af,RIDER_089,10,16,0,5,Medium,3.5,100
5b6ac9ca,RIDER_028,5,20,1,10,Low,2.2,65
258abadf,RIDER_066,6,8,1,6,Low,1.6,60
07469022,RIDER_005,3,23,1,2,Medium,0.5,63
c5c4960c,RIDER_045,4,15,1,8,Medium,5.1,68
6ad0a779,RIDER_047,3,1,1,10,High,12.5,72
630df9e9,RIDER_031,2,19,0,10,Medium,3.1,100
ae6b89e9,RIDER_139,10,15,1,1,High,2.7,100
71342cb7,RIDER_010,9,9,1,0,Low,-0.6,61
af34742d,RIDER_118,1,5,1,9,Low,4.7,26
04ef35f3,RIDER_014,2,16,0,9,High,-7.8,100
db21c272,RIDER_080,8,13,0,8,Medium,0.7,100
8f6ad851,RIDER_093,7,16,1,6,Low,3.5,71
11266c28,RIDER_010,1,22,1,9,Medium,3.0,57
638541ad,RIDER_076,5,11,1,10,High,1.6,72
58c92250,RIDER_094,10,13,1,0,Medium,-5.4,83
e8671d05,RIDER_105,6,6,0,3,Medium,8.0,88
57878c4c,RIDER_001,5,20,1,9,Medium,2.9,75
5ec9d7e1,RIDER_133,4,17,1,2,Medium,1.9,64
7daaee9d,RIDER_020,1,5,0,10,High,7.0,100
621b41ee,RIDER_008,7,17,1,6,Medium,6.8,83
dc5bc750,RIDER_001,9,1,0,4,Low,1.1,78
a6f3b53b,RIDER_057,6,5,1,8,Medium,1.0,49
ccca5383,RIDER_064,3,5,1,10,Medium,3.9,48
e3724dee,RIDER_118,10,7,1,2,Low,6.9,79
9bf77c7a,RIDER_028,4,16,1,10,Low,5.9,56
eaa3076f,RIDER_121,10,18,0,5,Low,-1.9,100
b516d115,RIDER_107,5,6,0,9,Low,-2.3,100
2fe98d1e,RIDER_049,1,2,1,1,Medium,-1.5,27
c508c18f,RIDER_120,5,13,1,2,Medium,4.2,67
4fd236d7,RIDER_044,1,10,1,3,Medium,0.5,34
4825afa2,RIDER_056,9,21,0,5,Medium,4.0,100
71edb6c3,RIDER_111,7,20,1,10,Medium,-3.2,70
8e0ade80,RIDER_134,3,11,1,0,Low,-1.3,40
953fdb31,RIDER_108,9,21,1,5,Medium,4.0,99
3ed81870,RIDER_148,2,2,1,3,Medium,-4.2,34
f9c04fdf,RIDER_114,7,8,0,7,High,9.1,100
04268f6a,RIDER_078,9,24,0,8,Medium,6.4,100
f200eb9c,RIDER_130,6,22,1,7,Medium,7.5,96
e6e8c45d,RIDER_037,10,19,0,7,Medium,5.1,100
aca957f1,RIDER_020,5,20,1,1,Medium,-5.5,74
bab6daee,RIDER_026,7,17,0,9,High,6.5,100
3ceacf60,RIDER_029,6,16,1,1,Medium,4.9,77
880c227c,RIDER_001,5,10,1,5,Medium,0.7,57
4eae9ae3,RIDER_119,2,5,1,4,Medium,0.2,33
df8bf37f,RIDER_035,8,14,1,5,High,5.1,92
b77cd48d,RIDER_059,7,24,1,8,High,-4.3,100
87468ebf,RIDER_069,6,19,0,9,High,5.7,100
8bf51e91,RIDER_012,5,4,0,6,Low,-0.6,80
dc888bc9,RIDER_020,5,20,1,4,Medium,2.7,80
19f614b6,RIDER_043,9,16,0,9,Medium,2.8,100
421594b6,RIDER_126,1,24,1,6,Medium,-3.4,58
e578f9d8,RIDER_050,9,15,1,7,Low,-4.5,75
16cebe3e,RIDER_029,6,9,1,10,High,3.0,77
3c056413,RIDER_039,4,3,1,0,Medium,1.8,45
17054cae,RIDER_038,10,23,1,9,Medium,3.1,100
3e3207d9,RIDER_084,7,9,1,10,Medium,-2.1,60
14f0a7a2,RIDER_128,9,18,1,10,Medium,5.5,95
aee24610,RIDER_126,5,4,1,6,Medium,6.8,56
68ac62f9,RIDER_045,5,19,0,3,Medium,0.9,86
f456eba4,RIDER_052,8,24,1,4,Medium,-2.6,92
1c58f4dc,RIDER_080,7,4,1,1,Low,-0.3,50
523ff92a,RIDER_124,8,9,1,9,Medium,3.2,72
7abe09ff,RIDER_119,10,1,1,4,Low,3.8,73
4395f5e7,RIDER_008,2,1,0,8,Low,9.8,87
4446fe28,RIDER_085,9,20,1,0,Medium,5.3,100
455ef37e,RIDER_129,3,19,0,2,Low,1.0,53
a275bdec,RIDER_008,6,3,1,3,High,4.1,76
69e8a3f0,RIDER_096,6,10,0,8,Medium,3.3,100
adab0997,RIDER_102,2,12,0,1,Medium,2.2,53
fab1c688,RIDER_005,7,18,0,6,Low,8.7,100
5ac8cb0a,RIDER_086,9,14,0,8,Low,-0.5,100
fb9dbf30,RIDER_034,10,10,1,9,Medium,4.4,85
6d6a9818,RIDER_055,1,10,0,3,High,4.3,71
53059829,RIDER_119,8,18,0,4,Low,9.3,100
bf463a2b,RIDER_114,2,24,0,9,Medium,-6.3,100
f7908b89,RIDER_145,1,1,1,3,Low,6.9,30
a9dca4ba,RIDER_026,8,15,0,6,Medium,-2.4,100
2ce0b23c,RIDER_136,2,8,1,7,Medium,-4.1,43
02aacbf5,RIDER_047,6,3,1,7,Low,-1.8,51
50ca15d6,RIDER_113,6,18,1,2,Medium,-3.9,75
2341a968,RIDER_076,5,9,0,1,High,6.7,82
c83fbf35,RIDER_072,8,16,1,5,Medium,8.5,83
9e759103,RIDER_089,3,21,1,0,Low,-0.8,55
1628a871,RIDER_046,10,15,1,8,Low,1.2,72
25ec5072,RIDER_033,4,5,1,6,High,6.5,63
c5d42b99,RIDER_001,7,13,0,7,Medium,8.7,100
1729447e,RIDER_147,7,22,0,6,Medium,2.6,100
b7349840,RIDER_031,8,20,1,4,Low,0.2,80
86847063,RIDER_142,2,7,1,4,High,-3.7,51
c0af12bb,RIDER_053,2,16,1,6,Medium,-2.8,56
23ad2d50,RIDER_048,4,7,1,6,Low,8.5,55
eb8798be,RIDER_069,10,22,1,1,Low,-2.8,82
bd7099b0,RIDER_105,9,16,1,1,High,3.6,100
70942642,RIDER_090,10,13,1,6,Medium,1.0,85
04ff5fdc,RIDER_063,9,17,1,4,Low,0.6,77
e18af1e1,RIDER_073,4,9,0,1,Medium,-4.2,56
0c183029,RIDER_089,9,12,1,0,Medium,1.1,88
9415f686,RIDER_013,3,13,1,8,Medium,8.5,63
c2189800,RIDER_073,5,9,1,10,Low,2.0,53
599aa12d,RIDER_077,10,5,0,7,Medium,4.3,100
ae0e38c6,RIDER_068,9,7,1,1,Low,-3.9,61
c5f35abe,RIDER_098,6,1,1,1,Low,1.5,44
2eec613b,RIDER_125,3,4,1,2,Low,1.3,38
f89f541f,RIDER_102,10,4,0,3,Low,1.5,89
49a018fc,RIDER_132,9,16,0,8,Low,3.7,100
ff19bc85,RIDER_102,6,5,0,5,High,3.0,100
782e7a9b,RIDER_019,4,22,1,2,High,-1.9,86
6ce837c6,RIDER_082,4,4,0,7,Low,-0.9,77
95bf0901,RIDER_141,8,6,0,5,Medium,2.0,96
3d43285b,RIDER_023,7,23,1,7,Medium,10.5,100
a1c9d04f,RIDER_083,1,3,0,9,Low,-1.0,80
0ccdd508,RIDER_109,6,8,1,1,Low,0.1,43
bcfdc2f1,RIDER_075,8,17,1,7,Medium,0.7,79
23db6263,RIDER_129,3,18,0,10,Medium,3.3,100
e8f7fc91,RIDER_088,9,18,1,4,Medium,5.9,90
9e2e29c9,RIDER_054,10,12,1,9,Medium,3.6,96
00912153,RIDER_089,2,1,1,3,Low,-2.1,18
7036501f,RIDER_143,6,23,0,2,Medium,4.5,81
a3b48a32,RIDER_065,1,12,1,8,Low,8.1,46
7b2f9f52,RIDER_076,2,11,1,9,Medium,2.2,42
53d3493a,RIDER_143,5,13,1,6,Medium,1.0,67
7350bb6b,RIDER_149,1,3,0,6,Medium,9.0,80
4a57474a,RIDER_147,8,8,0,5,Medium,-3.2,96
fc71cf40,RIDER_060,1,3,1,8,Low,2.5,29
c9015834,RIDER_093,9,17,1,2,Medium,3.4,91
37824cb6,RIDER_049,10,13,1,0,High,3.2,100
da9d5f5d,RIDER_035,3,10,1,6,High,4.6,63
60c25d6c,RIDER_102,2,17,0,8,Medium,-2.7,100
ca8a5bbb,RIDER_011,1,3,1,5,Low,0.9,24
99322a3a,RIDER_099,9,13,1,9,High,0.5,88
446ac08b,RIDER_110,4,22,1,1,Medium,-2.5,73
f29f8973,RIDER_074,1,6,1,7,Low,-3.8,33
e916e657,RIDER_009,1,14,1,8,Medium,7.1,49
58e6bd05,RIDER_003,7,10,1,9,Low,2.6,69
3007f1b3,RIDER_085,2,20,0,7,Medium,-1.8,100
f7fe3de6,RIDER_026,7,16,1,8,Medium,-1.8,68
48977f57,RIDER_072,7,18,1,0,High,1.9,92
ecca4e08,RIDER_048,10,13,1,2,Medium,5.6,90
74b71d35,RIDER_117,9,10,0,2,Medium,-1.5,77
050e2eef,RIDER_012,7,6,1,8,Medium,4.2,71
844b8c22,RIDER_133,1,10,0,2,Medium,7.8,53
b490e19c,RIDER_048,8,5,0,9,High,4.2,100
58527712,RIDER_037,8,6,1,0,Low,-1.2,65
c56a19fe,RIDER_044,4,7,1,2,Medium,1.6,50
2aba2f27,RIDER_015,8,11,1,1,Medium,0.8,76
e7cb03a0,RIDER_043,4,16,1,8,Medium,0.1,63
7391e6cc,RIDER_087,8,12,1,0,Medium,1.9,77
a680ae3e,RIDER_070,5,12,0,10,Low,-0.1,100
a4ebde63,RIDER_046,4,23,1,1,Medium,-1.8,64
be421a0f,RIDER_108,6,20,1,0,Medium,3.9,78
839c262d,RIDER_123,2,5,1,8,Low,5.8,34
f8a0907b,RIDER_021,2,16,0,6,Low,6.1,95
a7fb004a,RIDER_107,2,6,1,0,Low,-2.1,29
000a8651,RIDER_080,9,9,1,9,Medium,6.0,81
c85d79be,RIDER_047,10,5,1,5,Medium,8.4,84
ae339ce4,RIDER_117,3,21,0,4,High,-2.2,97
80716a85,RIDER_124,10,23,1,9,Low,-1.6,87
8f038690,RIDER_143,4,16,1,10,Medium,-3.0,58
23a582dd,RIDER_025,10,18,1,4,Medium,-2.4,90
38266a1c,RIDER_036,8,19,0,3,Medium,7.7,100
0406ffdb,RIDER_051,4,12,1,2,Medium,-1.6,50
7f9ed00a,RIDER_015,10,2,0,7,Medium,4.9,100
dfc9c05d,RIDER_068,10,10,0,6,Low,-4.2,100
92c254dc,RIDER_021,7,12,1,4,High,-3.5,83
c0a157af,RIDER_141,5,14,1,8,Low,-1.2,54
c7cdf49f,RIDER_019,9,18,1,6,Medium,4.3,93
b2ca0419,RIDER_034,4,19,1,9,Low,1.2,52
51b355d1,RIDER_078,3,6,1,1,Medium,1.7,44
f6fbbc61,RIDER_125,2,5,1,6,Medium,-1.1,40
d93cb9e7,RIDER_117,1,16,1,6,Low,-0.2,36
b4c57686,RIDER_052,6,14,1,3,Low,-2.6,64
99659921,RIDER_027,10,13,0,7,Low,4.7,100
6e81b0fc,RIDER_035,2,21,0,3,Medium,3.4,82
695aeb38,RIDER_136,8,2,1,6,Medium,0.8,62
857686d9,RIDER_144,6,2,1,3,High,0.7,73
f1cb8ae2,RIDER_106,5,12,0,7,Low,3.1,91
6811a1ec,RIDER_146,2,1,0,2,Low,5.8,35
0d5611dc,RIDER_002,7,19,0,1,Low,-0.6,73
79cb0894,RIDER_077,2,16,1,9,Low,4.7,43
a54e5a2a,RIDER_132,5,7,1,5,Medium,-0.6,50
f3b295d5,RIDER_090,2,21,1,6,High,1.1,74
39339f9c,RIDER_089,10,7,1,6,Low,1.2,69
7bb39d8f,RIDER_094,2,16,1,5,Medium,6.5,62
501dd62a,RIDER_007,7,6,1,10,Medium,0.1,53
cd72e094,RIDER_095,9,18,1,7,High,-6.2,91
f0edf349,RIDER_108,5,1,0,5,Medium,-1.9,77
60762926,RIDER_074,7,1,1,5,High,9.8,87
bf895a3d,RIDER_039,4,14,1,2,Medium,-4.6,60
50e838df,RIDER_141,2,6,0,1,Medium,-5.5,35
1f933371,RIDER_071,3,6,0,6,Low,5.2,79
3b5fbd48,RIDER_056,2,4,1,5,High,4.8,58
acd67ccd,RIDER_042,5,12,1,0,Medium,0.5,61
ee4d2379,RIDER_036,6,18,1,1,Medium,4.1,79
e0f5ff73,RIDER_084,7,10,1,1,Medium,0.2,65
60d1a2cc,RIDER_118,3,3,1,0,Low,-1.9,29
53304744,RIDER_007,4,3,1,2,Low,8.8,49
71ad4d3d,RIDER_054,8,8,1,4,Low,-0.7,57
699b058c,RIDER_129,4,22,1,3,High,-3.4,76
ac608aa6,RIDER_120,7,23,1,1,Medium,-4.7,74
c396d130,RIDER_106,6,1,1,7,Medium,7.2,59
8d865fdd,RIDER_047,7,18,1,8,Medium,2.7,75
5e568810,RIDER_123,1,15,1,7,Medium,5.4,50
e1b49d3b,RIDER_141,3,21,0,6,Low,9.4,100
313d1077,RIDER_119,6,20,1,9,Low,-0.0,69
3e0242e2,RIDER_150,3,17,1,1,High,10.5,83
83bacc61,RIDER_118,7,11,1,5,Low,1.5,62
5b2c49b8,RIDER_021,9,13,0,10,Medium,2.3,100
0c053909,RIDER_137,3,20,0,3,Medium,7.6,91
49ab5c54,RIDER_026,1,10,0,4,Medium,2.2,68
b3fd474a,RIDER_009,10,13,1,8,High,5.3,95
7ddd4037,RIDER_015,6,17,1,8,Low,0.1,61
66947089,RIDER_010,1,21,1,3,Medium,3.6,57
bbeb27df,RIDER_122,1,1,1,7,Medium,7.6,41
00d639b7,RIDER_121,8,20,1,10,High,4.4,98
c46273e6,RIDER_125,9,16,0,4,High,0.4,100
e0e9d599,RIDER_072,2,16,1,8,Low,2.3,49
e1ca1a5a,RIDER_049,9,21,0,1,Medium,0.4,86
d86d1f4d,RIDER_091,5,3,1,3,High,1.7,61
f14c4bec,RIDER_037,8,2,0,2,Low,8.0,70
60f461cc,RIDER_068,7,6,1,6,Medium,2.5,61
b57ef3cc,RIDER_050,7,11,0,1,Medium,5.4,68
573c5816,RIDER_019,4,3,1,2,Medium,4.0,53
5d37c76d,RIDER_100,2,1,0,8,Medium,7.2,89
019ea042,RIDER_060,5,11,1,7,Medium,-2.2,57
741bc3c7,RIDER_089,3,13,1,1,Medium,2.8,57
ba935477,RIDER_146,9,5,1,5,Medium,9.4,86
3e391b78,RIDER_147,6,18,1,2,High,-0.6,85
57dfcd54,RIDER_069,1,15,0,5,Medium,10.8,90
46ba6bd0,RIDER_049,3,18,0,4,Low,-1.4,82
e11e40bb,RIDER_108,4,15,1,9,Medium,0.9,58
aeea88cd,RIDER_119,9,20,0,3,High,5.2,100
f9da2a5b,RIDER_149,6,20,1,6,Low,2.6,73
7c7c59bd,RIDER_150,4,20,1,10,Medium,-6.1,61
01633bcc,RIDER_037,1,7,1,9,Medium,3.6,42
a694b633,RIDER_143,8,17,0,6,High,2.5,100
e063662f,RIDER_011,2,8,1,3,High,-0.2,52
54357e8a,RIDER_138,8,13,0,2,Medium,1.0,85
9a5e9524,RIDER_078,6,16,1,3,Low,-6.2,61
7ebc7908,RIDER_077,8,10,1,1,Low,-0.2,53
64225603,RIDER_002,6,14,1,3,Low,4.9,59
50ad3dfa,RIDER_064,5,6,1,3,Medium,2.7,57
e56f86de,RIDER_035,5,20,1,4,Low,6.0,64
e899942e,RIDER_007,10,22,1,0,Medium,9.4,100
522f53ee,RIDER_085,10,7,0,1,Low,-1.3,71
37b99fbf,RIDER_146,8,6,1,7,Medium,-1.6,65
eec0d9ca,RIDER_067,7,17,0,7,High,5.8,100
0cefa61c,RIDER_042,8,21,1,7,Medium,1.4,91
ac7e0ac0,RIDER_118,8,24,1,4,High,1.3,100
cf08a402,RIDER_125,7,8,1,7,Low,12.8,71
6b1858f2,RIDER_024,2,12,1,8,Low,7.0,52
a72160b9,RIDER_046,9,4,1,3,Low,2.6,67
b4c29d2b,RIDER_019,7,10,1,3,High,4.0,84
0deced4b,RIDER_068,6,6,1,6,Medium,2.9,57
ef55c05c,RIDER_102,9,7,0,4,High,-3.3,100
129c1abe,RIDER_042,1,21,1,10,Low,3.4,50
58573440,RIDER_032,2,8,1,9,High,1.4,50
6cd9110d,RIDER_109,1,3,1,0,Medium,-0.6,34
7e54a1c8,RIDER_036,10,8,0,7,Medium,0.5,100
f97a2f02,RIDER_097,3,15,1,3,High,-3.0,66
7c035022,RIDER_131,5,21,0,7,High,-4.2,100
fa2a80bd,RIDER_073,1,1,0,1,High,-0.8,41
d115cd9e,RIDER_136,4,13,1,3,Low,-1.3,48
2b4e626e,RIDER_097,8,22,1,1,Medium,9.7,96
bfa67179,RIDER_123,6,18,0,4,High,7.6,100
009e6b84,RIDER_070,1,15,1,9,Medium,0.2,51
7bc94b44,RIDER_013,1,7,1,9,Medium,4.1,46
347472ca,RIDER_049,3,15,1,7,Low,2.0,49
7e9f9936,RIDER_060,10,3,0,10,Low,-0.1,100
1bc94e4f,RIDER_130,8,14,0,6,Medium,-1.8,100
6d92978e,RIDER_005,8,20,1,10,Medium,0.7,83
0ab594e1,RIDER_027,3,4,0,4,Low,0.1,52
7e16978f,RIDER_149,7,4,1,10,Low,1.4,51
1c894d49,RIDER_008,3,3,1,6,Medium,10.2,57
7ed703d5,RIDER_050,4,5,1,4,Medium,1.6,53
4017f7f2,RIDER_067,9,11,0,6,Low,-3.0,100
7cf58c04,RIDER_044,4,8,1,3,High,1.2,61
4ef1b39a,RIDER_125,3,2,1,3,Low,6.7,42
0ac5e0ec,RIDER_058,5,16,1,9,Medium,10.2,72
51c3a36d,RIDER_003,7,10,1,3,Low,-3.4,64
3e7025b3,RIDER_086,5,18,1,10,Medium,2.2,66
b1d1ae5c,RIDER_070,4,7,1,7,Medium,3.4,53
ae42b825,RIDER_130,8,5,1,0,Medium,6.0,76
a5ad0c8a,RIDER_002,4,7,1,9,Medium,1.3,50
b1863bb3,RIDER_102,2,21,0,4,High,2.0,96
e80e72ca,RIDER_035,10,6,1,9,Low,0.3,69
ea2a624b,RIDER_098,6,24,1,1,Medium,-3.2,76
5c4035d3,RIDER_030,2,1,1,9,Medium,5.8,42
5b66aef2,RIDER_116,3,11,0,3,High,-1.8,81
595f1057,RIDER_008,1,13,1,4,Medium,-4.3,38
5452cb07,RIDER_150,5,12,0,7,Low,0.1,100
df491b3b,RIDER_044,9,1,0,1,Medium,-4.7,63
165fcf05,RIDER_036,2,21,1,1,High,0.4,71
5801957d,RIDER_077,7,15,1,1,Low,0.2,61
10fd04e5,RIDER_031,5,1,0,7,Medium,1.6,86
dd43abdd,RIDER_047,2,3,1,2,Medium,0.1,39
0e337b9d,RIDER_055,8,15,1,4,Low,2.2,72
6b09691b,RIDER_106,6,9,1,1,Medium,9.5,75
be46c95b,RIDER_121,4,14,1,5,Low,-8.0,49
55d93ebd,RIDER_055,4,23,0,9,High,8.1,100
d5f6e28c,RIDER_144,2,22,1,5,Medium,-3.8,61
ae333f6e,RIDER_012,3,24,1,1,High,3.8,85
8663ac12,RIDER_145,7,8,1,3,Medium,7.1,72
f739e249,RIDER_144,3,22,0,10,Low,1.2,100
704cdfbd,RIDER_140,5,4,1,1,Medium,2.8,54
efd7f020,RIDER_136,10,20,0,9,Medium,4.9,100
07b25fde,RIDER_003,6,20,0,3,High,6.2,100
961b3bbf,RIDER_144,6,6,1,10,High,-2.7,67
eab385eb,RIDER_030,4,1,1,6,Medium,3.7,50
f4bb5e6d,RIDER_023,6,18,1,4,Medium,1.8,80
38042e21,RIDER_092,3,6,0,9,High,4.0,100
a4df41ac,RIDER_115,7,14,0,3,High,4.0,100
a766770d,RIDER_104,7,11,0,9,Medium,1.8,100
072400a1,RIDER_118,4,17,1,9,Medium,2.0,66
7d13e83b,RIDER_005,2,9,1,2,Medium,4.2,48
3f8f2060,RIDER_104,7,22,1,5,Medium,0.2,79
eefcf195,RIDER_108,3,7,1,1,High,5.0,64
4dbfa65e,RIDER_065,1,14,1,3,Low,-1.0,30
c56f1e2e,RIDER_121,2,17,1,7,Medium,9.9,63
393ed2b7,RIDER_030,10,8,1,1,Medium,4.0,81
70275941,RIDER_149,9,16,1,8,Medium,3.0,87
686583e0,RIDER_084,8,12,1,1,Medium,-0.3,78
c6541e75,RIDER_150,6,12,1,7,Medium,1.5,69
84ad7135,RIDER_032,6,5,1,7,Medium,3.7,60
224f98f6,RIDER_016,1,5,1,6,Medium,7.0,39
c4a67fcc,RIDER_038,2,14,1,9,Medium,-2.6,48
d1935a73,RIDER_142,4,6,0,5,High,-3.4,94
564fff49,RIDER_036,3,7,1,0,Medium,0.2,43
acae3640,RIDER_114,1,23,0,1,High,0.4,66
55954a24,RIDER_066,8,21,1,6,Low,0.2,81
385efc7b,RIDER_105,7,17,1,10,Medium,3.9,81
da25da6d,RIDER_085,4,9,1,3,Medium,2.9,56
c0eac007,RIDER_002,9,22,1,8,Medium,1.1,91
f8bad163,RIDER_075,4,13,1,2,Low,7.4,64
26631a0c,RIDER_067,1,9,0,3,Medium,11.2,67
5d81c574,RIDER_055,10,16,1,2,Medium,4.2,95
a4fe9984,RIDER_006,1,4,1,6,Low,3.8,22
aa46a250,RIDER_150,1,2,1,1,Medium,2.3,31
30c8967a,RIDER_143,1,13,1,9,Medium,-2.5,36
07c068d6,RIDER_086,4,13,0,1,High,6.0,79
4f1e0541,RIDER_060,1,19,0,1,Medium,1.1,43
23349a05,RIDER_101,2,12,1,3,Medium,1.8,42
46244990,RIDER_012,4,4,1,7,Medium,2.5,49
54cf4b60,RIDER_049,7,10,1,7,High,-2.8,78
d37bdfe5,RIDER_042,2,16,0,7,High,7.3,100
b55fcdd3,RIDER_082,8,24,1,7,Medium,5.4,100
5a72e446,RIDER_035,7,19,0,6,Medium,-1.3,100
1f38659e,RIDER_134,9,8,1,5,High,-2.2,82
75730988,RIDER_067,6,6,0,6,High,-1.1,100
96a3538f,RIDER_080,4,4,1,4,Low,-1.2,41
e5026250,RIDER_007,6,7,1,7,Medium,-2.5,56
2ec1528a,RIDER_014,4,14,1,1,Medium,3.3,55
e3036a19,RIDER_073,7,13,0,4,Low,3.2,96
7de5c15b,RIDER_143,9,21,0,6,High,-3.0,100
628839fd,RIDER_149,3,5,0,8,Medium,10.2,100
437ac293,RIDER_066,3,9,0,9,Medium,-2.0,100
e09f4110,RIDER_091,2,3,1,0,Low,-6.1,30
874772b8,RIDER_130,1,10,0,10,Medium,4.6,100
bf23a770,RIDER_020,1,15,0,8,Low,1.9,88
17a1c6ce,RIDER_010,3,20,1,2,High,0.5,64
e3528b83,RIDER_025,7,21,1,0,Medium,2.5,89
44ed64c5,RIDER_025,9,17,1,6,Low,1.8,81
b2c0f9dc,RIDER_054,2,23,1,2,Low,4.8,54
0a24e663,RIDER_033,7,24,0,7,Medium,1.2,100
2e6dddeb,RIDER_095,1,6,1,10,Medium,0.0,40
dd25ba94,RIDER_014,2,3,1,1,Medium,2.9,40
d6e5e377,RIDER_065,6,18,1,3,High,5.2,96
8d587ea9,RIDER_110,5,5,1,1,Medium,1.6,55
3ea6a08f,RIDER_080,8,13,1,10,Medium,1.8,74
ac2efe3f,RIDER_054,2,1,0,3,Medium,7.2,61
4d689098,RIDER_125,1,17,1,0,Medium,2.2,50
d9c5e842,RIDER_131,7,3,0,9,Medium,-3.8,100
a5ed8e76,RIDER_134,6,19,1,4,Medium,2.3,72
7a4a2ccc,RIDER_025,8,21,0,2,Medium,2.0,86
79613058,RIDER_141,8,20,1,8,Low,3.0,82
9e38cdc7,RIDER_117,2,22,1,3,Medium,2.9,62
ecacbc65,RIDER_136,8,12,1,5,Low,2.1,71
ac120ed9,RIDER_149,6,8,0,8,Low,3.3,100
2ccaf585,RIDER_025,9,8,1,1,Medium,-2.8,77
16b7daaf,RIDER_079,7,15,1,6,Medium,11.0,90
e898a796,RIDER_068,2,11,0,2,Low,2.3,36
5e95d864,RIDER_012,8,20,1,0,Low,-2.3,69
20f98134,RIDER_032,9,1,1,8,Medium,-3.9,72
6b3a59a4,RIDER_128,7,16,1,8,Low,3.9,67
8caa20c4,RIDER_096,4,14,1,10,High,0.4,69
960e7443,RIDER_092,9,7,1,3,High,3.2,88
d95a8d3a,RIDER_141,4,6,1,8,High,10.5,73
b64b6aba,RIDER_031,4,21,0,6,Medium,2.1,100
64b5fe08,RIDER_078,9,4,1,3,High,6.4,90
75c0a9cb,RIDER_020,8,22,1,1,Medium,-1.9,79
95660647,RIDER_146,4,8,1,4,Medium,3.0,56
68cad824,RIDER_060,8,22,1,7,Medium,-1.4,84
843e659c,RIDER_134,8,19,1,9,Medium,-2.6,83
13015ec5,RIDER_093,7,3,0,9,Medium,2.8,100
e428f4dc,RIDER_043,10,4,0,5,High,7.9,100
84cf628e,RIDER_130,6,13,0,10,Medium,5.9,100
398820ca,RIDER_060,8,21,1,4,Medium,12.9,100
85cd43e7,RIDER_031,7,2,0,3,Low,1.8,66
badf7427,RIDER_005,5,11,0,10,High,3.4,100
8f04f627,RIDER_010,4,16,1,5,Low,4.7,67
6eb6ef52,RIDER_089,2,10,1,10,High,2.5,58
04fa4273,RIDER_130,8,15,1,2,Medium,5.5,89
ca27883f,RIDER_126,9,10,1,1,Medium,-0.2,71
57af55ae,RIDER_011,4,2,1,0,Medium,-0.8,45
c9ae4728,RIDER_056,4,6,1,8,Medium,-0.1,52
ebc45aae,RIDER_083,5,14,1,0,Medium,-2.0,58
811b4e99,RIDER_137,2,2,1,10,Low,-4.7,31
30708e0e,RIDER_099,7,10,1,3,Low,1.4,64
aa82e07b,RIDER_149,5,17,1,5,Low,-6.9,64
1e6a86e4,RIDER_073,6,8,0,8,Medium,0.4,100
27d4e8e3,RIDER_115,4,16,1,3,Medium,-6.3,50
8ff7407b,RIDER_007,8,14,0,6,Medium,8.4,100
54596f15,RIDER_080,8,10,1,6,High,0.4,83
5baa0491,RIDER_144,5,13,1,5,High,-9.2,77
abcb4a93,RIDER_097,6,1,1,8,High,2.1,61
b7ebae20,RIDER_004,3,10,0,10,Medium,3.1,100
fbc38fa4,RIDER_004,1,22,1,9,Low,-0.4,46
f8af602e,RIDER_103,9,12,1,6,Medium,8.5,96
e84a7810,RIDER_040,9,17,1,2,Low,4.4,75
8f2485e1,RIDER_017,3,24,0,5,Low,1.0,90
2a10a2bf,RIDER_101,4,14,1,6,Medium,4.1,71
0b6b1083,RIDER_103,7,5,1,6,High,8.2,81
66a57253,RIDER_124,2,19,1,5,Medium,-2.9,49
e6117cd9,RIDER_052,3,5,1,2,High,-1.3,54
425d28aa,RIDER_052,6,15,0,5,Low,2.1,99
9ce90e9a,RIDER_124,8,13,0,1,Medium,-4.7,73
1a26c51d,RIDER_063,1,17,1,9,Medium,3.1,52
6eeb003e,RIDER_116,4,1,1,0,Medium,8.6,55
de68c8d8,RIDER_062,1,14,0,7,Medium,1.5,90
1fc11526,RIDER_007,2,4,1,2,High,-4.3,51
6ef2ec04,RIDER_092,8,9,0,7,Medium,5.2,100
a442590a,RIDER_014,6,17,0,2,High,8.6,90
be486865,RIDER_086,9,3,1,1,Low,-8.9,60
49383c1d,RIDER_133,2,13,0,7,High,4.1,100
3f1d56a0,RIDER_130,3,12,1,2,Low,4.6,54
c38304e6,RIDER_062,9,16,1,7,Low,3.9,78
6cf9732e,RIDER_149,9,4,0,1,Medium,2.9,74
b54bc9f3,RIDER_079,6,18,0,3,Medium,2.5,97
8cffec0c,RIDER_149,3,23,0,8,Medium,1.0,100
ad3a8e7f,RIDER_138,5,3,1,0,High,7.9,72
392f6967,RIDER_058,2,17,0,1,Medium,2.4,56
0903473e,RIDER_120,7,1,1,1,Medium,11.6,69
174d3e5c,RIDER_133,10,19,1,8,Medium,5.8,100
0f672e38,RIDER_065,8,22,1,9,Medium,2.4,87
6934ebcf,RIDER_013,6,4,1,4,Low,-1.7,43
818d0a4c,RIDER_082,8,17,1,10,Medium,4.3,86
18bae143,RIDER_139,2,7,1,3,Low,-1.3,37
1f60b970,RIDER_149,3,2,0,9,High,-0.6,100
ad4424b5,RIDER_052,7,12,0,9,Medium,0.5,100
2e4dabbe,RIDER_117,10,5,0,3,Medium,-3.1,94
d1840a24,RIDER_026,1,16,1,6,High,9.0,71
fc84e27c,RIDER_034,7,8,0,2,Low,-2.8,52
8863b400,RIDER_052,6,23,0,8,Medium,3.1,100
1daf5eb5,RIDER_112,8,8,1,4,Low,-1.2,59
71d2723a,RIDER_082,7,13,0,10,Medium,-3.7,100
877522b7,RIDER_042,4,14,1,8,Medium,1.1,58
448d6d47,RIDER_021,3,11,1,0,Low,1.4,42
fb485548,RIDER_042,3,6,1,9,Medium,8.1,55
7106fc29,RIDER_141,4,16,0,7,Medium,3.7,100
a4e2d0cc,RIDER_113,9,23,0,1,Medium,2.9,97
86251b06,RIDER_105,9,22,1,7,High,5.0,100
b2a985a5,RIDER_017,2,15,1,3,Medium,0.9,51
e0f1f22f,RIDER_120,5,16,0,1,Medium,-0.4,63
98035e05,RIDER_137,1,13,0,1,Medium,-0.6,44
c3c7b5cb,RIDER_129,4,12,1,5,Medium,-0.9,56
7143b472,RIDER_130,2,18,1,2,Medium,3.2,55
e7e68e4b,RIDER_060,8,18,0,10,High,-3.8,100
27da69ba,RIDER_048,4,14,1,9,Low,1.1,48
10700182,RIDER_029,5,2,1,2,Low,7.3,46
a9b3990e,RIDER_097,4,22,1,8,Medium,3.2,71
07b96c97,RIDER_010,5,2,0,4,Low,1.6,69
50ff87e2,RIDER_058,5,3,0,6,Low,-0.1,79
9e570ee2,RIDER_021,5,24,1,4,Low,-1.4,69
eb490af1,RIDER_028,3,8,1,1,High,7.0,68
556748af,RIDER_034,7,11,1,10,Low,2.4,68
9041ac60,RIDER_008,3,12,1,10,Low,-0.0,46
b3e07ba3,RIDER_079,2,4,1,7,Medium,0.8,31
8a153102,RIDER_145,3,9,1,8,High,-1.5,57
51786593,RIDER_087,3,24,1,10,Medium,2.4,65
0c90668d,RIDER_088,8,17,1,1,High,2.4,97
b5052533,RIDER_069,4,24,0,1,High,4.4,91
2a624452,RIDER_087,3,16,1,3,Medium,-4.1,58
e25c2e44,RIDER_101,10,17,1,7,Medium,2.5,86
6a1a30ba,RIDER_008,5,15,1,4,Medium,4.2,68
8ff19cf6,RIDER_077,4,20,1,4,Medium,1.4,71
12aeb5d8,RIDER_087,9,22,1,6,Low,7.4,94
c12bc828,RIDER_043,8,7,1,3,High,4.6,76
a38d49c6,RIDER_129,7,10,1,8,Medium,6.3,83
ac0728ea,RIDER_109,8,4,1,3,High,-2.3,75
cd330bcf,RIDER_017,5,24,0,7,Medium,-5.3,100
550a8cc3,RIDER_133,4,24,1,2,Medium,3.1,74
56817c9b,RIDER_148,7,14,1,5,High,-6.1,81
90a99378,RIDER_021,1,14,1,0,Medium,-0.4,37
35a0c1b5,RIDER_058,6,14,0,6,Medium,1.9,100
ed850e59,RIDER_110,8,14,1,10,High,5.0,97
f286e18d,RIDER_139,7,22,0,6,Low,2.4,100
9c0e979c,RIDER_143,2,20,1,1,Medium,7.8,69
d444bf81,RIDER_135,7,18,0,4,Low,-0.8,92
7cf552b9,RIDER_028,6,15,1,3,High,-1.6,78
f7ba7bbc,RIDER_051,5,23,0,9,Medium,11.1,100
ba9e9756,RIDER_005,4,19,0,8,Low,1.4,100
f062d123,RIDER_005,1,13,1,1,Low,2.5,37
f08c16c8,RIDER_094,2,12,0,2,Medium,-0.3,48
ac645e9a,RIDER_096,7,19,1,0,Medium,-1.5,76
e3762d23,RIDER_008,10,19,1,9,Low,1.4,81
8541652a,RIDER_064,3,20,1,4,High,6.2,81
477a2091,RIDER_138,5,2,0,2,High,1.1,59
e466a556,RIDER_038,8,21,1,3,Medium,-8.0,80
c62f80a2,RIDER_111,8,3,1,3,Medium,-2.4,70
42944cf8,RIDER_112,6,10,1,5,High,9.5,85
6de09b16,RIDER_081,5,5,1,9,High,-8.1,64
840a5bdd,RIDER_136,2,12,1,6,Low,-0.9,37
d56b2fd3,RIDER_104,9,7,0,6,Medium,3.8,100
8113e39c,RIDER_073,1,9,0,10,High,3.9,100
42a58d42,RIDER_049,2,2,1,7,Medium,3.9,42
165939f0,RIDER_036,1,10,1,2,High,5.6,63
83592b13,RIDER_126,4,6,1,4,High,1.1,55
f5d713ed,RIDER_068,4,12,1,9,Medium,-2.1,60
db801727,RIDER_078,5,6,1,5,High,1.1,69
189fc9c4,RIDER_105,5,3,1,5,Low,6.8,48
c55099fe,RIDER_122,8,10,1,7,Low,-4.6,60
fac1a9e0,RIDER_119,3,9,1,4,Low,0.2,38
2551e767,RIDER_114,6,20,0,4,Medium,2.1,100
6a1eb8e7,RIDER_010,3,5,1,0,Low,-0.6,33
4804b102,RIDER_149,2,3,1,0,Medium,-0.1,32
69a94597,RIDER_140,8,5,0,5,Low,3.6,92
90d0cc1d,RIDER_091,1,8,1,9,Medium,2.5,33
98a96397,RIDER_002,9,8,0,9,High,5.8,100
894bc226,RIDER_118,7,14,0,4,Medium,4.2,100
1a2235ca,RIDER_013,10,24,0,10,High,6.1,100
5fda9c59,RIDER_095,4,22,1,9,Low,-0.6,65
32ec393e,RIDER_144,3,17,1,5,Medium,12.4,74
6d17ea6e,RIDER_032,6,11,1,8,Low,-4.7,52
8c7060f5,RIDER_032,9,16,1,7,Medium,5.2,84
dc2f4c26,RIDER_124,9,6,1,6,Medium,-2.1,65
17c11ea5,RIDER_011,4,11,1,6,Medium,-4.6,55
4f3a1e52,RIDER_010,10,10,0,5,Low,8.7,100
3f16c571,RIDER_015,5,23,1,5,Low,0.5,61
b2ce3f6b,RIDER_017,9,9,1,0,Medium,-3.1,66
8d47daaa,RIDER_146,2,24,1,6,Medium,0.4,60
b5a30ee8,RIDER_059,2,24,1,4,Low,-0.7,48
4262de70,RIDER_078,5,15,1,6,Medium,1.4,65
e875bdaf,RIDER_124,1,7,1,5,Low,0.7,32
dee76441,RIDER_114,8,18,1,7,High,-3.4,88
b845342d,RIDER_022,5,1,1,2,Medium,2.3,51
51c5359f,RIDER_032,10,15,1,7,Low,1.9,85
bfd7fe47,RIDER_113,2,2,1,6,Medium,8.5,47
afabbe9e,RIDER_120,9,22,1,0,Medium,7.8,100
79af804e,RIDER_149,2,2,1,2,High,2.0,46
55645878,RIDER_122,7,10,0,9,Medium,3.8,100
e73941f5,RIDER_032,8,20,1,3,Medium,-2.2,84
a66c54b4,RIDER_119,6,15,1,8,Medium,4.6,70
95d559de,RIDER_039,7,10,1,5,Medium,12.9,92
3591abbd,RIDER_012,1,19,1,6,Medium,-2.6,41
105e36f1,RIDER_018,4,22,1,4,Low,-0.4,63
0c07e6b3,RIDER_149,7,13,1,2,Medium,3.0,69
001d4dd7,RIDER_141,1,24,1,4,Medium,2.7,60
06e05155,RIDER_149,1,11,1,6,Medium,2.5,49
ba59be7b,RIDER_126,6,22,0,8,Medium,-0.7,100
fc550c85,RIDER_136,4,2,0,8,Low,-3.6,88
6ce66b12,RIDER_046,3,21,1,7,Medium,-1.4,53
b95cc9c2,RIDER_104,5,13,1,4,Medium,5.3,67
8dd8e7b7,RIDER_135,9,22,1,6,Low,10.1,100
124c3298,RIDER_086,10,22,1,3,Low,4.1,91
115f9ae1,RIDER_150,10,21,0,9,Medium,0.7,100
b166f0c6,RIDER_089,10,1,1,4,Low,5.3,72
4cc7cfce,RIDER_022,3,5,1,3,High,-3.4,49
f55f3b8f,RIDER_092,5,21,1,2,Low,1.9,59
72d2c62d,RIDER_029,10,22,0,10,Low,-0.4,100
4047f6ab,RIDER_013,5,7,1,0,Low,0.9,48
c1e89f65,RIDER_002,9,13,1,4,Low,-0.3,67
f8a6a510,RIDER_029,10,13,0,1,Medium,-2.4,82
60b4dce2,RIDER_027,4,20,1,5,Low,8.8,71
2a2c52c7,RIDER_050,1,23,1,4,Low,-0.5,44
5bce9057,RIDER_095,10,21,0,10,High,-0.5,100
ee17cdd5,RIDER_088,5,6,1,1,Low,1.8,47
1032c7bb,RIDER_044,1,20,0,7,Low,2.8,92
e09398bc,RIDER_022,6,12,1,4,Medium,8.5,75
bac6f536,RIDER_097,10,8,1,1,Medium,2.7,83
456b7272,RIDER_003,10,9,1,0,Medium,4.2,84
967454d5,RIDER_118,7,18,1,1,High,-5.4,80
de6d699c,RIDER_019,1,11,1,0,Medium,3.2,52
c81443cd,RIDER_023,10,20,0,9,Medium,-1.0,100
397f893a,RIDER_030,4,11,1,9,High,-1.0,71
8f5a0f48,RIDER_039,9,24,0,2,Medium,-2.8,88
0f832776,RIDER_108,1,24,0,2,Low,0.7,47
af2ee715,RIDER_111,9,15,1,9,Medium,3.5,94
5e33c7e0,RIDER_025,8,9,1,0,Medium,3.7,65
496783ac,RIDER_128,5,3,1,6,Medium,2.8,52
d7d05fac,RIDER_111,6,17,1,9,Low,-0.5,67
a78f69d6,RIDER_136,7,17,1,6,Medium,-0.9,72
456eed6a,RIDER_106,4,3,1,8,Low,0.3,38
d4e78bb5,RIDER_144,6,19,1,4,Medium,2.4,80
88e502d8,RIDER_072,7,9,1,3,Medium,-4.3,64
95d75efd,RIDER_129,6,17,1,4,Medium,1.0,77
6900c751,RIDER_108,6,23,1,7,Medium,0.5,78
d4d24eff,RIDER_005,2,18,1,7,Medium,3.4,56
c2d3aa4e,RIDER_003,5,23,0,3,Medium,13.3,100
72011388,RIDER_132,3,15,1,7,High,2.0,74
13aa62ce,RIDER_104,7,1,1,3,Medium,2.0,55
233f9f22,RIDER_064,4,10,1,3,Medium,4.6,58
42c1c11d,RIDER_106,1,8,1,10,High,1.2,46
596f451d,RIDER_098,6,10,1,7,Low,3.7,58
ddc31276,RIDER_010,6,2,0,1,Low,7.2,53
cd71f593,RIDER_149,7,19,1,3,Medium,0.8,79
e03532f3,RIDER_128,8,14,1,0,Medium,8.1,80
ef0ec78e,RIDER_046,3,8,1,0,High,2.8,61
872b8cb4,RIDER_066,6,19,1,10,Medium,5.2,83
d5bacfa3,RIDER_112,10,1,0,7,Medium,6.1,100
97c08adb,RIDER_013,2,16,0,3,Medium,7.3,84
76c61e0c,RIDER_137,9,24,1,5,High,6.5,100
4d6aa94e,RIDER_086,2,15,0,4,Low,7.6,82
696f169a,RIDER_090,3,20,1,9,Medium,2.7,60
790577a8,RIDER_058,10,24,0,5,Low,-0.8,100
b7123c8f,RIDER_054,2,5,1,3,Medium,2.4,44
4e4c7e02,RIDER_012,9,3,0,3,Medium,-2.3,78
7b048b08,RIDER_014,1,17,1,6,High,0.7,53
ef04b12f,RIDER_121,5,10,1,0,Medium,-0.4,56
9a1fd1ca,RIDER_121,1,5,0,8,Low,-4.0,77
d3e20ebb,RIDER_020,5,11,1,9,High,5.7,76
9a5130c9,RIDER_075,8,6,1,2,High,7.3,81
65f341ff,RIDER_144,8,4,1,3,Low,-0.9,60
065a85a7,RIDER_070,8,7,0,8,Low,4.6,100
0c36e19e,RIDER_056,2,19,0,4,Medium,12.6,93
55da2543,RIDER_101,8,7,0,3,Medium,6.8,86
9715b1a7,RIDER_132,5,14,0,5,High,-2.1,100
ede5b26b,RIDER_111,1,17,1,0,Low,5.6,47
1c600e8c,RIDER_125,7,23,1,9,Medium,1.3,80
75062813,RIDER_132,6,17,1,0,Medium,5.5,81
8b60ac0a,RIDER_020,5,13,1,4,Low,11.3,72
15ad5a4d,RIDER_138,1,1,1,4,Medium,1.7,31
accff8be,RIDER_024,1,2,1,10,Medium,7.6,41
5dca3a78,RIDER_037,6,18,1,8,High,-1.0,81
ed6c3f0b,RIDER_054,10,4,1,0,Medium,0.1,75
e6980170,RIDER_103,7,13,1,2,Medium,-5.9,62
9087f678,RIDER_149,10,1,0,2,Low,8.5,72
251fc629,RIDER_038,10,4,0,3,Low,-4.6,78
fbd23d8b,RIDER_004,1,2,0,6,Low,-2.5,61
c2bae1b5,RIDER_057,9,4,0,6,Low,2.9,100
bcfe7899,RIDER_020,4,16,1,9,Medium,10.2,75
42f61839,RIDER_017,5,4,1,4,Medium,-5.6,49
1253f1e0,RIDER_119,2,9,0,8,Low,3.5,85
54854bf3,RIDER_071,10,17,1,6,Medium,-3.7,89
f219bc9c,RIDER_004,8,21,0,1,Low,8.7,92
e7412431,RIDER_014,2,23,1,2,High,2.7,75
5c05f7cb,RIDER_003,3,20,1,10,Medium,8.2,70
4b99e468,RIDER_080,9,21,1,6,Medium,-1.1,84
032c66d7,RIDER_055,2,2,0,4,Medium,0.2,65
0e065518,RIDER_132,6,3,0,6,Medium,-1.7,100
08fc19ad,RIDER_120,4,23,0,8,Medium,7.8,100
06568942,RIDER_024,7,15,0,8,High,7.7,100
4cf91796,RIDER_082,6,7,1,2,Medium,-0.6,59
91fc7172,RIDER_147,10,4,1,7,Medium,5.9,85
39c423d7,RIDER_060,9,12,0,5,Medium,1.6,100
f72e6722,RIDER_147,9,1,1,3,Medium,-5.8,70
907a3c51,RIDER_049,10,17,1,3,High,4.0,100
415beb63,RIDER_063,4,4,1,3,Medium,5.4,62
5db18a1a,RIDER_110,1,4,1,6,Low,6.4,36
fd76cfb8,RIDER_150,2,22,0,5,Medium,2.3,93
9b1ade14,RIDER_109,8,23,1,1,High,0.6,100
b47e6261,RIDER_076,10,9,0,4,High,0.0,100
4cccbe54,RIDER_030,8,21,0,4,Medium,5.6,100
5f5c646a,RIDER_058,2,10,1,5,Low,3.7,40
c833e751,RIDER_117,4,19,1,6,Medium,-0.5,64
46894467,RIDER_100,1,19,1,10,Low,3.1,43
3981a017,RIDER_019,7,15,0,7,Medium,4.9,100
0dc3f66c,RIDER_094,4,22,1,9,Medium,5.0,73
92ba358a,RIDER_113,8,17,1,7,High,2.0,92
76db8f6d,RIDER_146,9,7,0,10,Low,7.0,100
0801ba34,RIDER_063,9,3,1,4,Medium,-1.2,74
fe7557a8,RIDER_116,3,5,0,1,Low,2.2,33
3798d88d,RIDER_113,5,16,0,9,Medium,5.7,100
99436b49,RIDER_047,6,23,1,7,Low,3.2,74
b46742c7,RIDER_057,6,7,1,5,High,2.3,67
d3e01610,RIDER_118,10,16,1,2,Medium,-1.0,84
02fa754a,RIDER_045,8,9,0,3,Medium,-3.2,88
9c76eb8c,RIDER_145,6,1,1,0,Low,-0.7,47
7fccb37e,RIDER_004,6,3,1,2,Medium,6.7,58
a762f355,RIDER_148,4,8,1,3,Low,-0.6,41
37fcc590,RIDER_047,7,18,0,1,Low,2.0,68
3fcfe34b,RIDER_143,8,24,1,5,Medium,10.0,99
c1de8a37,RIDER_047,3,24,0,7,Medium,6.1,100
2408a2ec,RIDER_078,7,18,1,5,Low,1.4,72
51458831,RIDER_124,3,24,1,9,Medium,1.0,66
b4acfb30,RIDER_075,8,19,0,2,Medium,7.8,95
fb182fb6,RIDER_103,1,7,1,8,High,0.6,44
f243fe7e,RIDER_137,1,20,1,3,High,2.0,68
35df55b4,RIDER_090,6,6,1,5,Medium,1.2,61
1e5c3cd5,RIDER_144,10,11,1,3,High,8.6,100
e654e543,RIDER_069,9,5,0,3,Medium,2.0,83
d6b93928,RIDER_061,4,12,1,10,Low,0.7,51
b147a1de,RIDER_138,6,1,0,1,Medium,4.8,60
ae84cb5d,RIDER_050,5,19,0,9,High,9.8,100
cbd7d4d9,RIDER_003,1,11,0,1,High,-2.9,48
f7189e4f,RIDER_107,6,15,0,1,High,3.4,86
439f15e2,RIDER_113,9,16,1,1,Medium,-1.3,81
29ef3193,RIDER_094,3,3,0,7,Medium,7.7,90
a2e16945,RIDER_118,3,11,1,9,Low,-2.5,42
98003029,RIDER_081,2,11,1,3,Low,5.2,37
22e3605d,RIDER_109,4,10,1,3,Medium,-0.9,51
8d231877,RIDER_051,10,2,1,9,Medium,8.6,82
b3bf5f8a,RIDER_147,3,20,1,9,Medium,11.7,75
a12e23a9,RIDER_035,2,5,1,10,Medium,6.9,49
034f134f,RIDER_046,1,23,1,2,Medium,1.8,52
4378686a,RIDER_069,3,23,1,4,High,-2.8,72
f89d5939,RIDER_093,10,8,1,3,Low,2.8,80
6a393b89,RIDER_064,6,13,0,6,Medium,3.0,100
b345f953,RIDER_049,9,15,1,9,Medium,11.3,96
be403190,RIDER_149,5,2,1,6,Low,2.5,40
6e3207ed,RIDER_074,3,12,1,5,Medium,-0.8,55
931f6fb2,RIDER_005,5,24,1,6,Low,2.8,72
9fdfe5ed,RIDER_100,5,8,1,6,Medium,0.5,51
642be5a8,RIDER_070,5,21,1,7,Medium,1.6,74
31a21ae2,RIDER_090,7,19,1,10,High,10.7,100
65cc5752,RIDER_004,5,23,1,0,Medium,-1.4,75
13486aad,RIDER_126,7,1,1,2,Medium,5.8,67
41231974,RIDER_039,9,8,0,2,High,0.7,92
e10677df,RIDER_129,5,10,1,4,High,1.9,67
1d07a64e,RIDER_024,2,13,0,9,Medium,1.9,100
1c12afd9,RIDER_057,5,5,0,6,Low,-1.9,79
45563690,RIDER_100,8,22,1,9,Low,4.4,80
c11d0f99,RIDER_070,4,9,0,5,Medium,-7.0,84
3d4c727b,RIDER_041,2,10,0,3,Medium,0.8,60
a3c4d7dd,RIDER_060,10,14,0,5,Low,3.2,100
2a86e9d6,RIDER_108,3,24,1,6,Medium,4.3,76
fc13f94f,RIDER_057,9,11,1,3,Low,4.1,78
88e4f267,RIDER_031,9,14,1,10,High,-2.5,87
7123add1,RIDER_084,8,3,1,7,High,0.3,68
bb21d92c,RIDER_036,8,21,0,4,Medium,2.6,100
ff25e308,RIDER_108,8,16,0,2,Low,-1.0,67
19293b16,RIDER_106,8,20,1,1,Medium,2.7,89
d809149f,RIDER_086,8,17,1,0,Low,4.2,73
7f003fea,RIDER_135,1,5,0,3,Medium,-0.2,53
2d233b1b,RIDER_014,6,7,1,1,Medium,4.6,66
30345ece,RIDER_120,9,17,1,2,Low,1.0,77
289a8bec,RIDER_138,8,20,1,0,Medium,-1.3,83
69a6faa4,RIDER_080,3,22,0,5,Low,7.3,100
213e167b,RIDER_144,1,11,0,3,Medium,0.1,59
07a998ad,RIDER_106,2,12,1,4,Low,-3.7,41
56199507,RIDER_070,2,24,1,7,Medium,-0.0,56
af9b3436,RIDER_044,7,2,0,10,Medium,3.0,100
e09fdb9f,RIDER_073,6,19,0,3,High,3.3,100
41c8babf,RIDER_045,2,5,1,5,Medium,-2.4,41
c62417cd,RIDER_107,8,11,1,2,Medium,4.5,80
13d51e94,RIDER_084,9,23,0,7,High,1.8,100
a74160b2,RIDER_082,7,19,1,2,Medium,-3.8,76
2403e924,RIDER_107,4,7,1,6,Medium,-4.7,43
ebdfb5dc,RIDER_021,1,21,0,6,Low,2.8,89
df883cf6,RIDER_007,4,22,1,2,High,0.7,81
f7f2a6f4,RIDER_070,4,6,0,2,Medium,-1.5,52
7a90f362,RIDER_127,8,11,1,9,Low,-0.5,66
35aa8b6e,RIDER_143,4,14,1,9,Low,1.6,52
3e9395fe,RIDER_148,4,4,1,10,Medium,1.5,49
74bcdda4,RIDER_143,2,8,1,7,Low,1.5,39
ebe9934b,RIDER_149,10,9,1,10,Medium,1.4,84
0ea70f77,RIDER_120,7,2,0,2,Low,9.9,61
b81ed656,RIDER_128,4,11,1,1,Medium,-0.0,48
5b5205b4,RIDER_142,6,20,0,4,Low,4.9,100
79050f82,RIDER_057,3,22,1,10,Medium,4.4,69
c8b6ecd6,RIDER_058,7,7,1,6,Low,-0.3,54
3eefb8e6,RIDER_021,6,4,1,7,Medium,-4.8,59
5fac5cd1,RIDER_082,3,24,1,0,High,0.3,76
eadcd2a2,RIDER_069,4,14,1,1,High,-4.6,71
3319ec4c,RIDER_131,10,24,1,6,Low,-5.2,94
8a1d263c,RIDER_087,5,1,0,8,Medium,-0.0,100
4c469c03,RIDER_049,9,24,1,2,Medium,2.3,92
5a5a0b10,RIDER_147,6,12,1,7,High,1.1,76
853a6179,RIDER_115,4,19,1,9,Medium,-4.5,64
beb725be,RIDER_089,7,5,1,2,Low,-2.9,55
946511f5,RIDER_085,2,8,1,3,Low,2.6,39
de8db514,RIDER_128,4,11,0,1,Medium,4.5,58
174f2847,RIDER_140,5,22,0,8,Low,-1.3,100
26634fa1,RIDER_117,4,4,0,4,High,1.9,100
e155a489,RIDER_127,4,15,1,4,High,2.8,76
1b14e9a6,RIDER_071,9,20,0,3,Medium,8.9,100
0e2ac4ff,RIDER_086,2,12,1,4,Low,8.3,55
187657b0,RIDER_033,6,20,1,0,Medium,4.4,77
2feb1981,RIDER_081,8,22,1,9,Medium,-6.2,90
3e60227c,RIDER_061,8,23,0,9,Medium,7.9,100
2bdc22e5,RIDER_061,7,21,1,5,Low,3.9,79
eec504a1,RIDER_098,10,10,1,10,Medium,-0.6,77
42222dd9,RIDER_028,4,24,0,3,Low,9.9,97
64a3b5ac,RIDER_043,7,16,1,3,Medium,0.7,76
6c6e3dab,RIDER_086,10,23,1,4,High,10.6,100
39427a84,RIDER_017,6,8,1,0,High,-2.5,70
ed6e2502,RIDER_098,6,20,0,3,Medium,0.3,99
f98c75b3,RIDER_098,2,8,1,9,High,-6.2,55
2f4fd0ad,RIDER_065,8,6,1,2,Low,0.1,49
4289724d,RIDER_074,8,3,0,4,Medium,6.8,100
7aa8ee7d,RIDER_085,7,8,1,9,Medium,-0.2,54
931da2ce,RIDER_005,9,23,1,4,Medium,-1.3,85
4595df84,RIDER_002,8,10,0,7,Medium,7.0,100
5694a8ab,RIDER_022,9,5,1,0,High,2.6,78
e3ece23e,RIDER_112,9,11,1,2,Medium,2.5,77
15988fc4,RIDER_057,6,4,1,4,Medium,-2.4,54
6e741574,RIDER_066,2,17,1,10,Medium,-2.0,51
792ceef2,RIDER_074,7,3,0,2,Low,1.0,47
b2723687,RIDER_098,3,18,1,5,Low,-5.7,50
cb4205c5,RIDER_144,7,8,1,9,High,5.2,89
c2461edf,RIDER_112,9,24,0,2,Medium,4.4,98
61ed41c5,RIDER_125,10,12,1,5,High,3.7,97
9d5cc998,RIDER_086,10,21,1,7,Low,-3.3,86
e2ec2785,RIDER_076,2,16,1,3,High,4.8,66
f3055de1,RIDER_088,6,14,1,7,High,-1.4,83
b315d962,RIDER_038,6,21,1,6,Medium,7.0,90
00101cf2,RIDER_059,9,16,1,10,Medium,0.8,91
a06ff357,RIDER_138,9,4,1,10,Medium,2.3,73
f2289192,RIDER_099,5,1,0,3,Low,4.5,60
4d0f1491,RIDER_063,5,1,0,2,Medium,3.2,55
ee45807d,RIDER_049,9,22,1,4,Low,-10.8,75
8e1f9747,RIDER_032,8,15,1,4,High,-4.9,93
5defa413,RIDER_135,7,20,1,6,High,-1.1,91
c457f76f,RIDER_021,8,20,1,10,Medium,3.6,86
7eee10f3,RIDER_020,6,3,1,0,Low,8.9,57
28a14b25,RIDER_127,3,14,0,8,Low,0.8,97
73dec78d,RIDER_068,7,9,1,1,High,5.2,89
96095c76,RIDER_110,8,19,1,8,High,4.7,93
c91ced00,RIDER_116,8,8,1,8,Medium,-3.4,70
1366d705,RIDER_143,1,2,1,2,Medium,2.0,36
f294b889,RIDER_120,7,4,0,6,Medium,-0.4,93
542d9862,RIDER_079,3,1,0,2,High,-1.7,56
48226402,RIDER_116,2,11,1,7,Medium,8.8,63
5a68ebbe,RIDER_092,2,5,1,7,Low,3.5,32
60ea4192,RIDER_014,8,2,1,2,Medium,-1.3,62
9c74d1c9,RIDER_125,9,13,0,4,Low,-0.4,93
35a4f1f0,RIDER_058,3,17,0,6,Medium,2.5,98
a495b0ff,RIDER_028,3,17,1,0,Medium,3.5,55
e261508a,RIDER_026,6,18,0,2,High,-5.8,83
3b191295,RIDER_113,10,21,1,0,Medium,7.3,99
723aeed6,RIDER_066,1,9,1,1,Low,2.8,30
a15ee056,RIDER_131,6,6,0,6,Medium,-1.7,97
cacdee59,RIDER_044,3,20,1,6,High,11.7,91
a5f37f4b,RIDER_097,4,3,0,2,Medium,3.7,46
abba95da,RIDER_042,9,8,1,5,Low,8.2,71
0869dcd1,RIDER_006,3,3,1,5,Low,7.0,44
6b9d05d8,RIDER_023,1,1,1,1,Low,10.1,38
b4696eee,RIDER_089,3,20,1,8,Low,6.2,65
6a80361a,RIDER_123,7,13,1,7,Low,5.8,74
a5fe0009,RIDER_147,7,21,1,1,Low,5.1,80
fc9df405,RIDER_051,5,5,1,3,High,7.8,74
2cc92e0b,RIDER_011,1,16,1,8,Medium,-0.3,44
bd417692,RIDER_012,8,21,0,3,Medium,3.7,100
a181f1d9,RIDER_074,10,24,1,6,Low,-0.2,85
5f21f77c,RIDER_008,8,16,0,4,High,5.7,100
ffdb962c,RIDER_041,10,24,1,9,Medium,0.8,91
0ee5e126,RIDER_085,10,12,1,5,High,1.1,98
aea02877,RIDER_072,10,13,1,0,Medium,-5.6,84
34bfe746,RIDER_055,2,4,1,3,Low,10.0,40
23023eb7,RIDER_137,10,9,1,4,High,-3.0,90
f4b88959,RIDER_047,3,16,1,5,Medium,3.7,60
56e2f253,RIDER_143,4,1,1,5,Medium,4.5,55
76522439,RIDER_104,1,5,0,4,Medium,7.6,69
beb38a2b,RIDER_042,4,21,1,2,Medium,0.0,67
721436d5,RIDER_060,5,5,0,10,Medium,-3.4,100
c4061801,RIDER_012,3,24,1,1,Medium,5.8,72
2f6c1443,RIDER_130,10,19,0,6,Medium,6.7,100
bf10a07f,RIDER_007,2,9,1,0,Medium,3.5,48
a8b8ae78,RIDER_080,6,8,0,4,High,2.2,91
912282c4,RIDER_131,8,19,1,3,Medium,1.9,84
94d7c3e6,RIDER_109,7,18,1,6,Low,-2.4,76
1af870e7,RIDER_003,1,15,1,1,Medium,-7.0,43
8454cd70,RIDER_027,4,4,1,10,Low,8.6,52
1cf62a99,RIDER_114,3,15,0,7,Low,2.0,92
3dffc00f,RIDER_107,6,13,0,8,Low,5.3,100
1ebe5736,RIDER_040,9,18,0,9,Low,0.6,100
2efff582,RIDER_129,9,20,1,0,Low,0.6,83
d4ffe108,RIDER_008,7,5,0,4,Low,0.1,79
6443ad4c,RIDER_101,9,18,1,3,Medium,1.2,87
8f6251f3,RIDER_124,8,8,1,4,Low,6.5,69
3091e9cf,RIDER_107,5,1,0,8,Low,2.5,95
f9f0958b,RIDER_101,9,19,1,2,High,8.7,100
3dbcf41d,RIDER_004,7,23,1,0,High,-2.5,94
a63612c7,RIDER_110,5,17,1,10,Medium,1.3,69
d73e5cbf,RIDER_019,8,2,1,2,High,1.8,71
d4f4ed05,RIDER_032,7,19,1,3,Medium,4.9,81
b43353ba,RIDER_137,9,16,1,1,Low,-0.8,80
943cebc4,RIDER_012,10,18,1,0,Medium,6.6,100
17cb5fc1,RIDER_139,1,2,1,0,High,4.5,50
7ea1d88e,RIDER_046,9,6,0,7,Medium,8.4,100
adde7777,RIDER_119,7,7,1,3,Low,-0.0,56
20eb6f0d,RIDER_016,1,6,0,1,Low,-4.7,27
1576f7f4,RIDER_129,1,6,0,9,Low,5.9,92
e4748631,RIDER_063,5,9,1,2,Medium,6.4,66
365fefda,RIDER_109,8,8,1,7,Medium,-7.3,64
3cd1c541,RIDER_119,9,24,1,5,Medium,4.3,95
aab93d61,RIDER_021,6,22,1,7,Medium,3.2,77
625c14c2,RIDER_013,10,21,1,9,Medium,-0.2,99
d3b4d7d1,RIDER_004,8,9,1,4,Medium,8.2,82
78a75f24,RIDER_102,6,12,1,2,Low,0.3,58
f7f2ba83,RIDER_059,6,18,1,5,Medium,8.8,82
42cd0d6b,RIDER_128,4,23,1,9,High,5.8,88
ac1c54e3,RIDER_027,5,6,0,7,Medium,4.9,100
f717a4c8,RIDER_069,2,23,0,4,Medium,3.9,86
595bb3f8,RIDER_025,3,4,1,4,Low,4.9,37
cc60d059,RIDER_131,3,7,1,2,Low,-0.4,30
efb6bbd9,RIDER_097,5,18,1,2,Medium,-2.8,67
bbedcc5b,RIDER_025,5,20,1,7,Medium,8.8,86
ec2b693a,RIDER_148,6,5,1,10,Low,-0.3,46
29a7954e,RIDER_126,5,18,1,0,Low,1.2,62
eb15cb9e,RIDER_133,6,10,1,3,Medium,-3.4,60
4fb05ed3,RIDER_009,8,8,0,8,Low,4.5,100
bd2b9030,RIDER_116,2,1,0,5,High,-2.2,77
8aeb8c58,RIDER_134,4,15,1,5,Low,3.7,62
d7932ddd,RIDER_060,6,3,1,9,High,0.7,65
3fc33061,RIDER_121,5,15,1,10,Medium,2.9,74
7b1c5997,RIDER_139,1,14,1,10,Medium,8.8,52
bb9583de,RIDER_108,9,1,1,6,Medium,-2.5,65
bf8e323f,RIDER_108,3,21,0,10,Medium,-0.1,100
c6fa0649,RIDER_131,2,8,0,6,Medium,-1.1,82
7897428b,RIDER_076,9,7,0,5,Low,4.0,97
066d4ac7,RIDER_030,7,9,1,8,Low,3.7,58
61061722,RIDER_021,5,18,1,7,Medium,1.1,66
bd917a65,RIDER_034,6,12,1,7,Low,6.7,63
d8c00a49,RIDER_041,4,8,1,1,Low,2.1,44
1f4be0fb,RIDER_051,1,8,1,6,High,-0.4,42
cb6208d7,RIDER_082,4,6,1,0,High,7.3,72
47717791,RIDER_058,9,3,1,9,High,1.0,83
cd364711,RIDER_075,1,2,0,7,Medium,1.3,69
67350505,RIDER_023,10,14,0,2,Low,1.7,83
3107da21,RIDER_128,3,8,1,10,Low,2.9,38
82c477c5,RIDER_150,5,6,0,8,High,6.7,100
2d776645,RIDER_017,7,4,1,4,High,5.6,79
17c2283e,RIDER_069,9,5,1,6,Medium,4.5,74
a18160d8,RIDER_108,6,21,0,6,Medium,-1.9,100
83710097,RIDER_139,3,13,1,8,High,1.9,64
b02ecdfe,RIDER_094,7,9,0,1,Medium,1.4,66
865251e6,RIDER_015,4,13,0,3,High,4.2,92
c3d32a1e,RIDER_091,3,9,0,7,Low,1.2,84
44662e67,RIDER_033,7,24,0,4,Medium,7.8,100
18b27518,RIDER_125,7,24,1,10,Medium,4.6,92
a5068c34,RIDER_016,4,16,1,4,Medium,4.4,66
ccad602a,RIDER_066,7,12,1,2,High,-1.9,74
0fda42e2,RIDER_047,2,2,1,4,High,-0.9,46
05477c72,RIDER_148,1,19,1,6,Low,-0.1,46
78605029,RIDER_124,2,16,0,3,Low,2.0,66
055b674c,RIDER_001,4,24,1,7,Medium,6.8,85
d6459482,RIDER_087,8,13,0,10,Low,-1.0,100
2107030e,RIDER_128,3,5,0,5,Low,-4.5,65
b74bd4d1,RIDER_067,10,23,1,5,Medium,7.7,100
60396a10,RIDER_004,6,24,1,5,Medium,0.2,81
bfa936a2,RIDER_047,6,6,1,3,High,1.7,66
4603ba4f,RIDER_038,9,21,1,2,Medium,6.0,99
f8ef0691,RIDER_143,9,24,1,9,Medium,6.7,100
35945f74,RIDER_021,4,17,1,5,Low,-1.7,56
c8033300,RIDER_057,9,17,0,5,Medium,3.1,100
dd01f899,RIDER_117,6,17,1,1,Medium,7.6,85
f67bba0b,RIDER_046,2,3,0,9,Low,2.2,88
221931ce,RIDER_142,10,13,0,8,Low,6.4,100
d8ae8d61,RIDER_145,6,12,1,3,Low,2.7,65
9187fe0f,RIDER_039,2,6,1,3,Medium,6.4,49
dcf00913,RIDER_137,8,22,0,9,Low,7.3,100
31158699,RIDER_099,4,21,0,10,Low,8.9,100
11188739,RIDER_077,5,13,1,7,Low,3.9,63
bcbaec7f,RIDER_115,8,14,1,2,High,0.4,79
c046b59e,RIDER_134,8,7,1,9,Low,3.1,61
6b3e795d,RIDER_091,6,5,1,6,Low,3.3,64
45d1b914,RIDER_098,4,14,1,6,Low,2.0,51
88d9a41e,RIDER_120,1,18,1,1,Medium,4.9,57
db1e6288,RIDER_046,7,4,0,2,Medium,4.3,62
2c594956,RIDER_038,8,1,1,3,Medium,3.1,66
b56e754a,RIDER_142,9,7,1,1,Medium,10.8,91
0ed934a3,RIDER_100,2,20,1,8,High,-1.3,66
10d53e56,RIDER_072,1,13,0,9,Medium,3.5,100
899bc86f,RIDER_035,4,4,1,10,Medium,2.0,44
8995d2e8,RIDER_147,5,13,0,5,Low,-5.4,83
f46fdaf1,RIDER_030,10,4,1,0,Medium,-0.5,72
8cb07349,RIDER_078,1,3,1,0,Medium,-3.7,38
6725eac8,RIDER_084,5,8,1,7,High,5.3,69
881bff17,RIDER_113,6,20,0,10,High,-3.0,100
97291974,RIDER_025,3,8,1,5,Medium,-3.5,49
fcb356db,RIDER_088,7,17,1,9,Low,1.2,67
aaafb842,RIDER_014,6,15,0,6,Low,0.6,100
533f165c,RIDER_102,4,4,0,5,High,0.4,95
59e95cc4,RIDER_150,3,6,1,1,Medium,-2.4,51
691732ba,RIDER_083,5,24,0,2,Medium,5.6,89
d139bbd6,RIDER_110,3,22,1,7,Medium,1.3,56
c1b75917,RIDER_131,10,6,1,3,Medium,5.9,82
d07e9cb9,RIDER_019,9,10,1,7,Medium,-1.9,77
12ed7ad5,RIDER_028,9,4,1,2,Low,-0.6,60
8be13f52,RIDER_071,6,9,1,1,Medium,-1.5,63
79f96b0f,RIDER_063,6,16,1,6,Low,1.9,65
9fcfd1e4,RIDER_073,4,7,1,0,Medium,-0.7,50
a4af95f3,RIDER_124,4,14,1,10,Medium,6.3,67
73f656d0,RIDER_119,2,6,1,2,Medium,-7.0,40
17e104ae,RIDER_121,10,1,1,1,High,8.8,96
30070d4c,RIDER_019,4,18,1,4,Medium,0.8,65
c6bae582,RIDER_142,8,12,1,1,Medium,-1.1,63
451ea966,RIDER_120,10,22,0,9,Low,9.4,100
6f3c7f44,RIDER_061,2,15,1,4,Low,1.6,44
e137b233,RIDER_030,9,1,1,2,High,0.8,80
81cfd245,RIDER_009,1,15,1,8,Medium,-0.5,47
292b039e,RIDER_064,2,15,0,9,Medium,0.9,100
08023495,RIDER_120,2,16,1,8,Low,3.9,45
17bdc52b,RIDER_052,6,21,1,7,Medium,4.1,82
e428cc11,RIDER_089,7,1,1,4,Medium,-2.8,58
18a936d3,RIDER_142,3,3,0,9,Medium,-2.7,99
821f39c6,RIDER_053,9,12,1,10,Low,6.1,79
7ecb245a,RIDER_078,5,7,1,6,Low,-0.1,47
73dc1e6e,RIDER_041,5,5,1,1,Low,1.8,48
faa21591,RIDER_068,4,1,1,2,Medium,2.5,38
5d8fdc8a,RIDER_008,9,1,1,10,Low,7.9,66
c90c89e5,RIDER_002,8,15,0,1,Low,7.3,81
cf05a546,RIDER_105,4,8,1,9,Medium,3.4,54
8146ed75,RIDER_125,4,11,1,10,Medium,-0.7,54
55752c1f,RIDER_110,2,14,1,0,Low,11.3,55
a5437db0,RIDER_086,9,23,1,2,Medium,4.8,96
622aaa17,RIDER_120,3,13,1,3,Low,7.5,56
2a4ad66b,RIDER_127,4,19,1,8,Medium,1.0,60
13deeaf4,RIDER_016,7,12,0,1,High,-2.6,81
a4914fcf,RIDER_062,10,22,1,8,High,4.0,100
1b16407c,RIDER_113,8,19,1,0,Medium,2.1,77
8d1770f9,RIDER_012,8,4,0,8,Medium,8.6,100
d1cb6ee7,RIDER_035,4,4,1,5,Medium,1.6,54
cd72ab9c,RIDER_011,7,3,0,7,High,0.2,100
91ee56f8,RIDER_064,10,6,1,2,High,7.1,98
522d71fc,RIDER_050,1,5,1,7,Medium,0.3,32
fbf0bd43,RIDER_149,6,11,1,10,Medium,0.9,70
da9ea738,RIDER_069,6,9,1,8,Low,-4.2,59
9d35bdeb,RIDER_048,6,3,1,6,Medium,6.5,64
51d9d26e,RIDER_020,2,9,0,3,Medium,1.3,69
a91f326c,RIDER_101,8,12,0,5,High,-2.7,100
49b5222e,RIDER_137,5,3,1,5,High,6.6,70
f1381ee8,RIDER_068,5,20,0,1,Medium,0.9,71
e0d327a6,RIDER_035,2,17,1,1,High,9.3,76
71817fc7,RIDER_065,4,21,0,10,High,7.1,100
9dddaef4,RIDER_008,9,12,1,4,High,-2.8,94
b5d0ef23,RIDER_045,9,18,1,0,Medium,4.9,88
7621c5cd,RIDER_087,6,4,1,4,Medium,6.2,65
3b1fe83d,RIDER_076,9,10,0,9,Medium,-4.7,100
ca28c101,RIDER_076,4,18,0,2,Low,1.0,58
2ea625c9,RIDER_047,1,8,1,2,Medium,-0.1,36
a5ae52b4,RIDER_015,2,9,1,7,Low,6.3,41
5728c1c8,RIDER_105,1,19,0,10,High,-1.6,100
6d2fe2ed,RIDER_147,8,13,1,2,Medium,3.1,77
436184bf,RIDER_026,9,6,1,2,High,9.7,99
11679a59,RIDER_052,10,22,1,0,Medium,-6.1,96
7ddda78c,RIDER_093,6,7,0,7,Low,2.4,100
c3ec1507,RIDER_150,2,21,1,9,Low,2.5,42
af382b40,RIDER_021,6,6,1,9,Medium,-7.9,63
84d39e3e,RIDER_051,9,11,0,5,High,-4.7,100
4e7c6c04,RIDER_038,3,17,1,10,Medium,5.5,67
607b18e2,RIDER_020,9,19,1,7,Medium,1.8,90
5e4b319d,RIDER_132,2,12,1,2,Medium,2.8,46
12ad7e63,RIDER_055,5,21,0,10,High,1.4,100
c11c7cea,RIDER_092,2,21,1,5,Low,7.0,57
5e617c20,RIDER_028,7,24,1,1,High,11.6,100
290feac3,RIDER_004,10,13,0,2,Medium,6.5,88
1c3902f7,RIDER_150,9,18,1,3,High,-7.4,99
a41590d7,RIDER_076,7,7,0,8,Medium,1.9,100
3cc3c8b4,RIDER_067,5,23,1,3,Low,7.7,70
fda240d4,RIDER_086,4,5,0,6,Medium,0.3,82
7fca8614,RIDER_091,4,16,1,7,Low,7.7,60
3a5b4254,RIDER_105,10,22,0,4,High,0.7,100
44ae137e,RIDER_001,8,4,1,1,Medium,-3.0,67
31087a3e,RIDER_072,10,23,1,10,Low,4.9,96
87814a04,RIDER_087,10,1,0,7,Low,3.8,100
78cdad98,RIDER_006,10,4,1,4,High,-0.4,87
49c0bcb4,RIDER_145,10,3,0,4,High,7.2,100
eda22be5,RIDER_061,10,4,1,6,Medium,-5.4,66
bda218d7,RIDER_012,1,1,1,5,Medium,6.2,36
c408a0ed,RIDER_006,5,12,0,2,High,-0.2,75
85bedf80,RIDER_027,2,13,1,6,Low,9.0,51
ec96ed42,RIDER_136,9,2,1,0,Low,5.3,66
6ce8f5e2,RIDER_124,7,9,1,3,Medium,0.6,70
ba2defea,RIDER_106,10,7,1,3,High,-1.9,93
f03c51de,RIDER_093,8,13,0,5,Medium,-4.5,100
10dee0a9,RIDER_109,6,22,1,5,Low,1.7,71
dd14e937,RIDER_099,9,2,1,9,Medium,2.2,67
fec7ad12,RIDER_142,6,1,0,7,Medium,6.2,100
e8051525,RIDER_035,7,18,1,0,Medium,-0.9,73
3d345887,RIDER_084,7,7,1,6,High,3.5,79
7dff5dca,RIDER_056,9,18,0,3,Medium,0.6,100
b62e9e0e,RIDER_141,8,19,0,5,Low,8.0,100
eef239d2,RIDER_049,1,8,1,9,High,1.5,48
02d743b4,RIDER_046,4,23,1,8,Low,-0.9,67
7163db31,RIDER_113,7,12,0,2,High,-2.8,68
b5db51d3,RIDER_136,8,11,1,7,Medium,0.2,72
6d01fa67,RIDER_043,7,9,1,2,Medium,1.1,70
4d9890a8,RIDER_148,3,4,0,5,High,1.2,83
86acd566,RIDER_124,4,7,1,1,Medium,3.7,51
15b3a1c5,RIDER_097,7,17,1,8,Medium,0.7,78
4ed2b195,RIDER_090,8,11,0,1,High,-1.3,86
951f658b,RIDER_039,7,2,0,4,Low,0.3,71
f0204be4,RIDER_085,6,23,0,5,Low,1.1,100
acb6bd16,RIDER_062,9,18,1,3,Medium,-0.3,90
9909c9d5,RIDER_106,9,22,1,6,Low,-4.4,82
c884a9d2,RIDER_107,7,12,0,6,Low,-4.1,95
9c3883db,RIDER_054,8,9,1,6,High,-5.8,75
fd94780b,RIDER_126,6,11,0,10,Medium,2.7,100
a3154107,RIDER_009,1,5,1,6,High,3.8,54
72788f05,RIDER_088,1,7,0,9,High,-1.4,100
6f3ff82b,RIDER_037,6,1,1,10,Low,3.9,54
9e776d09,RIDER_049,2,24,1,9,High,0.5,74
6456eafb,RIDER_041,8,5,1,8,High,1.4,79
4496fec7,RIDER_017,1,6,0,1,Low,-3.2,27
ef73e444,RIDER_088,2,13,1,4,High,7.0,72
7080ab69,RIDER_021,8,11,1,9,Medium,8.4,82
d255c84a,RIDER_051,6,8,1,8,High,3.3,77
085f7d85,RIDER_059,10,20,1,10,High,-1.0,100
f4bafcf5,RIDER_041,2,2,0,10,Medium,2.4,88
6a2b3fe5,RIDER_039,2,15,1,1,Medium,-1.1,48
59411cf9,RIDER_141,7,10,1,2,Low,-3.4,61
5f548893,RIDER_011,5,8,1,6,Medium,4.8,55
6762d054,RIDER_147,5,2,0,8,Low,-2.0,94
dff8fb09,RIDER_139,8,21,0,2,High,-1.4,98
d55fe79e,RIDER_077,7,15,1,9,Medium,-6.9,69
5ce7b0f6,RIDER_127,9,6,1,7,High,6.3,99
ff0bec61,RIDER_046,4,5,1,10,Medium,8.0,56
e9eb6118,RIDER_045,10,22,0,7,Low,4.9,100
c56de45c,RIDER_001,4,22,1,3,Medium,5.2,77
a276cd80,RIDER_108,2,3,0,10,Medium,-3.4,100
35a75e6e,RIDER_019,3,11,1,5,Low,1.0,49
bb71334a,RIDER_076,1,11,0,10,Medium,4.9,100
aff4f29c,RIDER_072,1,16,1,7,High,-1.9,62
b9d2598c,RIDER_109,7,3,0,8,Medium,0.4,100
fcc44f8f,RIDER_012,5,9,1,1,Low,-4.5,50
ca9dac03,RIDER_045,3,3,1,0,High,0.8,60
7d60a681,RIDER_090,7,19,0,4,Medium,1.3,100
162679fa,RIDER_103,2,11,1,9,Low,4.0,40
51612341,RIDER_008,3,14,1,2,High,-4.6,71
79e11a27,RIDER_091,1,2,0,10,Low,-4.7,83
651976b1,RIDER_087,8,7,1,5,Low,6.9,67
e60059f1,RIDER_084,2,10,1,10,Medium,6.3,51
a6cd11b0,RIDER_082,7,10,1,0,Low,-0.6,62
7aebf833,RIDER_146,9,20,1,10,Low,8.1,92
98f99bf6,RIDER_068,6,1,0,3,Medium,2.7,68
54dd5e61,RIDER_127,2,6,1,5,High,6.5,62
698225ea,RIDER_082,2,21,1,1,Medium,0.8,63
829e8a14,RIDER_147,9,14,1,10,Low,3.2,77
96f2f39c,RIDER_084,10,2,1,10,High,0.6,86
f4141106,RIDER_113,8,6,0,7,High,8.7,100
8c794b3c,RIDER_076,9,1,0,3,Low,1.3,82
f56b75a5,RIDER_122,4,3,1,1,Medium,1.7,44
6b72b06e,RIDER_143,4,4,1,0,Medium,-4.5,46
232b6b14,RIDER_041,2,13,0,7,Medium,1.5,91
e4ef89ee,RIDER_002,10,3,1,9,High,9.0,92
a305fc09,RIDER_029,1,15,1,0,High,7.4,64
4b169535,RIDER_105,10,13,1,6,Medium,1.3,83
8f0b2746,RIDER_051,4,22,1,6,Low,1.6,62
41c61c6c,RIDER_075,10,11,0,5,Medium,-3.0,100
cde90941,RIDER_010,10,4,1,7,Medium,3.4,88
baa2c154,RIDER_142,8,17,0,9,Medium,3.3,100
18c5be79,RIDER_051,2,5,1,0,High,4.1,51
7386d662,RIDER_118,8,21,1,0,Low,-4.4,67
0317400c,RIDER_121,1,24,1,0,Medium,6.6,73
849a16fb,RIDER_039,1,8,0,5,Low,1.1,65
655b7fea,RIDER_028,4,21,0,6,High,6.9,100
3cc0382f,RIDER_003,7,24,1,9,High,2.8,98
8e49ca6e,RIDER_084,9,10,0,8,High,7.7,100
4fc6164c,RIDER_117,5,7,1,9,Medium,4.6,64
b22ca7fa,RIDER_002,2,17,1,4,Low,-1.4,52
67b98b5d,RIDER_093,7,7,1,0,Medium,5.3,67
abb90861,RIDER_131,2,24,1,8,Medium,6.1,72
3bdc2856,RIDER_144,9,19,0,4,Low,2.8,100
536f52ef,RIDER_094,9,9,0,5,High,0.9,100
70e9a7ec,RIDER_040,3,24,1,8,High,5.7,84
240873cb,RIDER_002,8,2,1,1,Low,6.6,58
c2b31394,RIDER_081,4,22,0,2,Medium,-3.2,68
16d5a041,RIDER_012,3,20,1,6,Medium,2.5,65
72b9c841,RIDER_065,1,19,1,2,Low,1.2,46
ed30bf64,RIDER_055,5,6,1,1,Low,9.6,59
11dc6ff0,RIDER_045,4,10,1,6,Medium,-0.9,49
b1c22d7a,RIDER_101,1,13,0,7,High,4.2,100
dc17c4d4,RIDER_062,10,2,1,8,High,4.8,86
b529cf66,RIDER_049,8,10,1,1,Low,2.2,66
52a83a20,RIDER_127,8,10,0,1,High,7.5,90
9a5b1520,RIDER_023,8,5,1,10,Medium,1.6,71
54394a71,RIDER_038,3,22,0,6,Low,-2.9,91
0c9a61b9,RIDER_028,6,4,1,3,Medium,7.9,75
a4d6eaf4,RIDER_021,7,23,0,4,High,0.2,100
f5920a71,RIDER_107,9,2,1,0,Low,2.4,63
0b4acce8,RIDER_146,5,7,1,5,Low,1.4,50
3f9fd350,RIDER_099,9,18,1,9,Medium,-1.8,79
31cec238,RIDER_119,6,17,1,7,Low,-1.7,54
320064e4,RIDER_073,10,11,0,10,High,-4.2,100
1316ea50,RIDER_122,10,21,1,0,Medium,4.1,100
75f5647d,RIDER_030,10,18,1,1,High,4.9,100
8d5c4442,RIDER_108,4,8,1,6,Low,3.0,43
46503afb,RIDER_098,1,12,0,1,High,4.4,67
6bbab1b8,RIDER_032,1,24,0,8,Medium,1.5,100
2a364f29,RIDER_079,10,1,1,5,Low,2.8,69
9115ef21,RIDER_041,5,20,1,4,High,1.9,83
bef0b155,RIDER_063,3,21,1,6,Medium,1.7,63
385a0169,RIDER_023,5,12,1,9,Low,-2.3,50
d95a11c5,RIDER_104,5,6,1,7,Low,7.3,54
5c1f130f,RIDER_075,1,3,1,8,Low,0.8,18
ed8b766d,RIDER_048,8,5,0,5,High,0.1,100
6554f0df,RIDER_057,5,14,0,4,High,-0.2,97
1ab5784c,RIDER_118,5,12,1,6,Medium,0.5,63
89e02464,RIDER_100,9,13,1,1,Medium,0.5,85
f0a23870,RIDER_124,8,13,0,7,Low,2.8,100
90beae20,RIDER_034,1,17,1,3,Medium,-4.7,46
d596a2c6,RIDER_007,3,24,1,0,Low,-1.4,53
91c3f9d7,RIDER_056,7,15,0,2,Medium,7.9,83
aaad6746,RIDER_065,1,6,1,8,Medium,7.7,47
a226e8a6,RIDER_047,1,12,1,3,High,1.0,55
0f078514,RIDER_148,5,2,1,9,Medium,12.0,68
8c83e06f,RIDER_019,9,4,1,9,High,4.8,83
7c7828d4,RIDER_146,6,20,1,10,High,7.9,97
9cffb68f,RIDER_126,10,21,1,2,Medium,2.4,96
49b4695a,RIDER_139,2,12,1,3,Low,1.0,39
3b9e999a,RIDER_049,9,3,0,2,Medium,5.8,73
d9acd784,RIDER_113,6,17,1,2,Low,6.5,66
d90698af,RIDER_038,5,6,1,1,Medium,0.9,48
78d8df1a,RIDER_064,5,24,1,5,Medium,3.8,87
775cb61e,RIDER_069,3,17,1,9,High,-9.8,63
2a14d906,RIDER_136,6,17,0,5,Medium,-0.6,100
a8e8d0ff,RIDER_116,4,11,1,9,Medium,7.7,63
28ef7aaa,RIDER_065,10,23,1,3,Medium,-0.1,93
d95745f6,RIDER_031,2,7,1,7,Medium,1.8,51
d956c2ae,RIDER_132,3,2,1,5,Medium,1.5,42
5a52d032,RIDER_113,9,19,1,7,Medium,-2.4,84
2e0f1b67,RIDER_109,9,2,1,5,Medium,1.6,68
979f2cc4,RIDER_069,6,22,1,8,High,1.2,93
917306ac,RIDER_120,10,13,0,2,Medium,-1.7,88
41dc44e1,RIDER_088,10,24,0,2,Low,1.4,92
15649504,RIDER_067,9,24,0,1,Medium,-2.7,99
0e39564c,RIDER_075,4,16,0,9,Medium,1.8,100
05524ef9,RIDER_045,5,17,0,5,High,1.7,100
49369e82,RIDER_004,10,11,0,6,Low,9.9,100
2d44da69,RIDER_107,6,9,1,6,Medium,-1.2,62
edaaa2d5,RIDER_051,9,24,1,4,Medium,5.2,97
4661359a,RIDER_050,5,9,0,5,Medium,-3.8,93
63d3a452,RIDER_006,8,14,1,6,Medium,11.9,95
ef1bbb7b,RIDER_059,1,13,1,10,Medium,3.6,46
dc9c1507,RIDER_125,5,11,1,1,High,3.0,73
ea148046,RIDER_143,10,12,1,9,Low,4.4,85
7bdf6034,RIDER_030,1,22,1,6,Low,2.3,47
b446308a,RIDER_122,10,3,1,0,Medium,0.3,68
d2021c69,RIDER_125,6,1,1,5,Medium,-1.7,46
7b02062f,RIDER_037,7,8,0,7,Medium,2.8,100
9955b92c,RIDER_124,5,19,1,0,Low,7.0,69
aa001794,RIDER_101,1,13,1,0,Medium,-5.5,32
0f9dce6b,RIDER_035,6,7,0,5,Medium,10.9,100
ac6c7200,RIDER_087,10,13,1,4,High,-1.4,100
dc2e021d,RIDER_134,5,6,1,2,High,3.2,66
462d014e,RIDER_018,6,3,1,9,High,-0.9,68
7c823f24,RIDER_113,10,6,0,9,Medium,1.8,100
97b24978,RIDER_029,7,3,1,6,Medium,3.3,68
066071ce,RIDER_077,7,13,0,6,Low,1.3,100
6206ad01,RIDER_059,2,13,1,6,Low,2.7,43
959bc1ee,RIDER_126,3,13,0,5,High,2.4,99
a24ddf1c,RIDER_145,6,1,1,3,Medium,4.3,57
eea7fa35,RIDER_109,3,8,0,8,High,4.0,100
94f2d040,RIDER_022,2,5,1,8,Medium,-6.7,35
33367280,RIDER_068,4,20,1,6,Medium,0.7,60
684193e0,RIDER_069,5,17,1,6,Low,7.4,64
47673d13,RIDER_049,10,9,0,7,High,5.4,100
29632e36,RIDER_141,9,13,1,10,Medium,-2.5,86
f4eac5fe,RIDER_109,3,13,0,4,Low,0.5,75
9a0a46be,RIDER_086,3,5,0,10,Low,1.1,100
04cfffcf,RIDER_053,6,14,0,8,Medium,1.0,100
3c5a48b2,RIDER_123,5,11,1,5,Low,1.4,46
19811520,RIDER_087,6,14,1,6,Low,-0.0,53
3aa3d1b6,RIDER_131,7,7,1,6,Medium,-1.9,62
39abddeb,RIDER_042,3,24,0,8,Low,10.5,100
09adbfbb,RIDER_098,5,17,0,6,Medium,2.7,100
2e52e88b,RIDER_109,8,4,0,2,Medium,1.1,66
b5d26ebb,RIDER_051,4,10,1,5,Medium,5.0,69
ea698ea7,RIDER_085,10,10,1,5,Medium,-4.2,80
a1068fa4,RIDER_127,2,15,0,10,Low,4.2,100
ff65ee3b,RIDER_021,4,20,1,6,Medium,-3.9,73
2893c268,RIDER_044,2,12,0,5,Medium,3.4,87
99e550e1,RIDER_139,3,9,1,3,Medium,-1.5,49
23f8ed11,RIDER_103,4,3,1,5,Medium,4.8,42
cbb2f8e0,RIDER_068,4,15,0,2,High,12.6,95
efb42bdb,RIDER_129,10,12,1,0,Medium,2.6,81
84fbaf9a,RIDER_092,9,15,1,0,Low,-4.0,66
a4053d55,RIDER_024,10,1,0,4,Medium,-0.6,96
bb1da1f4,RIDER_125,6,15,0,10,Medium,3.4,100
d1d4c60e,RIDER_141,9,11,0,7,High,7.1,100
52269dca,RIDER_111,4,5,0,2,Low,-2.5,32
6f698d98,RIDER_098,9,7,1,1,Low,9.5,69
26a608da,RIDER_139,9,12,1,7,High,4.5,94
f6595174,RIDER_017,6,20,1,8,Medium,2.0,75
02ae2738,RIDER_099,5,6,1,8,Medium,5.5,55
0abb7587,RIDER_082,3,22,1,1,Medium,-3.1,70
f16b802d,RIDER_104,5,3,0,7,Low,-1.7,83
f0c4e7c0,RIDER_019,3,10,1,1,Medium,-3.5,46
08944f93,RIDER_085,5,21,0,6,High,11.0,100
3eb4d19f,RIDER_008,5,22,1,7,High,2.1,83
b2a97b07,RIDER_028,2,4,1,0,Low,2.7,40
73f779ab,RIDER_005,9,13,1,7,Medium,6.5,92
5916efa5,RIDER_145,7,19,0,2,Low,-3.7,67
83fd5bd0,RIDER_101,6,5,1,0,High,-1.3,73
c723041c,RIDER_118,5,23,1,6,Medium,3.4,84
57bca91d,RIDER_147,4,22,0,9,Medium,8.7,100
ac051320,RIDER_064,8,18,1,2,Medium,5.5,84
904dd189,RIDER_091,2,1,1,7,High,3.4,48
e8c6a40d,RIDER_117,8,21,0,8,High,3.0,100
d67d36dc,RIDER_098,1,21,1,1,Low,6.5,52
c1cf4629,RIDER_011,10,16,1,0,Medium,-1.9,85
d53e54cb,RIDER_054,1,16,1,7,Medium,3.2,49
f703cb9a,RIDER_047,3,16,1,9,Low,3.9,50
f3ad9bad,RIDER_140,5,22,1,5,High,0.9,86
2a266bbe,RIDER_149,6,19,1,9,Medium,1.5,72
937b91af,RIDER_139,4,16,1,0,Low,-4.4,58
2242e649,RIDER_005,7,1,1,2,Low,-0.2,47
8588f146,RIDER_020,7,20,1,8,Medium,-7.5,74
80d12234,RIDER_046,2,20,1,8,High,4.7,75
74d157e7,RIDER_012,2,10,1,5,Medium,2.5,50
791d8500,RIDER_070,2,2,0,2,Low,1.5,28
c5743a90,RIDER_017,2,14,1,7,Low,3.0,42
839fc617,RIDER_115,9,8,0,5,High,3.2,100
e31ae7b5,RIDER_147,5,6,1,0,Low,0.6,46
baf25537,RIDER_048,8,3,1,5,High,-3.6,76
cd9fa662,RIDER_108,5,16,1,4,High,4.0,86
6d7c8197,RIDER_052,5,17,0,7,Medium,-2.0,100
4062fa9b,RIDER_096,1,12,1,1,High,3.4,59
deaf1f85,RIDER_070,6,19,1,6,Low,7.2,72
e99a1b69,RIDER_102,4,24,1,5,High,9.1,96
17048b46,RIDER_075,3,20,1,0,Low,3.5,52
4202b1d8,RIDER_143,6,3,1,7,Medium,0.8,59
32496c44,RIDER_082,2,13,1,5,Medium,0.1,39
05540dde,RIDER_092,8,16,1,2,Medium,3.4,79
d559eb0f,RIDER_004,1,11,0,4,Low,-5.8,59
c0389c1c,RIDER_135,9,20,1,6,Medium,-1.2,83
40d2ef0d,RIDER_109,8,16,1,8,Medium,-1.0,74
456332d0,RIDER_048,1,20,1,3,High,3.6,71
daf92868,RIDER_073,10,2,1,1,Medium,1.8,61
a35f552c,RIDER_072,9,4,1,2,Medium,2.6,64
102309a3,RIDER_116,2,4,1,6,High,1.5,46
3eac360e,RIDER_081,3,17,1,7,High,1.1,65
89060168,RIDER_081,2,1,1,4,Medium,3.2,41
94551a60,RIDER_113,8,1,1,2,High,4.8,81
9b2e822d,RIDER_096,2,5,1,0,Medium,6.3,47
c1ee3006,RIDER_072,10,22,1,9,Medium,1.9,100
47f54418,RIDER_147,2,12,1,0,High,6.2,55
28810469,RIDER_063,1,6,1,10,Medium,8.4,47
9e86e63d,RIDER_038,7,6,1,1,Low,-0.4,60
eeb53b38,RIDER_067,2,17,0,4,Low,5.2,79
de89844f,RIDER_069,10,22,1,2,Medium,-0.3,90
083d0f12,RIDER_013,5,13,1,6,High,6.9,86
ea3bf963,RIDER_031,5,8,0,1,Low,2.8,51
a1daf64d,RIDER_114,3,24,1,1,Medium,0.4,66
383e06b2,RIDER_022,3,12,0,2,Medium,-1.6,47
e64d09e7,RIDER_093,3,15,1,0,Medium,-0.3,60
8ea84829,RIDER_067,6,19,0,1,Low,1.4,72
cdab6832,RIDER_054,4,21,0,4,High,6.5,100
26590d07,RIDER_138,3,20,1,2,Low,0.8,51
63ba3167,RIDER_042,2,17,1,10,Low,0.2,48
e3a56f4f,RIDER_064,3,9,0,9,Medium,9.1,100
9a5a4287,RIDER_126,4,21,1,5,Low,0.4,55
d31d705c,RIDER_021,6,18,0,1,Low,-2.6,66
751bc9ad,RIDER_035,4,2,1,7,Medium,-3.5,43
232a0672,RIDER_030,8,11,1,3,Medium,-0.9,77
8a7ef963,RIDER_057,3,23,0,2,Medium,2.0,63
348468d5,RIDER_047,3,20,1,4,Low,2.1,51
4644feba,RIDER_019,3,17,0,7,Medium,-0.5,100
951cb737,RIDER_114,8,21,1,8,Medium,-4.2,78
d1ed0496,RIDER_008,4,18,1,0,High,-1.5,77
c0bd406c,RIDER_026,1,15,0,3,Medium,-3.3,65
6c941752,RIDER_113,2,7,1,5,High,-10.0,48
433da268,RIDER_071,10,16,1,5,Medium,-7.3,82
b0985cdc,RIDER_030,2,1,1,8,Medium,3.2,35
8ed2f714,RIDER_135,3,18,1,0,Medium,0.8,53
ed284025,RIDER_067,6,22,0,4,Medium,4.4,100
61dbb78b,RIDER_065,8,8,1,9,Medium,-0.7,68
1eb041de,RIDER_036,1,7,1,0,Medium,-0.4,36
4e1325e3,RIDER_025,9,2,0,5,High,-1.4,100
6b16322b,RIDER_037,1,12,0,8,Medium,-1.6,90
cee81061,RIDER_001,10,16,1,3,Low,-1.0,82
13410f11,RIDER_143,2,9,1,9,High,8.9,63
b3096052,RIDER_037,3,20,0,9,Medium,1.6,100
fa86d5ca,RIDER_141,7,11,1,8,Medium,-1.2,68
06729084,RIDER_136,9,15,0,2,High,5.8,100
54dd586a,RIDER_133,3,3,1,10,High,1.9,52
84f91ede,RIDER_128,8,23,0,6,Low,6.3,100
799d234c,RIDER_127,9,21,1,4,Low,4.0,90
3ad2819a,RIDER_001,10,13,0,9,Low,2.5,100
77f6347d,RIDER_035,7,21,1,0,Medium,3.2,92
efe7175e,RIDER_104,4,13,1,6,Medium,3.5,60
748a18c5,RIDER_023,4,2,1,7,Medium,-3.1,44
d0b5a888,RIDER_009,4,6,0,5,Medium,2.5,88
8f1998a5,RIDER_034,6,6,1,0,Low,3.1,54
b5153edd,RIDER_128,4,12,1,8,Low,3.6,56
652279df,RIDER_004,5,4,1,6,High,0.0,64
4aefc358,RIDER_102,9,5,1,5,High,6.8,94
b420adca,RIDER_075,7,23,1,3,Low,2.9,74
6af0a18c,RIDER_099,8,8,1,2,Low,0.3,53
5d9ee345,RIDER_072,5,6,1,3,Medium,3.6,60
abec2400,RIDER_003,5,21,1,0,Low,6.2,71
37ba9b5b,RIDER_142,7,3,0,8,Low,-0.9,100
e91c1e2f,RIDER_034,8,23,0,1,Medium,-1.4,79
6f812211,RIDER_045,9,8,1,1,Low,5.3,78
59a16c7b,RIDER_061,2,19,0,2,Medium,5.9,62
53e8330c,RIDER_083,3,21,1,0,High,1.6,67
35779655,RIDER_123,2,11,1,9,High,1.3,67
a1180466,RIDER_102,10,18,1,2,Medium,5.6,97
04acbf8a,RIDER_016,7,10,1,3,Medium,-1.2,68
1a63cad4,RIDER_066,2,20,1,8,Medium,-7.5,67
d0986e1c,RIDER_145,2,12,1,4,Low,2.4,39
baa1f32a,RIDER_119,2,20,1,10,Medium,2.5,59
0f62656a,RIDER_124,4,8,1,5,Medium,5.7,56
790004e9,RIDER_144,1,19,1,0,Low,5.2,54
01acade9,RIDER_102,2,21,1,2,Medium,8.7,64
469dbbd8,RIDER_066,3,16,1,6,Low,3.1,57
a78d75fb,RIDER_013,7,21,1,6,High,10.8,100
3c917d4a,RIDER_111,10,18,1,9,High,6.7,100
df302292,RIDER_034,1,9,1,0,Low,2.4,33
06fe37b4,RIDER_039,6,4,1,8,Low,6.3,63
ed169b02,RIDER_136,3,9,1,0,Low,-1.6,31
75da429c,RIDER_120,3,2,1,6,High,0.9,52
cc39007a,RIDER_126,4,9,1,1,Low,1.4,44
0bc69b2c,RIDER_055,4,9,0,8,Medium,1.2,100
4daf8863,RIDER_027,7,18,1,8,Low,5.4,66
9498f35b,RIDER_118,3,11,1,8,Medium,6.4,58
9201538f,RIDER_053,8,13,1,3,Medium,5.1,74
cff04ef8,RIDER_039,8,6,1,5,Medium,-0.5,67
8cfb6c55,RIDER_065,7,9,1,1,Medium,4.7,73
21e11ee9,RIDER_145,2,16,0,2,Medium,6.9,67
93bca260,RIDER_013,5,4,1,5,Medium,4.9,63
2d8f6aa5,RIDER_021,6,2,1,0,Medium,-3.6,52
9f9961da,RIDER_147,10,7,1,6,High,-1.9,92
2bb62dba,RIDER_053,4,15,0,1,Medium,4.2,69
eca87676,RIDER_019,10,6,0,7,Medium,6.7,100
65302a1d,RIDER_057,5,11,1,4,Medium,-1.9,57
34572689,RIDER_025,9,20,1,6,Low,2.0,88
3acaa988,RIDER_031,7,17,1,7,High,2.2,90
2e115c1e,RIDER_081,2,4,1,2,Low,-2.0,21
a85b9b35,RIDER_023,1,19,1,5,Medium,3.1,56
fe70fa3f,RIDER_032,2,7,1,8,Medium,3.6,42
3e7407c7,RIDER_074,3,11,0,3,Low,2.7,74
70a78ec5,RIDER_010,2,13,1,9,Medium,6.0,53
289c7bcb,RIDER_054,3,21,1,6,Low,1.8,54
a67a8d8d,RIDER_052,10,3,1,0,High,4.8,94
58404d62,RIDER_148,9,14,1,6,High,3.7,100
fbba0a16,RIDER_114,4,2,1,8,Medium,4.6,49
2cb7c7ff,RIDER_014,9,18,0,9,Medium,0.1,100
e6761864,RIDER_110,3,5,1,7,Low,4.1,36
8a4f6708,RIDER_053,1,13,0,3,High,6.7,77
42228f08,RIDER_079,5,13,1,2,Medium,5.8,70
e2add279,RIDER_022,10,24,1,6,Low,6.9,100
b66b2bab,RIDER_030,10,24,1,0,High,2.8,100
68a62217,RIDER_004,2,14,0,7,Medium,8.4,100
500495f9,RIDER_059,4,12,1,0,Low,0.9,47
3866a4e1,RIDER_008,2,21,1,6,High,1.0,67
34713243,RIDER_012,2,13,1,5,Medium,9.0,63
e00b9a1b,RIDER_119,3,18,0,9,Medium,3.9,100
411e9bc1,RIDER_034,5,13,1,7,Low,5.7,67
fc192197,RIDER_082,4,4,1,5,Medium,-4.9,38
e338d620,RIDER_098,2,23,1,4,Medium,3.5,64
73e8128a,RIDER_127,10,22,1,8,Low,3.1,83
dee0395d,RIDER_075,2,10,1,3,Low,4.3,44
359e627e,RIDER_105,6,23,1,6,Medium,4.2,82
3882c0a7,RIDER_049,7,5,0,5,Medium,0.7,93
f1bdacc2,RIDER_079,10,18,1,9,High,11.8,100
7079f4ba,RIDER_093,6,8,0,5,High,-1.1,100
c9278946,RIDER_018,7,14,0,10,High,1.1,100
99cb495b,RIDER_096,1,2,1,4,Medium,5.8,40
5d016d96,RIDER_038,6,8,1,1,Medium,-2.0,57
21bfd120,RIDER_087,3,16,0,3,Low,1.8,70
c134014d,RIDER_088,1,7,1,0,Low,5.1,36
10dbd160,RIDER_050,8,3,1,8,Medium,0.2,61
4247da8f,RIDER_008,4,4,0,8,Medium,-0.7,100
e54239ac,RIDER_134,10,7,1,7,Medium,3.8,79
5e2ac644,RIDER_069,8,4,0,3,Medium,2.7,87
193ffae8,RIDER_121,10,9,1,4,Low,-0.4,69
d56c6986,RIDER_064,4,23,1,0,Low,2.6,71
8721dad0,RIDER_139,4,17,1,3,High,2.0,73
4a7e7b4f,RIDER_121,10,17,0,3,Low,6.0,100
e0fa5b9a,RIDER_065,4,20,1,4,Medium,-1.8,61
4aae2c16,RIDER_107,6,14,1,1,High,-1.3,79
e45bd305,RIDER_147,9,14,0,1,Low,1.1,82
f4b3d38b,RIDER_137,5,13,0,1,Low,1.0,48
49665d02,RIDER_100,10,4,0,10,Medium,5.9,100
8a6a5660,RIDER_082,8,13,1,7,Medium,2.7,88
80f588b3,RIDER_143,8,21,0,1,Medium,4.7,95
e6df4724,RIDER_051,4,17,1,5,Medium,7.8,65
ccb8adcb,RIDER_141,10,15,1,1,Medium,-1.2,83
403fc000,RIDER_083,9,18,0,7,Medium,7.8,100
0d1d4edc,RIDER_112,9,11,1,0,High,2.1,94
061c6421,RIDER_056,5,4,1,1,High,-7.2,64
45de6577,RIDER_145,6,20,1,4,Medium,3.0,79
5916ba46,RIDER_060,5,11,0,5,Medium,-3.5,86
2e79a611,RIDER_120,3,10,1,8,Medium,-3.3,54
412ee92c,RIDER_138,8,22,1,5,Medium,-2.0,88
12a8f6f9,RIDER_023,9,13,1,7,Medium,1.7,79
b3f41965,RIDER_149,4,22,1,6,Low,-3.0,69
0a16ca4e,RIDER_013,9,8,1,0,Low,7.1,74
5f883012,RIDER_101,9,13,1,1,Medium,6.5,92
d2fcd21e,RIDER_024,7,9,0,3,Medium,12.4,100
10fb56ad,RIDER_108,8,1,1,0,Medium,1.7,62
85311ff3,RIDER_011,3,1,1,7,Medium,0.1,35
eba6cf53,RIDER_017,5,15,1,3,High,2.9,82
e8512c4f,RIDER_025,3,22,1,6,Medium,5.5,71
3e3d9dc0,RIDER_094,7,4,0,6,Low,7.2,100
1f8c13ba,RIDER_021,6,20,1,7,Medium,-0.4,77
a803c487,RIDER_084,3,1,1,8,Medium,6.0,50
4e35c4af,RIDER_140,9,12,1,8,Medium,6.0,83
70aa401e,RIDER_037,1,11,1,6,Low,13.8,57
a37b7af9,RIDER_042,10,19,0,8,Medium,7.7,100
1b453f47,RIDER_145,3,15,0,4,Low,9.5,89
3411989e,RIDER_101,10,21,1,9,Medium,10.0,100
86311625,RIDER_048,7,10,0,3,Low,-0.6,68
02a9271e,RIDER_103,3,1,0,2,High,-1.0,54
4986ae21,RIDER_028,3,24,1,5,Medium,6.0,73
6eea0941,RIDER_041,2,3,1,9,High,0.6,46
0e88f3d5,RIDER_099,9,14,0,10,Low,5.1,100
17a2cc59,RIDER_047,4,15,0,8,Medium,1.7,100
2357d5e0,RIDER_146,10,1,1,3,Low,3.7,73
92822475,RIDER_105,6,10,1,1,Medium,3.3,70
807f736d,RIDER_124,2,22,0,10,Low,4.9,100
72c0f2ac,RIDER_013,9,1,1,2,High,-2.7,75
b72197ad,RIDER_141,7,15,0,2,Medium,-3.1,71
5abbee1c,RIDER_100,10,3,0,1,Low,1.6,69
f486efcb,RIDER_031,5,21,0,8,Medium,2.5,100
0c0cbfef,RIDER_130,7,20,0,3,Medium,8.7,100
72109602,RIDER_016,4,23,1,2,Low,3.7,70
83c685fc,RIDER_137,10,22,0,9,Medium,3.0,100
78067400,RIDER_073,7,12,1,5,Medium,1.0,73
9fca1273,RIDER_054,2,19,0,7,Medium,4.1,100
9337590b,RIDER_100,7,16,1,10,Medium,1.1,81
5ca700cf,RIDER_109,4,8,1,7,Low,-2.7,38
06ff9d10,RIDER_087,4,24,1,9,Medium,6.3,82
67e5cd8a,RIDER_137,1,14,0,5,Medium,0.0,73
20ed9d5f,RIDER_008,3,18,1,4,Low,0.3,51
2970534a,RIDER_007,5,23,1,10,Low,-3.7,66
923c8c4d,RIDER_036,5,1,0,6,Medium,3.5,86
f0a79cae,RIDER_018,2,2,0,2,Medium,8.8,47
84750300,RIDER_003,4,24,1,9,Low,-4.8,62
3994c69c,RIDER_028,1,12,1,1,Low,-4.4,34
d1a5b3a0,RIDER_070,9,17,1,7,Low,3.6,84
0a3d76d3,RIDER_149,1,2,0,10,Medium,3.1,100
111660e5,RIDER_028,6,17,0,8,Low,0.1,100
e0d71581,RIDER_054,7,21,0,5,Medium,-0.2,100
14eea12f,RIDER_065,3,7,1,3,Low,3.2,40
2568e863,RIDER_100,1,6,1,5,Medium,-5.6,35
99534827,RIDER_021,7,6,0,6,Low,-3.2,88
fd46058c,RIDER_013,3,22,1,7,Medium,-2.0,61
43feb4c2,RIDER_057,10,8,1,2,Medium,0.4,78
c6f23a7e,RIDER_049,6,5,1,5,Medium,0.5,50
2653d3be,RIDER_118,6,15,0,9,Low,-8.4,100
8730180b,RIDER_054,4,7,0,5,High,-3.2,92
0b7e72ae,RIDER_138,6,3,1,9,Low,4.3,51
138bc385,RIDER_053,10,10,0,6,Low,4.0,100
6e9ddb17,RIDER_044,4,3,1,3,Low,5.5,40
af1d87d4,RIDER_047,8,14,1,5,High,4.1,94
77d7d835,RIDER_053,9,22,1,1,Low,1.6,82
b91f07bf,RIDER_074,2,3,1,7,Medium,-1.9,39
c714c8f4,RIDER_046,7,1,1,2,Low,-1.9,50
93be7a15,RIDER_013,9,1,0,8,Medium,-1.4,100
ce729b06,RIDER_102,9,19,1,7,Medium,5.3,93
0eb44d32,RIDER_024,5,4,1,5,Medium,4.1,51
949e3650,RIDER_002,1,2,1,9,High,-1.9,38
696a1e2c,RIDER_081,6,11,1,1,Medium,3.5,69
139531ed,RIDER_100,8,24,1,7,High,4.5,100
4572fcd7,RIDER_142,1,12,1,10,Medium,4.0,46
b9674ed3,RIDER_138,2,13,0,5,Medium,5.6,87
514ea933,RIDER_131,1,16,0,10,Low,2.2,100
9065c44c,RIDER_111,5,16,1,0,Medium,0.9,67
3f0f3c2b,RIDER_102,2,19,1,5,Medium,2.3,52
914519bc,RIDER_017,10,23,0,4,Medium,6.1,100
0a7315cc,RIDER_012,10,20,1,5,High,5.0,100
df81174d,RIDER_116,4,21,1,0,Low,2.4,59
53011f63,RIDER_024,1,20,1,3,Medium,6.6,59
bf32316e,RIDER_029,7,9,1,6,Medium,9.4,81
16bed3ad,RIDER_122,8,16,0,4,Low,12.2,100
7a43ec43,RIDER_090,5,7,1,5,Medium,12.2,76
b5b86a8d,RIDER_065,2,13,1,1,Medium,14.9,69
4a935365,RIDER_084,8,4,1,7,High,7.4,86
1fa9e880,RIDER_119,1,13,0,9,Medium,-8.7,100
61173223,RIDER_016,7,8,0,3,High,2.8,100
5bf0be8f,RIDER_104,1,2,1,5,Medium,-3.9,27
3c813104,RIDER_092,6,7,0,2,Medium,8.7,72
f80ed8d7,RIDER_027,6,11,0,8,Medium,0.7,100
1506849f,RIDER_134,5,17,1,7,Low,3.8,63
3232b948,RIDER_135,2,24,1,5,Medium,1.4,58
c8883491,RIDER_033,2,14,1,8,Medium,9.2,61
b5d4e5f2,RIDER_055,9,13,1,9,High,-2.7,92
1ecb16bc,RIDER_007,5,15,0,8,Medium,4.8,100
a0619b8a,RIDER_057,5,22,1,1,Medium,-2.2,69
ba00b3eb,RIDER_126,7,21,1,8,Low,-6.5,78
e0276e54,RIDER_012,6,9,0,7,Medium,2.8,100
f7e74339,RIDER_016,2,3,1,1,High,-2.9,44
40675fad,RIDER_043,1,13,1,8,Low,-4.0,34
3cb7fcbf,RIDER_117,5,13,1,4,Low,-4.3,53
c9137d15,RIDER_135,4,9,1,8,Medium,0.4,54
bcb342f6,RIDER_111,3,18,1,2,Low,5.7,59
4c328139,RIDER_051,2,5,0,3,Medium,-3.8,57
ef041feb,RIDER_075,10,11,1,0,Medium,6.3,91
d15afd17,RIDER_008,2,2,0,10,Medium,-0.2,100
71b16398,RIDER_045,4,17,1,4,Low,-2.3,50
6f7b21d5,RIDER_059,2,23,1,6,Medium,6.9,66
ea588fa0,RIDER_132,4,20,0,6,Medium,5.9,100
2e634630,RIDER_104,3,21,1,5,Low,5.3,58
240985f1,RIDER_098,9,4,0,5,Medium,2.9,100
a2625a35,RIDER_079,7,22,0,7,Low,-2.3,100
6da6377c,RIDER_124,3,18,1,10,Medium,7.0,66
c10c3df1,RIDER_004,8,24,1,9,Medium,2.1,95
f4be18ab,RIDER_090,9,20,0,8,Low,2.5,100
db21f53d,RIDER_104,7,8,0,3,Medium,3.6,86
807b3857,RIDER_137,6,19,1,3,Low,6.0,80
a4ef6b38,RIDER_119,4,12,1,7,Medium,-4.5,54
5afc2ede,RIDER_133,5,11,1,4,Medium,1.8,56
87a3081e,RIDER_056,8,16,1,9,Low,0.2,80
0b4b3eef,RIDER_096,3,5,0,8,Low,7.9,98
6c08b8f4,RIDER_075,2,3,1,5,High,8.9,59
ccabd2e6,RIDER_143,3,12,1,8,Medium,3.2,53
f85803b6,RIDER_032,7,15,1,3,High,-3.3,85
6f366bcf,RIDER_028,8,16,1,0,Medium,-0.4,79
0ba7a261,RIDER_022,1,13,1,3,Medium,-8.1,50
48565a09,RIDER_017,7,7,1,8,Medium,6.1,71
4defee3f,RIDER_059,9,15,1,6,Medium,-0.3,85
e984375a,RIDER_090,3,3,1,5,Medium,6.8,62
aa247d41,RIDER_106,3,12,1,1,High,-0.2,64
4af65a37,RIDER_026,8,8,1,3,Low,1.2,63
fcdf60e3,RIDER_025,4,12,1,0,Medium,0.5,57
65b467de,RIDER_138,8,18,0,2,Medium,-4.4,81
9349529d,RIDER_045,5,3,1,1,Medium,-4.5,47
a68084a5,RIDER_083,3,12,1,3,Medium,9.9,60
157e4947,RIDER_011,4,23,0,3,High,-1.0,100
4f82e8bf,RIDER_104,4,21,1,10,High,5.0,84
bd7c16f3,RIDER_068,8,23,0,8,Low,12.5,100
67709188,RIDER_095,6,2,0,6,Medium,0.3,94
0cc0de98,RIDER_065,7,14,1,2,Medium,3.8,75
06793833,RIDER_049,9,14,1,6,Medium,3.2,90
99a299df,RIDER_052,6,4,1,7,Low,3.3,46
c8de7d73,RIDER_102,3,17,1,6,Low,4.0,55
aec84fb6,RIDER_057,3,15,0,7,High,-2.8,100
a0411195,RIDER_047,3,16,0,8,Medium,-3.8,100
03c50236,RIDER_026,10,5,1,0,Medium,1.9,75
ac289977,RIDER_114,2,24,1,9,Medium,7.6,74
a9732181,RIDER_005,1,17,1,5,Low,5.7,50
bb752cbd,RIDER_084,10,23,1,3,Medium,-3.7,99
f259350f,RIDER_052,1,7,1,0,Medium,4.3,37
2c7cb10d,RIDER_105,4,23,0,1,Medium,3.0,71
b31afc38,RIDER_054,3,15,1,9,Low,2.6,49
a7658f11,RIDER_015,5,17,1,3,High,2.5,88
5f2a5ada,RIDER_061,9,12,1,0,Medium,3.2,75
ba060709,RIDER_122,8,11,1,5,Low,1.9,67
082c5c8a,RIDER_021,9,19,1,0,Medium,-0.4,85
730e988c,RIDER_046,5,11,1,8,Medium,1.1,52
a0670d6d,RIDER_134,8,2,1,9,Medium,-5.4,65
7c259546,RIDER_038,4,15,0,2,Medium,4.1,61
9c066b4a,RIDER_062,5,5,1,10,Medium,4.0,62
500dd1e4,RIDER_086,3,18,1,0,Low,8.6,59
86fdee74,RIDER_078,5,21,0,5,High,4.4,100
93146dff,RIDER_046,3,21,0,5,Low,1.2,92
6ae70c52,RIDER_141,5,16,1,6,Low,3.9,59
7df26956,RIDER_003,5,4,1,6,Medium,0.7,53
a97211f0,RIDER_006,6,23,0,9,Medium,-0.7,100
670d283a,RIDER_093,9,10,1,10,Low,-7.6,68
8594b33d,RIDER_008,1,22,1,3,Medium,3.6,61
ca14e8f6,RIDER_108,10,2,1,4,Medium,4.0,80
396c3685,RIDER_075,6,15,1,2,Medium,7.2,79
bf99ea0f,RIDER_077,1,4,1,5,Low,7.8,31
d2b20edc,RIDER_050,6,16,1,6,Low,3.4,63
0d8bc123,RIDER_011,2,7,0,8,Medium,-3.0,85
5168f47b,RIDER_095,8,12,0,8,High,-2.8,100
aec666de,RIDER_070,3,3,0,4,Low,2.9,62
de6a4f87,RIDER_016,10,17,1,3,Medium,5.6,98
0c414215,RIDER_068,6,9,1,6,High,5.8,76
06436c00,RIDER_099,6,8,0,2,Low,0.3,55
46058cde,RIDER_048,4,23,1,3,High,-6.4,80
8cec4740,RIDER_064,5,6,1,8,High,-2.8,68
9588bcbe,RIDER_090,2,15,1,4,Low,-5.7,48
1c01d9a8,RIDER_076,10,10,1,9,Low,3.3,74
4cacbf44,RIDER_139,10,23,1,6,High,0.9,100
be851be0,RIDER_101,8,6,1,1,Medium,0.8,63
0789aa08,RIDER_089,10,15,0,8,Low,3.9,100
6f065e89,RIDER_018,7,14,1,4,Medium,0.6,70
f399cbc0,RIDER_019,10,19,0,4,Low,9.7,100
8f68d633,RIDER_055,6,13,0,3,High,1.2,98
aa14afc9,RIDER_102,7,14,1,7,Low,-4.9,67
e4723e33,RIDER_118,1,3,0,10,Medium,-8.2,91
59f5d805,RIDER_134,5,4,0,3,Medium,4.1,75
da4e10d6,RIDER_004,7,14,1,1,High,4.5,92
27f01c09,RIDER_108,1,14,1,4,High,4.5,67
12594b27,RIDER_115,2,8,1,2,Medium,-3.2,36
6b0bf655,RIDER_029,9,10,1,3,High,-1.5,90
2685dcf8,RIDER_059,3,9,1,2,Medium,8.7,57
ca310521,RIDER_125,6,14,1,6,Medium,1.3,70
4021439c,RIDER_098,7,8,1,5,Medium,-0.5,63
e103693e,RIDER_017,9,11,1,1,High,7.5,100
0fa272cb,RIDER_107,5,10,1,10,Medium,-2.1,59
876f126b,RIDER_043,4,18,1,7,Low,0.3,51
982cc174,RIDER_080,2,4,0,4,Low,7.0,66
821f6ea6,RIDER_008,3,4,1,5,High,7.3,67
d892a63d,RIDER_141,5,12,0,7,High,7.4,100
c2ea3206,RIDER_106,2,18,1,10,Medium,5.0,56
1607dcd0,RIDER_008,4,8,1,10,Medium,10.1,58
7eb883a0,RIDER_096,1,3,1,6,High,5.8,50
0a0873e7,RIDER_094,4,18,1,10,Low,3.3,64
f40e75c7,RIDER_065,7,7,0,2,Low,2.0,56
76cc5ea8,RIDER_039,3,1,1,1,Medium,0.8,39
aad46272,RIDER_081,10,22,1,2,Low,-3.0,87
ea952808,RIDER_084,8,13,1,7,Medium,-6.9,80
2302d5db,RIDER_088,6,3,1,3,Low,5.8,45
bef86e1c,RIDER_086,6,3,0,7,Medium,1.6,100
2469c25a,RIDER_093,1,15,1,3,Low,-1.4,37
f687735f,RIDER_086,5,21,0,6,Low,10.1,100
e4529806,RIDER_044,3,19,1,5,Low,6.8,64
022479ff,RIDER_137,10,4,1,9,Medium,1.4,72
a3e0f4e5,RIDER_074,1,13,1,0,Low,4.3,47
86b18792,RIDER_036,8,13,1,10,Low,1.9,76
80f2267a,RIDER_101,7,15,0,7,Medium,0.5,100
8698c0fe,RIDER_104,7,19,1,5,Low,7.0,87
bdbd7cd9,RIDER_066,10,16,1,1,Low,3.1,83
30432f58,RIDER_055,10,7,0,4,Medium,-3.0,98
f07bc7e4,RIDER_091,10,3,1,1,High,3.5,91
449b24aa,RIDER_022,4,20,1,9,Medium,4.5,72
a910307c,RIDER_101,6,2,1,6,Medium,8.8,67
e51ef496,RIDER_121,9,18,1,10,High,3.2,99
b0e72e9f,RIDER_093,3,11,1,9,Low,2.2,52
80cf85b6,RIDER_108,9,1,1,5,Medium,4.1,71
07739e51,RIDER_141,4,16,0,6,Medium,-2.2,94
212bada5,RIDER_010,5,17,1,5,Medium,12.9,85
ef93ae89,RIDER_009,7,16,0,9,Medium,9.9,100
0618785f,RIDER_034,6,10,1,0,Medium,5.9,67
12bad091,RIDER_129,10,17,1,2,High,3.3,100
0c65d6e6,RIDER_089,8,3,0,9,High,-3.5,100
a85a5164,RIDER_093,8,18,0,1,Low,2.1,71
1261bc96,RIDER_071,8,19,1,0,Low,4.0,77
106003d7,RIDER_067,3,14,1,0,Low,-2.1,45
75f3c1e3,RIDER_148,10,21,0,3,Low,-0.2,100
43a2566d,RIDER_117,6,2,0,10,Medium,0.1,100
beab9777,RIDER_094,7,12,1,0,Medium,-0.5,70
784895c1,RIDER_099,9,11,1,1,High,8.7,100
d31a71a2,RIDER_113,10,17,1,0,Low,1.3,85
4096a059,RIDER_103,10,6,1,5,Low,7.4,80
cd28ca1e,RIDER_091,4,19,0,10,High,0.1,100
3455d623,RIDER_090,5,13,1,3,Medium,0.6,62
7a3a9c39,RIDER_017,8,7,1,7,Medium,2.2,80
78b157b3,RIDER_018,1,22,0,10,Medium,2.8,100
afaaf4bb,RIDER_116,6,11,1,4,Low,-2.2,53
d81b0d08,RIDER_093,4,7,0,9,Medium,3.4,100
47d42c8b,RIDER_091,5,13,1,4,Medium,-2.4,56
351b010c,RIDER_082,5,13,1,10,Low,9.4,65
5bd85d6c,RIDER_068,2,21,1,10,Low,-0.1,48
f6312880,RIDER_114,8,1,1,7,High,5.5,77
5478ac68,RIDER_001,2,19,1,10,Medium,-0.2,65
84c225cd,RIDER_058,4,19,1,9,Medium,7.1,74
79f2abb6,RIDER_109,5,23,1,5,Medium,0.1,69
824dfc8b,RIDER_148,1,15,0,5,Medium,1.8,84
ce1da599,RIDER_116,6,14,1,2,Low,1.0,56
6f4f31f4,RIDER_087,2,3,1,5,High,0.8,48
7b7823bc,RIDER_010,5,21,1,9,Medium,-3.9,64
345426f7,RIDER_059,6,20,1,6,Medium,-0.9,76
f8e5bcb4,RIDER_041,8,4,0,1,Medium,3.4,71
3a111e45,RIDER_105,9,7,1,2,Medium,4.2,80
b63eb0eb,RIDER_133,6,1,1,5,Low,-2.5,46
0ef8b2b5,RIDER_122,5,23,0,9,Medium,-0.6,100
6020e18a,RIDER_145,4,24,1,8,Medium,1.7,75
62dc12bb,RIDER_022,2,19,1,8,Low,2.3,58
fbdd2c25,RIDER_098,2,3,0,7,Medium,3.5,87
0ff5b781,RIDER_068,7,20,0,7,High,6.2,100
3c0b3604,RIDER_139,5,15,1,8,Low,3.3,54
350114e3,RIDER_056,7,13,1,10,Low,-2.0,63
1db0583a,RIDER_149,1,22,0,10,Medium,4.8,100
cb87589c,RIDER_099,1,14,1,8,Low,5.9,45
daf22fd9,RIDER_076,5,7,0,9,High,-4.3,100
5dc7c143,RIDER_026,2,1,0,10,Medium,3.9,100
b8853fc0,RIDER_115,8,13,0,8,High,7.3,100
fcb801a4,RIDER_147,3,4,1,4,Medium,-0.6,48
87c085c9,RIDER_109,1,12,1,5,Low,4.8,38
6e86fbaf,RIDER_047,2,7,1,4,Medium,-0.8,36
6812dd55,RIDER_071,10,2,1,0,Medium,0.8,80
3360ad56,RIDER_040,10,17,0,3,High,-1.5,100
d3daa443,RIDER_133,7,1,1,10,High,4.5,73
13051b13,RIDER_149,6,14,1,0,Medium,5.1,74
c862be07,RIDER_132,8,22,1,0,Low,3.7,85
b9b4a619,RIDER_023,7,21,1,2,Medium,4.4,82
1388bdbe,RIDER_106,10,1,1,6,Low,4.9,67
05d9534f,RIDER_084,8,3,1,0,Low,7.4,67
562b1faa,RIDER_143,3,11,1,6,Medium,-0.3,49
21b6fa06,RIDER_116,6,7,0,9,Low,-8.1,100
b895b6f7,RIDER_109,7,9,0,9,High,0.4,100
2112443c,RIDER_136,10,22,1,0,Low,0.4,89
b0ddde84,RIDER_041,1,3,1,8,Medium,5.3,37
63f8ed54,RIDER_112,1,1,0,4,Medium,-7.0,59
78d3167c,RIDER_147,7,19,0,5,High,3.1,100
f3d79c85,RIDER_112,3,2,1,8,Medium,7.4,51
48a9106c,RIDER_103,3,21,0,10,Medium,2.1,100
deb8cd04,RIDER_046,5,24,1,2,Medium,4.3,82
cf369b08,RIDER_068,6,5,1,2,High,-0.8,64
4d5c2d45,RIDER_122,2,17,0,4,Low,4.9,81
dadfbe61,RIDER_015,3,19,1,6,Medium,1.6,64
4029f381,RIDER_129,6,5,1,2,High,-0.3,65
8808bbb7,RIDER_111,3,23,1,3,High,2.2,77
be038a5a,RIDER_024,5,21,1,1,Low,5.4,71
3c4e6502,RIDER_027,9,14,1,8,Medium,1.6,85
f9f04c9a,RIDER_040,3,10,1,9,Medium,1.3,48
fa3b8622,RIDER_024,6,21,1,8,Medium,1.8,78
c6b843a6,RIDER_024,5,7,1,10,Medium,3.1,55
d129a258,RIDER_004,5,8,0,1,Low,2.8,50
85287f09,RIDER_067,6,8,1,4,High,2.8,75
49217333,RIDER_034,6,7,1,0,Low,-2.9,58
2fc20cd7,RIDER_116,1,13,1,7,High,1.4,60
ce38cf02,RIDER_023,9,14,0,5,High,7.1,100
787f0b72,RIDER_109,5,19,0,9,Low,4.3,100
beb4e742,RIDER_069,1,11,1,9,Medium,6.8,48
9b4ef4c8,RIDER_095,8,2,1,1,Low,3.7,57
da34d605,RIDER_062,7,17,0,1,Low,2.9,71
b69fdff6,RIDER_057,7,6,1,9,High,7.8,83
0961fd56,RIDER_054,5,9,1,4,Low,0.2,50
16297457,RIDER_070,1,19,1,6,Medium,0.0,52
b1ef6818,RIDER_101,9,5,1,8,High,8.9,100
765e5373,RIDER_057,9,9,0,8,Low,5.6,100
98c54e87,RIDER_138,8,7,0,10,Medium,0.9,100
4ba710c3,RIDER_135,5,4,1,5,Medium,-0.5,47
825b1b8e,RIDER_103,3,18,1,1,Medium,-2.1,47
679dc4c7,RIDER_085,8,18,1,5,High,0.7,95
96483bbc,RIDER_061,1,20,1,0,Medium,5.7,59
437d69d2,RIDER_003,3,17,0,10,Medium,-6.7,100
2465fede,RIDER_128,7,4,0,10,High,6.4,100
5fe8aa9a,RIDER_086,4,22,1,1,High,4.8,82
78499017,RIDER_047,7,16,1,2,Medium,-2.1,72
3f7b07f2,RIDER_076,5,22,1,4,Medium,2.2,80
e7372391,RIDER_038,6,23,0,9,Medium,-0.0,100
95089347,RIDER_141,7,5,1,0,High,-1.6,70
ccf9c8ed,RIDER_087,10,9,1,9,Medium,3.2,83
62a1b334,RIDER_058,7,2,0,4,Low,4.2,78
e2ee4a96,RIDER_050,7,2,0,4,Medium,5.1,89
56103f92,RIDER_030,7,4,0,3,Medium,-5.1,84
fde4ee9d,RIDER_101,7,20,1,2,Medium,0.2,82
865b50f4,RIDER_025,3,20,1,6,Medium,4.5,62
4b7ef8fd,RIDER_112,3,17,1,10,Medium,5.9,69
3c26d1ac,RIDER_126,7,20,0,6,Low,3.0,100
e9650a35,RIDER_123,2,21,1,0,Low,6.3,61
6c733ce4,RIDER_047,2,19,0,6,Medium,2.8,100
5c536e31,RIDER_118,3,3,1,2,Low,4.1,39
e9d742f8,RIDER_039,4,5,0,2,High,-1.3,65
4cca2179,RIDER_016,6,10,1,5,Low,4.9,67
f6b64826,RIDER_022,8,6,1,5,Medium,-3.2,72
5184145a,RIDER_054,10,3,1,10,Low,-2.1,62
4b997084,RIDER_149,10,17,0,3,Low,-1.1,100
5d4cc085,RIDER_016,7,10,1,4,Low,8.7,71
e3fff2bd,RIDER_059,4,24,0,2,Medium,0.6,67
17697a39,RIDER_031,2,12,0,2,Medium,3.8,56
1e2b1313,RIDER_032,2,1,1,8,Low,4.2,34
5493dc58,RIDER_009,4,18,0,4,Medium,4.1,92
d1d115f3,RIDER_139,6,19,1,0,Medium,-2.0,74
fcd55f4f,RIDER_010,3,22,1,8,Medium,3.5,62
17e06e5f,RIDER_017,6,20,1,9,Low,-1.9,55
bf40e8e6,RIDER_068,5,4,0,5,High,-4.6,95
88635d14,RIDER_048,5,15,1,8,Low,8.8,75
285db7dc,RIDER_111,2,9,0,10,High,1.0,100
4f9322ff,RIDER_123,8,6,0,6,Low,1.2,98
84e7a9ab,RIDER_149,5,12,1,10,Medium,6.3,65
a6466c4a,RIDER_101,2,18,1,9,Medium,5.4,61
a7fcbe0e,RIDER_102,7,23,0,9,Medium,-0.3,100
ec1ba7ca,RIDER_065,9,15,1,6,Medium,3.4,86
163ebfad,RIDER_051,9,19,0,4,Low,4.4,100
cf254590,RIDER_036,1,9,0,6,Medium,-2.9,76
67260169,RIDER_081,7,22,1,9,Low,-0.7,69
86ca210f,RIDER_127,9,24,0,3,Medium,1.0,100
ab757bd8,RIDER_088,6,13,1,10,High,2.5,84
c9e1f24b,RIDER_104,1,16,0,10,Medium,7.6,100
3f5ac27a,RIDER_015,2,13,1,5,Medium,-0.4,47
bcec9435,RIDER_096,4,1,0,1,Low,8.3,48
2db5452b,RIDER_123,4,18,1,9,Medium,4.3,62
eac8453c,RIDER_001,2,22,0,2,Low,-4.0,55
cea175b6,RIDER_122,8,3,1,1,Low,3.7,59
37de84af,RIDER_126,2,17,1,9,Low,8.2,60
f73f89cf,RIDER_057,3,22,1,1,High,1.6,71
53e06f75,RIDER_081,4,5,0,6,High,-0.5,96
b23c4849,RIDER_073,9,6,1,4,High,0.1,89
1aea2f87,RIDER_141,10,21,0,5,High,4.4,100
c22b9704,RIDER_070,1,17,0,2,Medium,-3.1,42
b078cd9e,RIDER_006,8,17,0,9,Low,9.5,100
19a9f6dd,RIDER_084,5,1,1,4,Medium,6.9,54
7b02c43d,RIDER_052,7,7,0,4,Medium,5.2,92
cf7b8d4f,RIDER_003,8,22,1,10,Medium,-2.2,82
43913af5,RIDER_081,5,16,0,3,Medium,8.3,97
ce7fdcfd,RIDER_063,8,5,0,9,Medium,7.6,100
2fc63abf,RIDER_049,10,16,1,3,Medium,8.3,96
a2bf19fe,RIDER_076,8,4,1,7,Low,3.8,60
3cf80d52,RIDER_112,9,11,1,5,Medium,2.7,76
9c61e0ab,RIDER_109,2,14,1,10,Low,3.7,45
59000212,RIDER_065,3,13,0,1,Low,4.6,52
36490b13,RIDER_081,1,24,1,1,High,7.8,73
5a85076e,RIDER_015,4,8,0,1,Medium,-2.8,45
bc9f62da,RIDER_100,5,21,1,5,High,3.6,85
1d10d6b9,RIDER_032,1,20,1,0,Medium,4.7,60
28658686,RIDER_096,8,15,0,2,Medium,6.8,82
0020a08a,RIDER_128,2,18,1,0,High,1.5,70
9765f7f8,RIDER_146,1,7,1,3,Low,3.0,27
984f68d8,RIDER_113,2,21,1,0,High,2.2,68
02016a34,RIDER_083,5,19,1,8,Medium,3.9,72
18b45586,RIDER_043,9,9,1,10,High,0.4,84
1a3b3129,RIDER_116,9,11,1,10,High,5.3,93
9534063e,RIDER_078,2,10,0,5,Medium,4.3,77
3783bc0f,RIDER_058,2,14,1,7,High,-3.1,54
3558eebd,RIDER_033,3,16,1,1,Medium,-2.0,58
0adc2c1f,RIDER_014,7,8,1,5,Low,2.0,59
acbfa974,RIDER_132,3,1,1,3,High,15.0,78
ec843d16,RIDER_059,1,12,1,6,High,1.6,56
8ab85cdd,RIDER_083,6,3,0,7,Low,-1.4,92
dbcc5a24,RIDER_134,3,2,1,5,High,-0.2,56
b103de23,RIDER_121,1,16,1,0,Medium,4.7,56
3f4c24c7,RIDER_083,4,4,1,7,Low,9.1,50
41ae42f8,RIDER_027,1,2,0,10,Medium,0.1,92
930e1720,RIDER_080,1,12,1,0,Medium,3.4,48
01ba3abb,RIDER_134,2,24,0,8,Medium,0.5,100
e1ee4363,RIDER_013,10,17,1,1,Medium,5.2,97
b878761a,RIDER_064,8,20,1,10,High,0.5,95
0ccde6fc,RIDER_147,2,21,1,9,High,5.7,76
d42459e9,RIDER_080,2,10,0,5,Low,-7.9,70
518e31b7,RIDER_123,10,20,0,7,Medium,5.1,100
6aa21e07,RIDER_043,10,8,1,4,Low,1.5,66
d69e22be,RIDER_089,8,18,1,1,Medium,4.6,84
23aa6fe0,RIDER_148,6,18,1,4,High,2.1,82
a4d900c1,RIDER_095,4,18,1,0,Low,-2.7,56
26dce51c,RIDER_002,3,2,1,7,Medium,2.9,40
ce912bc6,RIDER_120,1,12,0,7,High,5.3,100
07437cf8,RIDER_022,3,10,0,1,Medium,3.1,55
e411c70d,RIDER_115,9,8,0,5,Low,-3.8,100
798bc809,RIDER_057,5,19,0,10,Medium,2.9,100
dab067c4,RIDER_072,6,10,1,7,High,4.1,78
336a634a,RIDER_007,5,11,1,9,Medium,0.4,63
5a6b92ff,RIDER_119,1,14,1,7,Medium,-10.0,44
241fed4e,RIDER_114,10,15,1,6,Medium,0.1,90
be0447f5,RIDER_016,1,24,1,2,Medium,-3.0,50
780c79bf,RIDER_083,4,23,0,10,Medium,1.6,100
9ab675d4,RIDER_072,3,10,0,3,Low,-3.0,61
a646b1bf,RIDER_124,8,4,1,0,Medium,-3.2,69
92cf9dff,RIDER_113,7,7,1,8,High,5.1,78
aececa17,RIDER_012,7,11,0,9,High,2.7,100
a416f00a,RIDER_126,8,24,0,9,Medium,4.0,100
fcd6dd1d,RIDER_053,10,22,1,1,Medium,-0.3,96
3a11188a,RIDER_075,7,22,0,9,Medium,0.1,100
d05b7b54,RIDER_133,10,3,0,6,Low,-0.6,100
b4c2b8f9,RIDER_027,2,5,1,7,High,-0.0,51
cda8152a,RIDER_140,4,2,1,3,Low,0.2,39
399ec9ab,RIDER_145,6,12,0,10,Low,-2.0,100
878a2b86,RIDER_134,3,21,0,10,Medium,-0.8,100
4f82e051,RIDER_097,3,5,1,9,Medium,2.8,43
eae71421,RIDER_005,6,7,1,0,Medium,-2.0,61
a94ff1f9,RIDER_057,1,4,0,4,Medium,3.3,62
929df3da,RIDER_078,1,11,0,9,Medium,-4.3,94
1f1e6b1f,RIDER_069,5,22,1,9,Low,3.2,64
2df71fa2,RIDER_118,1,9,0,5,High,1.7,85
e94ef169,RIDER_120,10,4,1,6,High,3.3,92
f0c04bfb,RIDER_059,8,22,1,0,Medium,3.3,93
346c947c,RIDER_033,2,9,0,3,Medium,-2.1,63
7e80dd9c,RIDER_062,6,12,1,4,Medium,2.2,62
d715407d,RIDER_050,10,16,1,4,Medium,-2.5,84
74b50b5e,RIDER_112,10,1,0,6,Medium,0.4,100
1ea3f989,RIDER_019,5,8,1,3,Low,5.8,61
e4b98310,RIDER_123,10,1,1,9,Medium,-1.9,61
74bcbe97,RIDER_047,4,20,1,6,Medium,1.8,69
9e7d4c54,RIDER_033,1,19,1,7,High,-1.2,65
7b51a70b,RIDER_141,3,4,1,1,Medium,3.2,49
4e41f7a6,RIDER_084,4,14,1,0,Medium,5.7,74
46e2bcdc,RIDER_135,2,23,0,9,Medium,0.1,100
f1a0426e,RIDER_079,2,14,0,9,Low,2.9,100
252e49b8,RIDER_014,2,9,1,0,Medium,1.1,36
e3a12bfc,RIDER_147,1,9,1,0,Medium,-1.9,38
ddcd678a,RIDER_128,10,17,1,8,Medium,3.4,90
139d0a08,RIDER_054,2,15,0,3,Medium,3.9,78
5b3cd900,RIDER_148,6,10,1,8,High,-1.9,71
3717b086,RIDER_029,3,17,1,6,Medium,5.5,66
ba5a7581,RIDER_024,10,9,1,6,High,7.1,100
17ecc466,RIDER_082,5,4,1,1,Low,-1.6,39
3d21a156,RIDER_063,1,14,0,1,High,7.5,72
f3a9cc9b,RIDER_105,8,3,0,4,Medium,2.0,84
dbecbaf3,RIDER_057,4,21,0,9,Low,1.7,100
25b910f6,RIDER_136,9,12,1,0,Low,8.7,84
714e1167,RIDER_062,4,22,1,6,Medium,5.4,74
6a1c4f72,RIDER_017,2,1,1,10,Low,-0.5,28
06c39945,RIDER_066,3,1,0,6,Medium,-0.0,77
3b469ba4,RIDER_006,5,13,1,10,Medium,3.3,67
7d57d901,RIDER_058,10,14,1,7,Medium,3.3,87
055f3aba,RIDER_069,6,16,0,6,Medium,1.8,100
a9e0789a,RIDER_062,7,7,1,7,Medium,-0.8,66
5870369d,RIDER_082,4,10,1,2,High,-0.2,61
fe955db3,RIDER_071,7,15,1,2,High,1.9,85
a4e0a689,RIDER_131,10,8,1,7,Low,-4.3,63
f860f24b,RIDER_010,3,11,1,8,High,4.0,67
697a6412,RIDER_098,7,24,1,9,Low,3.0,88
5c9a7aa0,RIDER_089,4,14,1,3,Medium,-1.7,59
a454097a,RIDER_035,8,13,1,7,High,3.9,87
d2c4b5de,RIDER_002,9,23,1,0,Medium,-4.9,96
a9ddd705,RIDER_124,7,13,0,1,High,3.5,83
e1ca69c3,RIDER_024,8,9,1,9,High,5.6,93
549efd49,RIDER_074,8,17,1,9,High,3.6,96
95009f89,RIDER_022,2,18,1,9,Medium,4.4,62
2da2fd25,RIDER_039,9,19,1,8,High,4.7,100
f9618fae,RIDER_020,6,13,1,1,Low,3.6,56
1411ad61,RIDER_041,4,12,1,1,Medium,1.8,56
c4404658,RIDER_148,5,21,0,7,Medium,0.7,100
bf4359db,RIDER_108,10,20,1,4,High,6.6,100
79d802f7,RIDER_147,5,20,0,4,Low,4.4,91
32a0c2f0,RIDER_084,7,8,1,10,High,6.7,85
9ce34bdd,RIDER_111,9,24,1,5,High,6.0,100
7070a66e,RIDER_066,7,11,1,7,High,-2.7,78
571914c1,RIDER_053,9,7,0,7,Low,-0.7,100
600950c5,RIDER_034,4,1,1,8,High,-5.4,52
87768559,RIDER_150,10,10,1,9,Medium,-4.2,85
0fc33992,RIDER_067,10,15,1,10,Low,-5.2,82
46c896a7,RIDER_134,4,4,0,2,High,-7.0,59
04612e1b,RIDER_027,6,1,0,8,Low,1.0,94
d9571e54,RIDER_010,8,11,0,10,Medium,6.7,100
95a3ac66,RIDER_073,9,5,1,2,Low,3.4,66
425bbfb4,RIDER_096,1,19,1,0,Medium,4.8,55
532cae3a,RIDER_048,1,19,0,10,Medium,2.2,100
c12b5e5c,RIDER_070,8,4,1,4,High,2.6,77
a2a0bde4,RIDER_100,7,2,1,6,High,5.1,83
3dc1f3d2,RIDER_059,9,7,0,2,Medium,1.3,69
80da5941,RIDER_002,3,13,1,8,Medium,2.5,58
7696613d,RIDER_065,10,20,1,0,Low,0.4,84
4e801f6e,RIDER_083,5,21,1,5,Medium,-2.9,73
476be4b5,RIDER_010,3,12,1,5,High,1.5,68
c37adad9,RIDER_053,5,2,1,7,Low,-2.7,44
77da7bf2,RIDER_079,10,22,0,2,Low,5.5,93
0be78571,RIDER_059,1,9,1,4,High,4.0,50
f99afdf2,RIDER_150,4,16,1,10,Medium,8.0,82
5c80ab88,RIDER_048,6,8,0,9,Medium,-1.1,100
a318c60d,RIDER_149,2,24,1,10,High,-3.5,66
5b3898ec,RIDER_123,7,18,1,4,Low,-4.1,69
80328c74,RIDER_022,8,4,0,7,High,8.3,100
fff0325d,RIDER_100,1,24,0,6,Medium,0.4,99
3cbe8b0a,RIDER_098,4,11,1,2,Medium,-4.0,54
0f3a6503,RIDER_025,4,17,1,6,Medium,3.9,72
140e4e5c,RIDER_028,5,8,0,9,Low,0.7,100
ab021c8a,RIDER_113,4,19,1,7,Medium,-1.8,58
b565f44c,RIDER_045,9,8,0,4,Low,7.9,100
ff023b44,RIDER_068,7,6,1,10,Low,1.4,51
faeb3e1f,RIDER_007,2,23,0,4,Medium,4.3,92
882788da,RIDER_049,1,2,1,10,Medium,3.7,39
7dc10c5e,RIDER_137,9,15,1,0,Medium,12.9,98
a65b607e,RIDER_083,1,1,1,7,Medium,1.2,32
79232c8a,RIDER_129,6,6,1,5,Medium,-2.0,58
36ed60d2,RIDER_138,2,19,1,5,Medium,-0.7,52
94504c3d,RIDER_073,4,4,1,4,High,6.0,72
3e575e73,RIDER_046,6,13,0,4,Low,3.0,90
02c4f51c,RIDER_106,5,15,1,2,Medium,0.1,68
08bed08f,RIDER_032,6,9,1,2,Medium,3.4,62
d4dc152f,RIDER_006,3,3,0,1,Medium,7.3,51
9d0bca53,RIDER_145,5,2,0,8,Medium,8.6,100
e9089d4e,RIDER_074,2,16,1,7,High,3.5,68
33b5b3f2,RIDER_114,7,18,1,10,Medium,6.5,92
8a531853,RIDER_027,3,18,1,2,Medium,-3.7,55
73d081ab,RIDER_054,1,6,0,4,Medium,4.5,67
865afefd,RIDER_085,8,18,0,9,Medium,1.3,100
e58e37b8,RIDER_127,8,11,1,4,Medium,-2.6,74
d7d0f27b,RIDER_111,3,7,1,7,Low,-1.7,38
be0cc783,RIDER_015,7,23,1,5,Medium,-1.3,83
92a3e6ee,RIDER_132,9,23,1,6,Medium,3.2,88
ed9b61c4,RIDER_093,8,14,1,4,Medium,-2.4,75
60a1b299,RIDER_123,3,18,1,0,Medium,4.8,66
58db7dcf,RIDER_073,2,7,1,7,High,5.9,62
9019a8bd,RIDER_147,10,10,0,3,Medium,1.5,98
ad55aaa1,RIDER_092,7,8,0,4,Medium,1.2,93
b119c243,RIDER_017,7,24,1,0,Medium,2.6,89
2fa05701,RIDER_043,9,14,1,2,Medium,0.0,81
61e38535,RIDER_121,5,18,1,1,Low,7.8,70
09af8dec,RIDER_041,4,5,1,1,Low,-6.4,35
74ef0745,RIDER_039,8,14,1,0,Medium,0.5,73
e692d220,RIDER_113,4,22,1,5,High,-4.3,80
a69973da,RIDER_111,4,22,1,7,Medium,4.3,65
ba198f3b,RIDER_047,2,22,1,2,Medium,2.9,67
7a96d4c4,RIDER_063,1,10,1,0,Low,5.0,37
a5847585,RIDER_110,4,15,0,9,Medium,2.6,100
5c9854f3,RIDER_069,7,6,1,1,High,3.6,83
bb494bca,RIDER_043,9,9,1,2,Low,-1.5,61
b2a5a57f,RIDER_034,9,10,1,5,Medium,2.6,81
2fe22581,RIDER_040,10,23,1,2,Low,-1.1,86
85f244bd,RIDER_061,1,17,0,8,High,4.4,100
59d32478,RIDER_062,5,1,1,0,Medium,-1.8,52
9a6544ba,RIDER_058,7,14,1,6,Low,-0.1,59
122517f6,RIDER_075,7,4,0,9,Low,1.7,100
e22889c4,RIDER_016,10,2,0,7,Medium,8.1,100
d733fbc1,RIDER_082,6,3,1,8,Medium,2.1,50
f48f976d,RIDER_094,10,7,1,7,Medium,10.1,86
971778fe,RIDER_048,4,23,1,4,Medium,7.5,75
38e72558,RIDER_138,3,14,1,0,Medium,0.8,50
0ded1c82,RIDER_082,9,12,1,0,High,3.6,98
8c72e23b,RIDER_038,10,19,1,7,High,4.2,100
fdf1e37c,RIDER_127,4,18,0,6,Medium,-9.8,100
3a0c0e29,RIDER_019,8,15,1,4,Medium,-4.9,77
b4609f9b,RIDER_063,1,1,0,9,Low,3.8,83
0e1d2a71,RIDER_077,7,3,0,2,Medium,4.0,63
c1b8a2d6,RIDER_131,6,15,0,8,Medium,2.6,100
cb3d8d58,RIDER_102,1,4,1,3,Medium,-2.5,33
4570581f,RIDER_065,4,15,0,5,Medium,11.6,100
5153f479,RIDER_120,5,10,0,10,High,4.3,100
dee9d7fd,RIDER_091,8,6,1,3,Low,6.1,61
d0ba506c,RIDER_008,4,13,1,8,High,5.7,77
edc95d47,RIDER_073,3,7,1,3,Low,2.6,44
ae889146,RIDER_134,2,22,1,7,Low,2.3,50
3d6d06b8,RIDER_107,4,1,1,10,Medium,5.6,46
82e17a24,RIDER_089,10,22,1,2,High,-0.1,100
9dc69f84,RIDER_039,4,11,0,7,High,5.9,100
753744e3,RIDER_113,10,14,1,10,Medium,2.7,85
ae3efcdc,RIDER_028,5,6,0,2,Medium,4.4,65
61aa0ed6,RIDER_097,7,5,1,10,Medium,2.7,62
794e5127,RIDER_037,9,19,0,4,Medium,-1.5,100
a032ae96,RIDER_137,2,19,1,0,High,1.3,69
8cc42024,RIDER_082,5,13,1,5,High,6.9,87
bf68f1dc,RIDER_056,10,7,0,10,High,4.6,100
9c52e51d,RIDER_085,9,8,1,1,Medium,6.4,75
a458b787,RIDER_002,3,14,1,2,Medium,5.8,64
b581eed3,RIDER_058,1,19,0,10,Low,-0.3,100
c9f6b81e,RIDER_107,2,19,1,0,Medium,-4.2,59
38e88095,RIDER_123,6,23,0,10,Medium,5.4,100
8556f6c4,RIDER_114,5,12,1,5,Low,1.3,62
a29840ed,RIDER_107,1,23,1,4,Medium,4.8,62
758f9ff8,RIDER_037,1,9,1,9,Medium,7.6,48
f6d3ddd6,RIDER_079,4,14,0,1,Medium,0.6,55
5de062a9,RIDER_092,4,6,1,10,Low,-1.0,35
a164851b,RIDER_018,6,15,0,7,Medium,-2.1,100
0d9540db,RIDER_098,6,13,0,8,Medium,1.9,100
f04e911f,RIDER_063,10,7,1,2,High,-3.6,84
e918de25,RIDER_150,6,11,1,5,Low,3.4,61
e7fc9798,RIDER_139,1,10,0,5,Medium,3.6,77
47171f2c,RIDER_004,10,1,1,9,Low,3.6,66
829ac04f,RIDER_135,9,7,1,5,Low,-4.8,59
1fc09b31,RIDER_061,7,18,1,7,Low,6.8,80
3d67597e,RIDER_107,7,23,0,4,Medium,2.5,100
e6eb3075,RIDER_054,7,3,0,9,High,0.2,100
7bc850c9,RIDER_088,2,9,1,9,High,4.6,52
5cc07a37,RIDER_068,2,5,1,7,Medium,4.5,42
899809db,RIDER_129,6,23,0,2,Medium,-2.6,79
c829542b,RIDER_055,7,24,1,6,Low,1.8,72
ba0521f3,RIDER_003,3,13,1,0,Medium,-0.4,57
5a82a9b6,RIDER_121,4,16,1,3,Low,0.3,56
ed0e35e6,RIDER_129,3,16,0,4,Low,4.1,86
8a1bb4f1,RIDER_102,7,12,0,6,Low,-1.5,100
84205e2d,RIDER_038,7,18,1,5,Medium,4.2,85
7b99ce8d,RIDER_085,4,11,1,5,Low,-1.7,46
742b7cd3,RIDER_133,7,17,1,1,Medium,6.8,80
9144b6fe,RIDER_092,5,7,1,10,Low,-0.6,51
405922e2,RIDER_021,1,15,1,1,High,11.2,71
fb2dc46e,RIDER_109,10,6,0,1,Low,5.3,74
e4a81b63,RIDER_047,4,6,1,9,Low,1.2,40
e005c6ac,RIDER_084,7,18,1,7,Medium,-1.8,73
98ee0a0a,RIDER_083,2,19,0,6,High,4.1,100
70fd891f,RIDER_035,2,20,1,0,High,6.1,80
af59e1ef,RIDER_069,1,19,1,8,Medium,4.5,59
665e564e,RIDER_129,2,2,0,10,Low,-0.3,91
5ec0ac41,RIDER_140,10,3,0,10,Low,7.7,100
a6fe7d82,RIDER_027,8,14,1,7,High,3.2,92
a19e21e1,RIDER_056,8,22,1,8,Medium,-0.6,90
02945063,RIDER_023,8,4,1,3,Medium,10.9,78
1b1f67ef,RIDER_021,1,22,0,4,Medium,4.6,84
6ea3d2e3,RIDER_061,1,17,0,10,Medium,3.6,100
87b62e82,RIDER_063,10,6,0,4,Medium,0.1,100
3755da99,RIDER_122,4,19,1,10,Medium,1.9,71
bd74c4b1,RIDER_052,6,9,1,8,Low,-1.3,49
39c4d7d5,RIDER_088,8,4,0,7,Low,2.7,100
b11c7096,RIDER_055,2,7,1,9,Medium,4.2,48
6c2ce99d,RIDER_046,3,4,1,5,High,-5.7,52
ac7f5b54,RIDER_032,6,11,1,10,Medium,-3.2,68
8bce641b,RIDER_055,10,22,0,9,Medium,-1.6,100
57fd9fb4,RIDER_096,4,23,1,10,High,-4.0,83
b5ab0359,RIDER_133,2,2,1,9,Medium,-1.3,34
281bfeab,RIDER_036,7,10,1,0,Low,7.9,70
d00b6195,RIDER_110,4,6,1,6,Low,6.6,51
110fb448,RIDER_106,8,8,0,8,High,-0.5,100
f62c7687,RIDER_058,8,15,1,3,Medium,4.2,80
07389803,RIDER_039,7,13,1,3,High,-2.6,81
7ddc0537,RIDER_080,10,22,1,4,Medium,9.8,100
24ceec13,RIDER_097,9,2,1,7,Medium,1.2,67
88692717,RIDER_113,4,20,1,10,Low,-6.1,50
a7fab982,RIDER_061,7,1,1,4,High,10.9,88
c08b860c,RIDER_137,10,15,0,3,Low,0.8,98
2a7fd2dc,RIDER_006,10,7,1,7,High,10.1,98
3726d48c,RIDER_109,1,24,1,10,Low,5.7,55
debf314e,RIDER_035,4,18,1,4,Low,3.2,65
b5bfee24,RIDER_039,2,10,1,7,Low,-5.3,33
0f36e29e,RIDER_150,9,15,1,0,High,2.4,100
0a9fa638,RIDER_118,5,5,0,2,Low,-4.2,41
93a8fb1d,RIDER_005,3,24,1,6,Medium,0.7,72
4586ba62,RIDER_087,4,11,1,0,Low,2.6,55
53ab2b06,RIDER_076,6,8,1,10,Low,7.3,63
98375794,RIDER_057,10,21,1,4,Medium,-0.4,88
626b5edf,RIDER_127,1,8,1,5,High,10.6,61
5df44841,RIDER_029,7,6,1,0,High,-4.1,72
6a6ed876,RIDER_087,8,15,1,6,Low,-1.3,70
91cc004e,RIDER_141,7,15,1,8,High,2.7,85
a44f2867,RIDER_046,7,5,0,8,Medium,-7.3,100
3d0df09d,RIDER_116,9,13,1,2,Low,-2.7,70
8fffe481,RIDER_112,4,14,1,3,Medium,3.9,59
07008000,RIDER_045,7,11,1,0,Low,5.7,65
7f2bb22a,RIDER_145,9,20,1,3,High,-1.9,96
90d249ca,RIDER_104,5,21,1,4,Medium,-0.1,70
a3d2a83e,RIDER_085,2,12,1,6,Low,4.0,46
51438f54,RIDER_134,5,20,1,4,Medium,-4.9,75
93345f85,RIDER_108,4,1,0,7,Medium,1.3,84
4db253dc,RIDER_018,8,3,0,6,Medium,1.1,100
d54ef3ee,RIDER_094,5,8,1,0,Medium,9.1,71
a6bf57f8,RIDER_150,9,23,0,1,Medium,4.1,97
17226bac,RIDER_033,9,12,1,6,Medium,2.1,76
99a7efd0,RIDER_126,3,15,1,2,Medium,5.1,66
22a3bc47,RIDER_122,10,23,1,1,High,2.9,100
2ec1e2ff,RIDER_138,6,3,0,10,Low,-1.7,100
bf7e6a15,RIDER_115,6,22,1,8,Medium,4.9,84
7f282615,RIDER_028,4,8,1,9,Medium,5.4,56
095b2daa,RIDER_011,10,24,0,7,Low,0.7,100
bfa73097,RIDER_047,3,19,0,7,High,2.8,100
540d7b3a,RIDER_127,1,20,0,2,Low,9.8,63
98b58564,RIDER_147,7,6,1,10,High,2.8,77
df8f00ce,RIDER_118,5,18,1,9,Medium,1.2,61
a5fe8f6b,RIDER_143,10,11,1,8,Medium,-2.0,84
c6ef6813,RIDER_126,7,12,1,7,High,-1.6,76
6c1065ab,RIDER_072,1,23,1,1,High,2.4,72
b5914f1c,RIDER_107,8,2,1,6,High,-0.5,71
dd0006ad,RIDER_137,3,5,1,7,Medium,4.4,51
6e4c9f73,RIDER_033,7,4,1,6,Medium,0.3,54
bccae904,RIDER_019,3,9,0,8,High,13.5,100
a490fd6e,RIDER_074,3,13,0,6,Medium,2.9,92
104c3ec0,RIDER_098,10,13,1,6,Medium,-4.3,76
2eb243ec,RIDER_141,9,15,1,0,High,2.8,100
33bf4b06,RIDER_129,2,2,1,1,Medium,0.5,34
78c8f601,RIDER_093,4,23,1,4,Medium,4.9,73
7b24e80b,RIDER_048,6,13,0,10,Medium,2.0,100
86b4090a,RIDER_064,3,7,1,0,High,3.7,65
4c97e3e5,RIDER_061,10,23,0,9,Medium,12.9,100
5bf7619d,RIDER_039,10,17,1,6,Low,1.2,84
13897a55,RIDER_128,7,8,0,4,Medium,4.9,97
efcf0578,RIDER_088,7,18,1,4,High,6.4,100
a51979a3,RIDER_026,5,15,1,7,Medium,3.2,62
55a83cea,RIDER_017,3,15,1,8,Medium,-4.4,48
15f29176,RIDER_071,2,5,0,9,Low,5.1,98
76a307eb,RIDER_013,4,2,1,0,Medium,-6.0,47
a8c8985d,RIDER_069,4,16,1,9,Low,8.8,67
e70bd97d,RIDER_026,8,5,1,3,Medium,-3.2,69
a302fcac,RIDER_049,8,23,1,10,Medium,9.8,100
f3dfd9a5,RIDER_007,5,6,1,1,High,2.3,69
050e1885,RIDER_058,6,12,1,8,Low,5.5,56
d23c3b6b,RIDER_049,8,5,1,8,Low,4.0,62
008a4c11,RIDER_103,1,20,1,0,Low,5.9,50
f44d90ce,RIDER_053,5,8,1,2,Low,-5.9,49
ffa15a3a,RIDER_062,4,11,1,9,Low,-0.6,48
cbc651ee,RIDER_017,4,14,1,7,High,3.6,69
0d464f22,RIDER_025,2,24,0,1,Medium,2.2,59
235dcf38,RIDER_131,10,17,1,1,High,0.4,91
69d865d4,RIDER_029,1,10,0,1,Low,2.8,42
535dfb7f,RIDER_117,6,2,1,4,High,1.1,68
2e680643,RIDER_026,7,3,1,8,Low,10.8,64
710fa3a1,RIDER_124,5,13,0,6,High,7.4,100
8c7cc7db,RIDER_144,8,17,1,6,Medium,7.9,92
6016ced8,RIDER_025,9,3,1,1,Medium,9.2,83
b216688b,RIDER_054,2,10,1,1,Medium,4.0,42
02bee05e,RIDER_073,4,8,1,4,High,-1.7,59
aad547f5,RIDER_120,9,4,1,6,Medium,0.9,70
6e0b2308,RIDER_056,5,13,0,6,Low,3.4,97
3a01d9ce,RIDER_065,3,7,0,8,Medium,2.6,100
7e31e637,RIDER_093,6,7,1,2,High,-3.3,65
5ab8558e,RIDER_086,3,16,1,0,High,3.4,71
465d12ad,RIDER_080,5,5,0,8,Medium,-2.5,100
98853442,RIDER_108,3,17,1,0,Low,9.8,66
68f8a6ca,RIDER_118,6,10,1,7,Medium,5.1,70
100515be,RIDER_083,10,4,0,4,High,1.2,100
90c3e5d7,RIDER_147,5,23,0,7,Medium,2.3,100
3498c0ab,RIDER_015,9,14,0,6,Medium,8.9,100
e76fedf2,RIDER_131,3,5,0,8,Medium,-4.0,90
108c386b,RIDER_139,6,2,0,1,Low,0.1,44
d1b0273b,RIDER_030,8,14,1,8,High,4.1,90
132653dc,RIDER_057,7,24,0,9,High,-6.2,100
256f1e65,RIDER_146,6,18,1,4,Low,1.4,71
c87b6c39,RIDER_128,2,24,1,4,High,0.2,71
24cd526b,RIDER_048,7,11,1,0,High,11.9,93
5851f57f,RIDER_136,8,16,0,5,Medium,1.5,100
c482a824,RIDER_022,1,18,1,9,Medium,-2.1,49
47653122,RIDER_006,9,16,0,9,Low,-1.5,100
c3593a28,RIDER_104,4,21,1,9,Low,-8.8,56
4864550d,RIDER_036,8,4,1,9,Medium,8.7,76
5655d6e4,RIDER_079,10,1,0,2,Low,2.4,58
7c577764,RIDER_116,7,14,0,9,High,1.3,100
67ac736d,RIDER_057,10,12,0,2,High,5.8,99
d86716a9,RIDER_049,7,24,1,2,Low,4.2,79
3a56b74c,RIDER_082,2,10,0,3,Low,2.1,58
3c93742e,RIDER_066,1,19,0,8,Low,-2.0,98
8ef2318d,RIDER_077,4,4,1,7,High,-0.2,65
325723e0,RIDER_045,2,20,1,5,Medium,2.5,58
e2c0dee8,RIDER_079,8,21,1,7,Medium,4.7,95
6fa140e2,RIDER_020,10,3,0,7,Medium,-3.3,100
7bf3ab65,RIDER_123,7,4,1,0,Low,1.7,56
b9cfa06e,RIDER_067,8,15,1,8,Low,7.2,77
16f0f1ff,RIDER_083,6,11,1,0,Medium,-3.0,56
db623740,RIDER_003,1,16,1,10,Medium,5.0,58
b9099819,RIDER_064,9,4,0,1,Medium,-3.2,65
e8cdcbc9,RIDER_040,6,6,1,8,Low,-0.1,50
e70d2a42,RIDER_059,10,8,1,6,Medium,-5.9,71
69cacf5a,RIDER_062,1,13,1,9,Medium,3.2,42
5811b4dc,RIDER_132,1,23,1,0,Medium,-1.1,47
a6acd32a,RIDER_060,8,20,0,2,Low,-6.0,76
6dd6e1c8,RIDER_116,6,4,1,0,Low,2.6,46
0f430899,RIDER_075,8,5,0,4,Low,6.2,98
35af8de7,RIDER_122,8,10,1,3,Medium,3.6,70
ef60a69e,RIDER_107,8,5,1,7,Low,3.4,62
d72a53f0,RIDER_096,10,12,1,8,High,5.1,93
9fc797a8,RIDER_091,7,1,1,3,Low,-0.9,56
2a2389be,RIDER_130,7,24,0,2,Medium,2.4,81
eeb8c256,RIDER_062,10,10,1,3,High,10.8,100
29e4f009,RIDER_049,4,5,0,2,Low,2.6,40
e754037c,RIDER_137,9,19,0,5,Medium,-1.3,100
50545ef5,RIDER_092,2,19,1,0,Medium,3.4,55
6e32cc2a,RIDER_124,9,20,0,1,Medium,0.5,88
d7e76176,RIDER_061,10,12,1,7,Medium,1.9,82
bc230763,RIDER_048,3,23,0,2,Low,5.0,74
f190e134,RIDER_136,2,16,1,3,Low,-0.2,39
905b9f15,RIDER_058,4,5,1,0,High,-9.4,54
db2f8b5b,RIDER_101,5,17,1,2,Medium,1.3,74
0da1970c,RIDER_112,2,14,1,0,Low,4.0,49
98edff3b,RIDER_062,1,12,0,10,Medium,9.0,100
f995d18e,RIDER_039,10,13,1,9,Low,6.3,85
46261819,RIDER_058,5,21,0,4,Low,0.7,90
74d43e3d,RIDER_099,9,14,1,0,Low,3.9,79
1f13839f,RIDER_044,5,5,0,8,Medium,1.0,100
9ce47fec,RIDER_029,10,22,1,6,Medium,5.5,98
9d248977,RIDER_059,9,23,1,10,High,1.4,100
63208272,RIDER_071,10,5,0,7,Medium,5.0,100
8defbecb,RIDER_092,6,18,1,8,Medium,8.7,74
fa0ccfd2,RIDER_009,3,14,1,9,Low,12.2,61
fa85564c,RIDER_127,4,18,1,7,Medium,-4.0,60
ffaf9c8a,RIDER_134,4,20,1,2,Medium,-5.2,68
75a8ce13,RIDER_145,1,1,1,6,Low,-1.7,25
7d285868,RIDER_144,3,7,0,6,High,1.8,100
47f03b98,RIDER_131,3,17,1,6,Low,-0.1,40
877a4d2a,RIDER_021,1,3,1,7,High,7.0,61
7a3e1311,RIDER_064,9,10,1,3,Medium,-1.2,79
6da19856,RIDER_090,1,7,0,10,Medium,-2.5,100
91859ae4,RIDER_036,9,12,0,5,High,7.3,100
b3b33c70,RIDER_062,1,22,0,1,Low,4.2,54
0411c1f9,RIDER_076,2,15,1,6,Medium,3.2,55
8f008189,RIDER_013,2,23,1,8,High,-2.5,74
86599c23,RIDER_011,6,21,0,4,High,6.3,100
2d50960a,RIDER_054,7,16,0,3,Low,1.1,79
15802570,RIDER_016,1,8,1,1,Medium,2.5,39
c121168b,RIDER_008,3,6,1,6,Medium,3.4,50
cd1695e4,RIDER_104,2,4,1,1,Medium,7.5,42
3daee058,RIDER_059,8,11,1,1,Low,3.8,78
50a23896,RIDER_057,9,17,0,8,Medium,-0.7,100
4022fc49,RIDER_040,2,2,1,1,Low,2.0,26
92255563,RIDER_130,2,6,1,9,Medium,4.7,48
0c867ff6,RIDER_094,10,4,1,2,Medium,8.8,94
62dc8769,RIDER_138,9,3,1,2,Medium,0.4,68
4ed53fda,RIDER_044,4,7,1,1,Medium,0.0,51
8180324a,RIDER_139,5,7,1,9,Medium,5.0,59
40daa3ef,RIDER_080,9,16,0,2,Low,-1.5,82
4154f4ff,RIDER_081,6,2,1,8,Medium,-0.5,59
f0bfb84d,RIDER_002,10,8,1,10,Low,2.1,76
5092ee3e,RIDER_140,9,15,1,10,Medium,3.7,77
98397133,RIDER_115,9,16,1,10,Medium,6.1,92
3bcb204b,RIDER_090,7,1,1,2,Low,2.7,49
84bb5dfe,RIDER_023,10,10,1,4,Medium,2.4,83
82ab9aad,RIDER_146,9,7,0,6,Medium,4.3,100
1006bc42,RIDER_062,5,16,1,0,Medium,-4.1,66
cac0da31,RIDER_113,5,10,1,0,Medium,2.3,58
6a9303a3,RIDER_128,8,12,1,9,Medium,8.5,85
5622709a,RIDER_062,10,17,1,1,Medium,5.1,94
3249154a,RIDER_038,4,13,1,0,Medium,1.9,61
4ceb515f,RIDER_061,9,12,1,0,Medium,4.9,79
1e96883e,RIDER_129,7,15,1,9,High,-2.9,77
59b1efa5,RIDER_149,7,14,1,3,Low,3.7,72
e44d9f7d,RIDER_122,3,19,1,9,Low,1.9,52
a93eb30b,RIDER_110,4,19,1,2,Medium,2.4,70
f09b003c,RIDER_013,7,14,1,0,High,0.5,87
c2075fe0,RIDER_100,5,18,0,2,Low,7.6,67
6ec9eeb2,RIDER_135,3,5,1,0,Low,0.0,32
42f5063e,RIDER_022,1,20,1,2,Low,-2.3,40
6c1fa90f,RIDER_074,7,6,1,3,Medium,-3.9,56
c95600db,RIDER_132,6,18,1,10,High,-6.6,76
9acfb378,RIDER_023,10,14,1,10,High,2.9,100
f7c997cb,RIDER_119,7,4,0,7,Low,-1.1,91
970e0653,RIDER_070,2,23,1,2,Low,-3.2,50
936949c1,RIDER_084,4,1,1,2,High,0.9,51
696d2cbd,RIDER_101,2,13,0,8,Low,4.7,95
9202169b,RIDER_084,8,11,0,10,Medium,1.6,100
53591bd9,RIDER_028,7,3,0,8,Low,2.5,100
fc8a7c17,RIDER_136,1,17,0,5,Low,6.7,88
298e3393,RIDER_001,2,18,0,9,Medium,5.3,100
76ae2541,RIDER_063,2,10,1,3,Medium,2.4,47
8034be03,RIDER_022,4,16,1,9,Medium,-1.9,52
fc912283,RIDER_070,3,21,1,4,Medium,-0.2,66
153d2344,RIDER_125,1,13,1,8,Medium,2.1,43
f7440f54,RIDER_149,2,20,1,0,High,4.9,81
8614d2cb,RIDER_096,9,12,1,6,High,3.4,92
248b921b,RIDER_079,1,4,1,10,Low,-0.5,29
b8bf607a,RIDER_005,9,8,1,6,Medium,3.6,81
e5a81d63,RIDER_060,7,12,1,9,Medium,8.8,73
ae99b328,RIDER_120,2,19,1,0,High,3.2,75
a6172ca8,RIDER_046,2,15,1,0,Low,4.5,49
e74a7edc,RIDER_134,5,16,1,8,Medium,0.6,60
36452c95,RIDER_056,5,12,1,6,Medium,1.2,60
16415f0a,RIDER_110,4,20,0,3,Medium,-4.7,94
1d207783,RIDER_104,10,18,0,8,Medium,2.5,100
ddeb0c89,RIDER_077,10,22,1,4,Low,-9.0,86
9d9a92a8,RIDER_146,3,12,0,2,Medium,-4.1,48
b807c00a,RIDER_002,4,16,0,1,Medium,3.3,67
f950af71,RIDER_008,10,20,0,8,Low,-2.0,100
b5557bfd,RIDER_075,4,11,0,3,High,-5.9,86
6a378ef9,RIDER_125,2,22,0,6,Low,2.3,96
0f6a3496,RIDER_038,5,20,1,0,Low,-4.2,57
dcbf8f57,RIDER_027,5,14,0,8,High,6.2,100
71f9bedd,RIDER_020,5,2,0,8,Medium,3.9,100
9ea4b77f,RIDER_140,10,13,0,9,Medium,9.3,100
779eedcf,RIDER_043,1,14,0,5,Medium,3.6,78
2fba0d3b,RIDER_031,6,6,1,5,Low,9.5,61
89671429,RIDER_091,2,12,1,5,Low,-1.9,40
f4aa7390,RIDER_061,7,7,1,4,Low,-0.4,54
fdb971a9,RIDER_109,4,4,0,10,Low,3.2,100
69de84c5,RIDER_091,5,7,1,0,High,1.5,65
6bd32802,RIDER_095,5,13,1,3,High,2.6,70
d6e4d030,RIDER_143,5,11,1,9,Medium,1.9,58
413591e8,RIDER_144,2,8,1,0,Low,1.2,29
d1c4a2b0,RIDER_013,5,19,0,4,Low,-1.7,87
ff6de34f,RIDER_113,3,2,0,3,Medium,-0.9,57
65805557,RIDER_035,4,21,0,7,High,-1.6,100
a46e78a8,RIDER_149,2,18,1,0,High,-1.9,66
13c32ec2,RIDER_048,4,21,0,7,Low,2.3,100
40cad1d6,RIDER_035,9,10,1,7,Low,-0.9,70
e0f9b715,RIDER_086,8,6,1,0,Low,-0.1,58
48064dd1,RIDER_114,3,24,0,8,High,7.6,100
b29f70a3,RIDER_100,1,22,0,8,Medium,3.9,100
f042d1b0,RIDER_099,1,4,0,5,Medium,5.2,74
6713f9d5,RIDER_003,6,19,1,0,High,6.5,100
7e04bda9,RIDER_085,3,14,1,6,High,8.6,80
dadd5236,RIDER_125,4,14,1,6,Medium,2.0,65
eadcf3ab,RIDER_138,1,18,1,8,Low,3.1,44
4037ba36,RIDER_083,8,17,1,0,Low,-0.1,67
f1d25c31,RIDER_025,1,18,1,7,Low,-1.4,43
4dc7d250,RIDER_068,5,18,1,10,Medium,-4.0,64
44164fec,RIDER_061,6,5,1,7,Medium,-2.1,54
efe35a7c,RIDER_029,2,9,0,6,Medium,-0.1,76
f5ffecb8,RIDER_127,7,1,0,5,Low,2.8,84
79c48cff,RIDER_019,7,4,1,0,Medium,-2.6,58
29d3d61c,RIDER_074,1,7,1,10,Medium,-1.9,34
4052dec0,RIDER_061,4,11,1,9,Low,-6.4,49
640b2034,RIDER_020,4,14,1,10,Medium,-0.7,55
ebbc4e4a,RIDER_048,5,10,1,7,High,2.2,73
e30b338e,RIDER_087,1,19,1,4,Medium,2.2,51
b6eddeac,RIDER_139,1,8,1,3,Low,0.7,24
3c2fd0de,RIDER_110,7,3,0,4,Low,1.0,78
a2f6beab,RIDER_028,9,8,1,4,Low,2.0,69
415e814c,RIDER_059,1,18,0,9,Medium,7.0,100
fb42e5da,RIDER_133,2,5,0,2,Medium,0.6,40
e32c9930,RIDER_051,6,20,1,3,Medium,1.4,74
bb0ea0b4,RIDER_149,6,11,1,3,Medium,-3.2,70
031b64ff,RIDER_012,2,9,0,7,High,3.9,100
3da1c857,RIDER_050,9,19,1,4,Medium,1.7,89
c41468aa,RIDER_132,4,12,1,5,Medium,-0.1,50
d18365db,RIDER_113,7,5,0,9,Medium,-2.7,100
1500fb49,RIDER_014,6,16,0,1,Medium,3.4,79
10545dd5,RIDER_032,3,13,0,8,High,-2.4,100
a9799ee4,RIDER_139,8,6,1,7,Medium,4.1,67
b3ae4edd,RIDER_146,7,16,1,7,Low,9.2,74
3d0bd824,RIDER_055,9,18,1,9,Medium,6.6,97
a0b4b5e5,RIDER_120,3,17,1,4,Medium,2.1,57
d54050b9,RIDER_075,1,12,1,4,High,4.5,66
cc3978f7,RIDER_021,2,1,1,2,Medium,-0.8,46
3311ab6b,RIDER_133,1,7,0,10,Medium,-3.3,100
42cbbf2f,RIDER_087,5,14,0,1,Low,2.5,60
9208483c,RIDER_059,10,18,0,8,Medium,-0.4,100
723edd7c,RIDER_089,2,23,0,5,Medium,-3.5,90
8e7ef21e,RIDER_150,3,1,1,7,Low,-4.8,26
0e6a0c6b,RIDER_083,8,20,1,3,Low,0.8,68
c59439a6,RIDER_065,10,10,0,4,Medium,6.0,100
6e0bf528,RIDER_064,5,15,0,9,Medium,1.4,100
525dbfd3,RIDER_071,4,11,1,4,Medium,1.2,51
4f2aa1fe,RIDER_004,5,4,1,10,High,1.8,63
1463e8c6,RIDER_143,10,15,0,9,Medium,-1.8,100
8e6136fe,RIDER_104,6,21,1,3,Low,0.2,63
ff2d39a9,RIDER_150,7,16,1,10,High,7.0,91
34501f15,RIDER_093,9,15,1,1,Medium,8.1,94
64981f6c,RIDER_142,1,17,0,5,Low,6.2,78
4a2b717b,RIDER_148,4,23,1,3,Medium,5.1,72
18ed84dd,RIDER_112,9,11,0,10,Low,8.2,100
63969a78,RIDER_119,5,18,1,3,Medium,-2.4,58
4a81272b,RIDER_059,8,16,1,9,Medium,12.9,91
8842f380,RIDER_043,1,15,0,2,High,-6.2,53
059aadc9,RIDER_012,4,11,1,7,Medium,0.7,61
866136ed,RIDER_040,9,13,1,5,Low,-11.9,74
b07ee0a1,RIDER_118,1,18,1,8,Low,5.0,48
a5b3b9b0,RIDER_020,1,8,0,4,Medium,-2.7,66
8d64d8e4,RIDER_131,4,9,1,5,Low,-2.2,47
9d2e894c,RIDER_090,3,22,1,8,Medium,7.5,68
44f03202,RIDER_094,7,11,0,3,Medium,1.0,82
507513d3,RIDER_013,3,17,1,9,Medium,4.6,61
852f3904,RIDER_066,1,1,1,6,High,0.1,40
4c4b0b70,RIDER_037,10,11,0,9,Medium,-1.8,100
718ff14f,RIDER_066,2,7,1,9,Medium,5.6,51
20017bb4,RIDER_036,10,8,1,10,Medium,2.7,82
47264cff,RIDER_026,4,19,1,10,High,2.9,84
47d340ca,RIDER_075,1,4,0,5,High,-0.4,74
365229ce,RIDER_108,1,4,1,5,High,1.3,42
d51f4a8a,RIDER_043,8,19,1,5,High,-0.4,100
31b8dbcd,RIDER_150,7,24,0,3,High,5.0,100
17f7e52d,RIDER_148,8,9,1,9,Medium,2.1,70
1c82e06b,RIDER_008,4,17,1,5,Medium,4.5,65
6a660ce7,RIDER_029,6,18,1,6,Low,0.7,67
c0dba8d4,RIDER_040,3,1,0,1,Medium,9.2,54
17e5f191,RIDER_128,8,14,1,10,Medium,1.7,76
5ff6dab7,RIDER_084,4,4,0,8,High,3.4,100
5b28e016,RIDER_116,3,10,0,6,Medium,4.3,100
44b0b1f4,RIDER_144,4,23,1,2,High,-1.3,77
80a9384a,RIDER_062,6,14,1,9,Medium,0.6,60
adc27635,RIDER_007,7,7,0,9,Low,4.3,100
ea766d5e,RIDER_045,7,12,1,6,Low,-4.2,62
bfeb4ab6,RIDER_088,4,22,1,9,High,3.7,86
ed8c5ad1,RIDER_073,8,16,1,9,Medium,-3.6,74
b24312a1,RIDER_037,7,5,1,4,Low,-4.0,51
0175375f,RIDER_119,2,11,1,8,Medium,-2.4,46
234a3ab6,RIDER_057,8,4,1,5,Low,3.9,57
0d97acee,RIDER_008,9,13,1,10,High,12.6,100
f7f3bdc0,RIDER_095,5,8,1,6,Low,-3.1,42
b431773d,RIDER_117,4,7,0,3,Medium,2.3,75
763c80d4,RIDER_110,4,11,0,1,Medium,5.9,61
aa3cc41f,RIDER_020,4,11,1,10,High,4.1,80
eb4a12e9,RIDER_124,6,17,1,3,Medium,-0.7,68
385cf7d3,RIDER_053,4,22,1,8,Low,4.7,69
6699bc73,RIDER_119,7,14,1,2,High,-0.1,82
21d8914c,RIDER_012,7,2,1,6,Medium,1.4,63
3b6181ec,RIDER_017,5,20,1,3,Low,-1.6,67
c7d124bd,RIDER_064,5,21,0,2,Medium,6.3,80
3193fcbf,RIDER_042,10,8,1,4,High,3.2,94
5d4e15f9,RIDER_094,8,22,1,1,Medium,0.8,91
fb9ddf72,RIDER_147,7,2,1,10,High,3.3,77
7a6fb6fa,RIDER_011,7,21,1,9,Medium,2.4,76
47e94056,RIDER_098,6,15,0,3,Medium,3.2,96
122499ae,RIDER_071,7,5,1,6,Low,5.1,67
0c40aafe,RIDER_108,7,6,0,1,High,3.3,83
afba4831,RIDER_058,10,17,1,9,Medium,-1.3,86
df8415c5,RIDER_034,2,8,1,5,Medium,-5.0,35
7d9f6de7,RIDER_020,10,19,0,4,Medium,5.0,100
346d2bb2,RIDER_050,2,5,1,2,Medium,-0.2,40
84c5163c,RIDER_102,10,23,1,4,Medium,6.5,97
f0aebed6,RIDER_138,7,19,0,9,Medium,-3.9,100
39574580,RIDER_052,10,14,1,6,Medium,-1.7,91
1cd1057f,RIDER_015,7,10,0,2,Low,1.5,62
f5d51784,RIDER_084,7,13,1,7,Medium,2.4,77
95f25044,RIDER_131,5,22,1,6,Medium,5.8,79
d66668dd,RIDER_037,1,5,1,3,Medium,6.2,42
fbaed536,RIDER_126,2,7,0,4,Medium,1.8,68
df58b5df,RIDER_040,9,10,1,9,Low,5.0,73
610b1642,RIDER_072,8,11,1,10,Low,-5.4,66
0b414d96,RIDER_040,8,3,1,3,Medium,0.7,68
64849595,RIDER_056,10,13,1,1,Medium,5.2,88
6f742439,RIDER_104,1,2,1,8,Low,2.3,24
d216b240,RIDER_139,6,4,1,0,Medium,7.8,67
31893c76,RIDER_110,9,3,0,7,Medium,-1.8,100
c6ac11d7,RIDER_136,8,15,1,3,Low,5.6,77
82a115db,RIDER_093,3,4,1,8,Medium,0.1,37
93e283ca,RIDER_094,4,23,1,2,Low,4.0,66
b47c7aa0,RIDER_056,3,21,1,6,Low,-1.5,54
246aeb10,RIDER_060,6,4,0,2,Medium,2.6,57
0af1426e,RIDER_138,9,15,1,9,Medium,5.5,91
f499dc1b,RIDER_039,8,6,1,6,Medium,5.1,73
6fecedcf,RIDER_028,10,23,1,1,Medium,2.5,95
500c6865,RIDER_049,4,5,0,2,Medium,5.3,59
80242257,RIDER_125,2,12,0,7,Medium,4.6,100
b31aaf8c,RIDER_013,8,7,1,6,Medium,0.8,70
a3b28188,RIDER_036,8,3,1,10,High,2.8,86
78895e09,RIDER_101,6,7,1,2,High,5.5,71
75deb581,RIDER_026,8,12,1,7,High,9.5,97
755f98a1,RIDER_086,9,15,1,8,Medium,4.2,82
2e6bc89d,RIDER_004,1,19,0,1,High,-2.6,69
a48c5fec,RIDER_082,9,6,1,1,Low,3.6,73
b496850a,RIDER_127,2,8,0,6,Medium,9.4,95
f1b6be15,RIDER_088,1,6,1,10,Medium,-0.6,35
38ac7a2b,RIDER_127,8,3,0,7,Low,-3.2,95
d990cda5,RIDER_120,8,5,1,4,Low,4.0,63
ffb76d9a,RIDER_022,4,9,1,1,Medium,2.2,50
a6f5f23f,RIDER_130,8,24,0,9,Low,2.3,100
b072b2f6,RIDER_031,7,16,1,4,Low,1.2,70
ccfec0a6,RIDER_119,2,22,1,2,Medium,-0.2,63
e2ad7cb5,RIDER_011,5,16,0,8,Medium,-0.8,100
57647de5,RIDER_046,10,9,1,1,Low,3.2,76
ba4a141c,RIDER_096,4,18,1,8,Medium,4.9,65
9d6e6073,RIDER_010,3,13,0,1,Medium,0.6,50
3b9c90d1,RIDER_128,1,11,1,0,Medium,7.2,57
64c97ec0,RIDER_099,5,10,0,9,Low,2.2,100
6a2cfcfd,RIDER_112,10,10,1,5,Low,5.1,77
a0702886,RIDER_060,8,6,0,10,Medium,0.3,100
261580b1,RIDER_087,9,16,0,5,High,2.6,100
cf735f88,RIDER_145,7,12,0,3,Low,3.4,87
964dee72,RIDER_065,1,4,0,1,Medium,1.6,37
cac4e418,RIDER_057,1,5,1,9,Medium,-2.7,32
c66ab961,RIDER_106,1,2,1,10,High,7.1,51
3d2df220,RIDER_009,2,19,1,2,Medium,1.5,48
2ab82ad3,RIDER_022,1,1,0,5,Medium,-6.0,54
129e5335,RIDER_141,4,4,1,3,Medium,0.1,53
782236ae,RIDER_089,10,12,0,4,Low,8.4,100
f8ca24d3,RIDER_018,9,2,0,10,Low,6.8,100
284083e6,RIDER_115,4,12,0,8,Low,3.1,100
25fca409,RIDER_145,4,16,0,4,Medium,5.4,94
bb5c135d,RIDER_143,7,2,0,9,Medium,7.7,100
952c8c87,RIDER_106,9,17,0,10,Low,2.5,100
8c7431a2,RIDER_015,7,2,0,7,Medium,6.2,100
6f3bf5fc,RIDER_063,1,4,1,1,Low,-1.2,24
d0408ea5,RIDER_013,1,6,1,5,Low,-2.3,29
b23e60de,RIDER_081,4,23,1,10,Low,2.1,64
17363312,RIDER_032,4,7,1,10,Low,5.0,50
068d1953,RIDER_137,1,23,1,5,Low,7.0,62
2bb6ba98,RIDER_040,6,15,0,4,Medium,1.6,99
dba7572b,RIDER_148,10,20,0,5,Medium,-1.3,100
7697c2df,RIDER_082,2,12,1,4,Low,10.6,56
621e2494,RIDER_077,5,5,0,1,Low,1.2,53
ce82b369,RIDER_076,8,14,1,4,High,-2.0,81
3c9d9a21,RIDER_038,3,16,1,0,Low,4.3,54
5541a829,RIDER_071,9,11,0,2,Low,15.5,87
4c0fe181,RIDER_048,7,12,1,6,Low,2.4,65
ec4ad748,RIDER_018,9,19,0,3,Medium,2.3,100
c4301f77,RIDER_144,1,17,1,7,Low,5.0,44
a098978f,RIDER_039,5,24,1,2,High,5.7,91
58e2c782,RIDER_089,3,7,0,6,Low,-2.7,82
fbc98faa,RIDER_062,4,9,1,1,Low,8.0,57
54677217,RIDER_141,4,14,0,7,Medium,1.5,100
7d16d615,RIDER_109,7,20,1,2,Low,2.3,77
d81edec0,RIDER_081,10,12,1,5,Medium,-2.5,78
2f98da26,RIDER_134,8,15,0,1,Medium,0.7,82
0c5417ab,RIDER_077,10,12,0,6,Low,7.7,100
651141c8,RIDER_090,5,21,1,3,High,6.6,89
39efcedc,RIDER_014,10,21,1,5,Medium,3.8,100
6c4b5a7d,RIDER_095,7,23,0,1,Medium,-7.9,76
28bd3526,RIDER_054,3,13,1,2,Medium,-0.9,47
b8e244bf,RIDER_132,3,9,1,2,Low,3.7,42
7c4c9c1e,RIDER_039,3,24,0,3,Medium,0.3,78
4c33d8c7,RIDER_072,4,7,1,0,Medium,4.6,56
f907db15,RIDER_025,6,1,1,5,High,5.2,68
cc9b0ad2,RIDER_077,5,10,1,10,Medium,7.6,69
f292cdfc,RIDER_120,8,6,0,5,High,-5.2,100
913a4829,RIDER_053,5,15,1,3,Low,0.5,51
3f9d3527,RIDER_131,5,15,0,7,Low,-1.1,95
4297443c,RIDER_150,10,9,1,4,High,-0.3,88
f5e3ade9,RIDER_096,2,13,1,9,Low,1.7,38
94f50663,RIDER_072,5,23,1,3,High,3.0,89
7680e75f,RIDER_062,7,1,1,6,Low,4.6,61
3f1d47b8,RIDER_006,2,9,1,9,Low,-1.1,41
33d021ae,RIDER_032,6,3,1,9,Medium,0.7,52
fbc13f08,RIDER_099,7,9,0,7,Medium,2.5,100
c43d9455,RIDER_138,5,20,0,1,High,2.3,81
6d88c4d3,RIDER_131,9,15,1,0,High,-0.3,94
80b2afd4,RIDER_076,4,24,0,5,Medium,-0.5,100
3bb7c4aa,RIDER_059,10,7,0,1,Medium,1.2,78
e0411cb9,RIDER_031,1,4,1,10,Medium,-3.9,30
5d32cf46,RIDER_093,8,20,1,7,Medium,-3.2,83
598d7274,RIDER_069,8,17,1,4,High,1.3,100
afcaf299,RIDER_052,7,22,1,1,Medium,2.3,89
dbd1225a,RIDER_089,8,4,1,10,Low,6.7,75
a8fc75a9,RIDER_127,2,19,1,4,Medium,-4.4,55
9861d6c4,RIDER_031,3,5,1,1,Medium,3.8,43
3284379f,RIDER_084,9,16,0,5,Medium,7.6,100
60aca8f5,RIDER_127,1,3,0,7,Medium,3.1,83
05553efb,RIDER_150,8,11,1,1,High,-0.7,78
9b3f2f46,RIDER_132,8,22,0,5,Low,0.6,100
0cd9b39b,RIDER_013,7,15,1,5,Medium,9.3,86
c476c8b4,RIDER_045,5,19,1,0,High,6.5,88
559e18ca,RIDER_127,4,21,1,8,High,-0.6,78
f8a9c98f,RIDER_114,10,24,1,7,Low,-1.0,89
7e5495f4,RIDER_020,10,14,1,3,Medium,3.6,93
76478892,RIDER_081,10,16,1,6,Medium,3.8,92
35439392,RIDER_129,10,24,1,3,High,7.7,100
a5002c30,RIDER_143,6,6,1,7,Medium,1.2,61
1e68ed4c,RIDER_017,1,5,1,9,Medium,-4.0,34
72123c2b,RIDER_058,5,21,1,1,High,0.9,77
3b153f3b,RIDER_072,4,17,0,1,High,0.1,71
4166fea8,RIDER_109,4,16,1,2,Medium,-8.8,64
d3146e44,RIDER_023,7,2,0,3,Medium,0.9,84
1578c991,RIDER_072,9,11,0,10,Medium,5.8,100
fb21e376,RIDER_008,8,4,1,5,Medium,5.0,73
b8b8e432,RIDER_059,8,6,1,4,Medium,0.7,65
366a6fb3,RIDER_111,5,7,0,9,Medium,0.3,100
d6bd27c8,RIDER_013,6,17,1,9,Medium,-0.1,69
827d5201,RIDER_016,2,8,0,6,High,-0.2,90
e6f8fd87,RIDER_119,3,1,1,5,High,5.2,59
31c9c39f,RIDER_002,5,15,1,3,High,7.4,76
b70ae562,RIDER_145,2,20,1,10,Medium,5.0,63
839c3b9b,RIDER_030,3,12,1,9,Medium,-0.9,51
4711433c,RIDER_103,4,15,0,8,Medium,-1.3,100
4f20a723,RIDER_013,6,23,0,6,Low,7.8,100
c0352766,RIDER_096,5,22,1,0,Medium,2.3,81
40127185,RIDER_094,10,15,1,7,Medium,-0.9,79
d809e441,RIDER_082,4,9,1,3,Low,2.4,49
7e37b8da,RIDER_013,2,16,1,6,Medium,-3.4,53
99c244dc,RIDER_094,5,2,0,10,Low,-2.7,100
9da5a345,RIDER_149,5,15,1,1,High,-0.4,76
b9d77eb1,RIDER_112,7,15,1,2,Medium,5.6,82
0b9ea562,RIDER_055,1,7,1,0,Medium,0.9,37
8fd4c7ee,RIDER_081,4,21,1,1,Medium,4.8,74
43646853,RIDER_116,5,13,1,10,Medium,2.7,65
6bd76394,RIDER_143,8,23,1,4,Medium,-3.5,81
3dcb35d4,RIDER_108,8,17,1,1,Medium,8.3,93
b7aaf19d,RIDER_053,1,11,0,5,Medium,-2.8,74
2d127f87,RIDER_128,5,10,1,5,Medium,-0.3,55
fdf4e9ef,RIDER_057,10,1,1,5,Medium,0.1,70
015435ae,RIDER_052,1,14,1,10,Low,5.2,49
49791e12,RIDER_137,1,5,1,2,Medium,-0.5,32
3bb9adb8,RIDER_111,2,8,1,10,Medium,-1.5,48
27a5c8c9,RIDER_001,2,1,1,2,Medium,5.4,47
530bb9dc,RIDER_044,9,7,1,9,Low,0.9,62
764fb720,RIDER_075,4,2,1,6,Medium,4.5,47
cd0fbdf7,RIDER_098,3,7,0,3,Low,11.7,73
5f6f3549,RIDER_009,1,7,1,5,High,0.2,43
6855d024,RIDER_032,2,9,0,7,High,3.8,100
0a1be869,RIDER_015,6,22,1,2,High,-2.9,79
451940c2,RIDER_140,9,4,1,8,Medium,-0.3,70
253cdf6f,RIDER_136,5,23,0,8,High,3.2,100
4431aea7,RIDER_072,4,7,1,2,Medium,7.7,54
4e15206c,RIDER_012,5,20,1,5,Medium,-4.2,63
674c3314,RIDER_065,9,18,1,4,High,3.5,100
553e9a43,RIDER_107,7,13,1,3,Medium,-2.6,70
f8b971b0,RIDER_042,8,11,1,7,Medium,0.8,78
59c3d9d6,RIDER_115,4,9,1,9,High,-0.3,61
cc647c9a,RIDER_139,8,14,0,8,High,-1.0,100
d8105484,RIDER_103,6,8,1,8,Medium,2.7,64
1d12b7fd,RIDER_095,5,21,0,4,Low,-2.0,93
95a06646,RIDER_017,7,14,1,4,Medium,-11.0,77
83864006,RIDER_085,6,21,1,10,Low,0.3,63
8703ae8a,RIDER_056,3,17,0,2,High,-1.2,73
b92ee8f1,RIDER_134,5,14,1,8,High,0.2,71
5061556e,RIDER_086,9,24,1,0,Medium,-1.2,85
e469d1ba,RIDER_102,7,5,1,2,Medium,4.0,67
57d3410a,RIDER_054,4,10,1,6,Medium,4.3,64
bee0fd66,RIDER_115,7,6,0,6,High,-3.2,100
8d16623d,RIDER_139,5,10,0,4,High,6.7,100
64810be7,RIDER_088,2,11,1,5,Low,4.6,40
0086bf4e,RIDER_049,6,24,0,3,Low,0.1,91
001c7550,RIDER_149,7,6,0,7,Low,1.4,100
8796717a,RIDER_115,8,10,1,3,Medium,5.7,80
f7cd63d2,RIDER_063,6,14,0,9,Low,0.2,100
75366111,RIDER_104,8,20,0,5,Low,4.9,100
17cf2a63,RIDER_083,7,3,1,4,Medium,3.2,61
8274789e,RIDER_103,2,7,1,9,Medium,5.3,52
4d615736,RIDER_017,6,2,0,5,High,4.3,100
965f22a3,RIDER_006,9,7,1,2,Medium,-0.5,65
cadd921e,RIDER_147,6,17,1,2,Medium,2.6,75
d99e7633,RIDER_028,4,13,1,9,Low,5.3,56
e870941f,RIDER_038,7,21,1,6,Medium,4.9,88
f019908a,RIDER_119,3,9,1,0,Low,4.6,45
ccc85c05,RIDER_037,5,13,1,0,Medium,1.1,62
194ba53b,RIDER_115,1,15,1,0,Low,7.8,52
48165c59,RIDER_068,10,13,1,5,Medium,3.3,97
80e7495b,RIDER_043,3,17,0,3,Low,8.6,80
01fc19fc,RIDER_058,8,8,1,5,Medium,-2.7,72
5c808544,RIDER_013,9,9,1,0,Low,0.8,62
a696a202,RIDER_052,9,9,1,3,Medium,1.3,75
6eb86ded,RIDER_058,10,8,0,3,Medium,5.3,100
dd7ca8b4,RIDER_032,2,16,1,1,Medium,-1.1,46
61448716,RIDER_105,4,20,1,0,Medium,-1.2,67
7e29464f,RIDER_083,5,7,1,7,High,5.8,78
915bb8f1,RIDER_099,3,17,0,5,Medium,1.4,93
2e853901,RIDER_104,1,7,0,3,Medium,4.3,62
efc569c7,RIDER_028,6,6,1,1,Medium,-1.3,55
43d63a24,RIDER_129,10,5,1,4,Medium,4.8,86
16424624,RIDER_048,2,17,0,8,Low,5.4,100
3d00abe9,RIDER_040,9,8,0,6,Low,7.1,100
80636bbf,RIDER_097,1,1,1,3,Medium,-2.0,36
6fb8086f,RIDER_114,9,16,0,4,Low,-2.8,90
edf171da,RIDER_132,7,17,0,7,Medium,1.6,100
81a354a1,RIDER_137,10,3,1,10,Medium,6.9,83
150ca691,RIDER_111,2,13,1,4,High,-1.6,68
6f22c603,RIDER_144,6,8,1,5,Medium,-2.3,58
e6f935b2,RIDER_076,8,16,0,9,Low,0.0,100
62ab28bc,RIDER_031,2,24,1,5,Medium,2.7,66
b0bd3b04,RIDER_119,5,7,1,7,Medium,2.5,46
8a7060a1,RIDER_142,6,21,0,10,High,-1.6,100
5606bbb6,RIDER_025,3,15,0,4,Medium,-0.9,72
c915b428,RIDER_034,2,24,1,0,Medium,1.6,62
1b0e97cf,RIDER_067,6,2,1,3,Medium,-1.0,53
a4b90b48,RIDER_118,3,24,1,2,Medium,-2.2,70
2dd10e3f,RIDER_073,2,2,1,1,Medium,4.1,42
3d521545,RIDER_026,1,10,0,6,Medium,-0.3,77
e7e36e80,RIDER_148,8,5,1,6,Low,0.0,56
b50daf0f,RIDER_104,1,4,1,7,Medium,0.6,35
ca91c06b,RIDER_010,5,15,0,9,Low,3.2,100
bbf81f8d,RIDER_067,6,13,1,4,High,2.2,79
12e61db7,RIDER_005,3,17,1,0,High,-0.2,71
324520df,RIDER_027,7,21,1,5,Medium,1.4,81
7f4fb9d4,RIDER_113,2,23,0,5,Medium,1.2,90
1fa07a33,RIDER_015,7,1,1,10,High,7.8,79
2e9e60de,RIDER_105,2,18,1,7,Low,1.9,52
ccd16542,RIDER_044,5,15,1,9,Low,-1.3,51
958d8aae,RIDER_026,7,14,0,1,Medium,-4.4,68
136793f7,RIDER_095,3,9,1,10,Low,5.8,48
6c0c4245,RIDER_084,4,12,1,8,High,1.7,74
15a588d3,RIDER_140,1,5,0,10,Low,3.3,93
187787d6,RIDER_132,3,23,0,5,Medium,5.1,100
1480eed8,RIDER_087,9,2,1,0,Medium,-1.0,69
6b6d5f6e,RIDER_112,10,23,1,8,Low,-1.1,88
51e164ca,RIDER_129,5,23,0,7,Low,2.2,100
c49cce7f,RIDER_089,8,7,1,9,Low,11.2,74
847a5235,RIDER_066,2,21,1,0,Low,-0.9,55
88bad03a,RIDER_131,3,9,1,7,High,-0.1,65
93919c3c,RIDER_122,7,18,1,6,Low,5.3,81
9c5eacf3,RIDER_149,10,4,1,4,Low,4.4,73
7fbac201,RIDER_084,4,2,1,5,Medium,0.0,38
c3f6508d,RIDER_116,9,24,0,3,Medium,-4.3,100
11925da6,RIDER_116,7,1,1,8,High,1.0,74
13a52f86,RIDER_038,1,12,1,8,High,9.3,57
73c836c6,RIDER_143,4,13,1,9,High,0.2,70
633570cc,RIDER_110,10,14,1,0,High,5.2,100
715d6231,RIDER_046,6,5,1,8,Low,-2.4,45
5303eb57,RIDER_025,6,3,1,2,Medium,5.4,54
46a1cc57,RIDER_021,10,4,1,1,Medium,5.5,79
ec7cff2d,RIDER_121,6,17,0,3,Medium,2.1,95
ce4c9fe0,RIDER_122,5,19,1,3,Low,6.9,68
0e46dce9,RIDER_133,3,11,1,8,Low,1.6,50
6560782c,RIDER_070,2,8,1,3,Medium,9.9,56
87fc1f3a,RIDER_113,3,12,0,4,Low,1.5,71
c9a40380,RIDER_107,9,18,1,5,Low,0.7,77
499a40d0,RIDER_112,3,18,1,3,Medium,3.3,61
5769333e,RIDER_108,3,9,1,0,Medium,-2.8,46
c45f6d54,RIDER_047,1,5,0,1,High,3.0,49
2fcdb330,RIDER_091,2,21,1,2,Medium,-1.3,55
87ef52b4,RIDER_018,3,17,1,3,High,5.9,75
3db502d7,RIDER_149,2,13,1,4,Low,5.6,50
75c6bd07,RIDER_104,8,6,1,9,Medium,-1.0,65
a782e027,RIDER_040,6,24,1,9,Low,0.2,74
c6460372,RIDER_138,7,22,1,2,Medium,5.9,90
9f55648c,RIDER_089,1,14,0,10,High,9.8,100
d35ef148,RIDER_061,6,15,1,0,Low,2.0,58
9a2f3420,RIDER_005,2,23,0,10,Medium,5.3,100
ef5b25e7,RIDER_122,6,14,1,10,Medium,5.0,78
25e3ac8d,RIDER_055,3,4,0,7,Medium,5.0,100
fbc72f16,RIDER_037,7,18,1,7,Low,-7.2,75
62607aaa,RIDER_056,3,1,1,3,Low,-1.6,34
58472ae9,RIDER_102,9,12,1,6,Low,7.9,88
d28935b6,RIDER_093,3,22,0,3,Low,-1.1,71
3362c757,RIDER_073,7,9,0,2,Medium,1.2,68
0007f7cf,RIDER_059,4,10,1,6,Medium,9.9,64
c62ecd33,RIDER_002,8,21,1,5,Medium,0.0,86
36e8e85a,RIDER_104,2,18,1,0,Medium,2.5,61
61949925,RIDER_051,8,17,1,8,Low,3.7,75
6581b8ae,RIDER_030,9,19,1,1,Medium,6.7,97
d7df717f,RIDER_011,8,4,1,2,Medium,4.5,70
2fe67880,RIDER_108,6,16,1,4,Low,-0.1,62
1131253b,RIDER_076,10,7,0,2,High,2.0,90
58e79366,RIDER_090,1,9,0,2,Medium,1.1,34
63c06594,RIDER_123,7,8,1,7,Medium,5.6,78
f092d2cd,RIDER_125,1,7,0,3,Low,1.8,51
087a2d65,RIDER_122,7,10,1,9,Medium,2.9,73
8d751627,RIDER_094,2,8,0,1,High,0.1,59
b78cd889,RIDER_103,8,24,1,4,High,10.0,100
c7fa9f1a,RIDER_031,2,17,0,1,Low,-1.3,38
d52d5388,RIDER_052,3,12,1,9,High,10.5,83
a40be713,RIDER_089,3,14,1,10,Low,1.3,48
040cdc99,RIDER_076,1,12,0,7,High,5.7,100
6a48d5c7,RIDER_129,5,2,1,2,Medium,2.5,53
34d37fa1,RIDER_022,5,12,1,1,Medium,-2.8,61
00818097,RIDER_040,10,14,1,2,High,0.1,94
e0a37c8e,RIDER_101,5,7,0,2,Medium,6.5,58
f7795add,RIDER_111,9,13,1,0,Medium,-2.2,66
2764f846,RIDER_129,6,21,1,2,Low,-8.4,70
e5ab24e2,RIDER_065,6,4,1,2,High,-5.2,75
091b686e,RIDER_149,3,1,1,3,Medium,2.0,38
a845533a,RIDER_079,5,17,1,7,Medium,-1.9,70
f81c50bb,RIDER_022,10,3,0,8,Low,2.2,100
11748c54,RIDER_099,7,17,1,0,Low,4.4,71
8624ada4,RIDER_008,3,8,1,0,Low,4.5,49
a2f395b5,RIDER_017,2,3,1,5,Low,3.5,29
5c0274a4,RIDER_017,5,10,1,0,Medium,10.1,71
d805af08,RIDER_090,3,2,0,4,Low,8.3,67
fc47fd12,RIDER_141,5,22,1,0,Low,-1.8,62
0fedeb76,RIDER_145,9,4,0,7,Medium,4.5,100
8451c297,RIDER_081,10,14,1,4,Low,4.3,78
62de510a,RIDER_078,1,11,1,5,High,-2.4,51
cf592be6,RIDER_006,4,14,1,3,Low,-0.2,46
8eb369ec,RIDER_110,10,13,0,7,Medium,-4.5,100
f88e2441,RIDER_014,5,4,0,8,Medium,-0.2,100
e04424f6,RIDER_072,2,2,1,8,Low,4.6,32
a43a9245,RIDER_143,2,2,1,0,High,6.3,44
82f0f38e,RIDER_054,1,11,1,6,Medium,10.9,59
9f213510,RIDER_027,8,22,0,3,Medium,5.2,100
225723ea,RIDER_013,2,5,0,9,High,3.6,100
2e44b9dc,RIDER_060,3,9,0,10,High,9.3,100
311e0167,RIDER_006,2,20,0,7,Medium,8.2,100
8feffb9c,RIDER_058,4,21,0,6,Low,-0.2,100
76e295d9,RIDER_049,1,17,1,0,Medium,1.5,49
62f72fea,RIDER_026,3,12,1,0,Medium,4.8,55
2a3acc07,RIDER_047,5,18,1,0,Low,-3.4,57
c44e60b1,RIDER_005,10,3,1,1,Medium,3.6,71
8fc51ec9,RIDER_020,1,5,0,9,Medium,3.8,100
eaed83a9,RIDER_134,4,21,1,1,Medium,4.9,69
be2d274c,RIDER_059,6,20,1,8,Medium,5.5,76
cdb90e3d,RIDER_146,4,14,0,4,High,0.6,94
815e4888,RIDER_132,7,16,1,0,High,3.8,97
a4baa6fe,RIDER_017,7,19,1,6,Medium,0.3,80
56544daf,RIDER_014,6,9,1,9,Low,5.8,60
3a8eb328,RIDER_013,9,17,1,1,High,2.8,98
0cfcb9cb,RIDER_135,2,22,1,2,Low,5.9,56
da0deb23,RIDER_128,10,7,0,3,Low,-5.3,85
ebcc4358,RIDER_044,8,10,0,2,Medium,-3.2,69
efd4c5bd,RIDER_119,8,4,1,2,Medium,3.3,72
c34c9501,RIDER_143,10,10,1,8,Medium,-3.0,76
8225fa60,RIDER_019,4,3,0,3,Medium,6.1,81
5234ac6d,RIDER_063,6,24,1,7,High,6.1,100
55fc4503,RIDER_081,6,9,1,0,High,3.8,87
86b0be72,RIDER_147,5,13,0,5,Medium,0.7,87
19478dea,RIDER_148,1,1,1,0,Medium,0.6,27
da58b5e2,RIDER_100,3,15,1,4,Medium,5.6,64
75274c7d,RIDER_122,7,15,0,6,Low,4.4,100
de39b28e,RIDER_044,8,11,1,0,Medium,-1.4,75
8f6d91e6,RIDER_104,2,10,1,8,High,3.7,63
ac04ec28,RIDER_061,3,7,1,10,High,7.9,64
35489fc9,RIDER_125,4,1,1,8,Medium,4.3,45
8d918760,RIDER_145,5,7,1,5,High,0.5,66
4a042f42,RIDER_071,3,5,1,1,Medium,1.1,37
c8fff88e,RIDER_107,5,23,0,1,High,0.5,84
3c8de9cf,RIDER_050,8,16,1,8,High,0.2,92
92defcbe,RIDER_065,8,8,1,3,High,-2.8,85
ebdcb4b3,RIDER_099,2,22,1,5,Low,2.4,55
27fa88f6,RIDER_032,6,2,1,9,High,-4.2,53
8a39dc6e,RIDER_141,4,8,1,1,Medium,5.1,58
b66744a9,RIDER_058,9,14,1,3,Medium,0.7,85
790ba5d9,RIDER_128,10,4,0,1,Medium,7.3,77
3511dd67,RIDER_142,2,24,1,2,Medium,-2.0,60
1d1addf1,RIDER_112,8,15,1,1,Low,1.5,75
e41016c1,RIDER_068,1,7,1,7,Medium,2.4,39
dd7e3c39,RIDER_040,6,20,1,4,High,-2.6,84
4c6e6ac2,RIDER_144,10,8,0,4,High,4.0,100
478b3163,RIDER_132,1,11,1,7,Medium,-2.6,40
b34eecd7,RIDER_090,2,2,1,10,High,3.7,51
b30b3437,RIDER_028,3,9,0,7,High,7.9,100
c79a61eb,RIDER_096,9,6,1,6,Low,4.4,74
dddfc13c,RIDER_031,5,23,1,4,Medium,0.2,73
fbf43c68,RIDER_003,10,1,0,6,Medium,6.7,100
84b305e1,RIDER_136,10,3,1,0,Low,11.3,79
87e76d7d,RIDER_024,2,10,1,2,Medium,3.0,40
2e9f6126,RIDER_015,10,5,1,2,Medium,-0.6,75
f3b9c5ae,RIDER_045,5,12,0,1,High,2.3,75
e3761996,RIDER_008,5,23,1,5,Medium,-2.9,73
7d2fc775,RIDER_071,1,1,1,2,Medium,6.5,35
7d219396,RIDER_108,3,9,1,3,Medium,3.2,47
dea7e84e,RIDER_115,5,21,1,2,Medium,-0.1,67
1bf1d94d,RIDER_103,9,13,1,6,Medium,4.1,77
1e82777e,RIDER_125,10,19,1,3,Medium,0.0,88
9d0aa991,RIDER_057,1,7,0,4,High,1.2,86
bdd5c04a,RIDER_030,8,16,1,6,Medium,2.0,83
b8228393,RIDER_146,1,8,1,3,Medium,9.2,51
9c5ccece,RIDER_114,9,19,1,5,Medium,-2.5,82
cb70cecd,RIDER_117,6,7,0,8,Low,5.1,100
5d986811,RIDER_060,1,23,1,5,High,-0.8,66
da982bf5,RIDER_098,8,4,1,4,Medium,9.1,68
a98e142c,RIDER_126,5,10,1,0,High,-1.7,70
6e5bfee8,RIDER_094,7,1,1,7,Medium,-1.6,53
cc2f88b3,RIDER_134,7,17,0,4,High,5.1,100
0d2b70a0,RIDER_122,7,21,1,4,Medium,2.0,88
500ca185,RIDER_108,6,13,1,2,Low,5.3,68
a80430e7,RIDER_004,8,19,0,9,Low,6.9,100
a76d2c77,RIDER_093,9,13,1,1,Low,2.8,81
9601da99,RIDER_006,2,9,1,0,Medium,6.1,47
0e7742b5,RIDER_032,7,5,1,8,Low,-5.8,55
77397ee5,RIDER_106,2,23,1,4,Medium,3.5,62
f96c6dcb,RIDER_146,6,1,1,9,Medium,1.2,54
24047810,RIDER_015,2,2,1,3,Medium,8.0,45
7d43c441,RIDER_122,10,11,1,6,Medium,-6.7,76
7e767caa,RIDER_096,6,4,1,3,Medium,-0.9,54
fc14bb2a,RIDER_006,2,9,0,10,Low,-3.3,100
fac6d2e5,RIDER_112,1,5,0,1,Medium,2.9,46
3f4656d6,RIDER_120,7,5,0,8,Low,3.0,100
57b7e296,RIDER_123,3,8,1,7,Medium,2.2,48
86b57f43,RIDER_067,4,2,0,3,Medium,5.2,66
2dce8797,RIDER_106,6,7,1,7,Low,6.4,59
b65203fe,RIDER_139,5,17,1,8,Medium,3.5,81
ba682fc6,RIDER_043,4,11,1,1,Low,-3.3,40
d39c1893,RIDER_145,9,15,1,3,Medium,-0.2,81
1b4590ca,RIDER_096,6,3,1,10,Medium,4.7,56
0b5cd585,RIDER_132,6,13,1,5,Medium,3.0,61
1fb90868,RIDER_081,2,18,1,6,High,-0.6,74
76a58521,RIDER_041,6,20,1,4,High,6.1,95
db3d3134,RIDER_133,7,20,0,9,Low,4.4,100
ce9021da,RIDER_035,8,3,1,9,Medium,6.1,72
ec186cc0,RIDER_022,8,2,1,6,Low,3.5,62
62070162,RIDER_150,9,5,0,10,Medium,-0.9,100
0bebb476,RIDER_112,10,20,1,3,Medium,7.8,100
fcfc567a,RIDER_011,3,5,1,7,Medium,4.7,57
9a4689b9,RIDER_003,10,13,1,2,Low,4.1,87
68b88bfe,RIDER_137,7,8,0,2,Low,5.6,66
e8adb771,RIDER_060,7,16,0,4,Medium,1.0,97
354a7958,RIDER_076,1,18,1,5,Medium,4.3,51
64d2cf61,RIDER_087,8,16,1,2,Low,1.6,67
9cf0e68f,RIDER_014,4,1,1,9,Medium,-0.9,42
00c60119,RIDER_018,5,8,1,1,Medium,-3.4,59
a83eeb8f,RIDER_113,6,21,0,4,Medium,-6.1,100
f5de9718,RIDER_073,3,2,1,9,Low,3.5,34
75be0b78,RIDER_023,5,24,1,5,High,-1.0,81
0bd7dc05,RIDER_083,10,5,0,2,Medium,-0.0,79
81b3f996,RIDER_125,5,15,1,6,Medium,-1.1,60
17b244cc,RIDER_069,1,14,0,2,High,-4.1,49
20a04922,RIDER_047,3,3,0,1,Low,6.3,42
f95e31e8,RIDER_116,3,7,1,9,Medium,10.1,58
771aa2d0,RIDER_030,1,4,0,3,Medium,-5.2,55
8e5b15a3,RIDER_025,7,11,1,2,Low,3.5,62
36427116,RIDER_112,1,12,1,6,Medium,-2.7,42
592297f6,RIDER_025,7,15,0,7,Low,5.2,100
43029b96,RIDER_074,4,6,1,2,Medium,7.6,58
7b37e16e,RIDER_058,9,24,1,5,Medium,5.1,97
89b0e1a9,RIDER_094,7,1,1,0,Medium,-1.7,59
3245e02a,RIDER_119,5,18,1,4,High,-0.8,80
d0910fe6,RIDER_127,7,14,1,1,High,0.3,83
334ff7c2,RIDER_025,9,24,1,0,Medium,4.8,99
a5c1744e,RIDER_078,10,7,1,6,Low,1.1,69
e478b5a9,RIDER_099,6,10,1,9,High,4.8,78
d93770bf,RIDER_116,1,9,0,3,Medium,2.0,57
7f0c2635,RIDER_048,6,2,1,4,Medium,1.7,55
9fcf9aaa,RIDER_010,1,8,1,1,Medium,2.5,42
33e8a9fd,RIDER_099,4,22,1,7,Low,1.9,64
60fa524a,RIDER_011,8,1,1,10,Medium,-4.2,64
3aefdde2,RIDER_085,5,20,1,9,Low,-1.8,64
f4990b61,RIDER_149,5,2,1,2,Medium,8.6,59
c43d6ac1,RIDER_135,10,7,1,6,Medium,3.9,92
4ce0d92e,RIDER_126,8,16,0,10,High,9.2,100
05447424,RIDER_064,8,22,1,0,Medium,-1.5,81
926bc52c,RIDER_002,1,4,1,9,Medium,2.0,36
959935e0,RIDER_076,5,21,1,0,Low,1.2,61
02f18598,RIDER_121,5,17,1,6,Medium,-2.2,62
f64e0d02,RIDER_042,8,4,1,0,Medium,-4.7,62
0027139d,RIDER_054,1,3,1,8,Low,-2.0,27
14a01e3a,RIDER_075,7,9,1,8,Medium,6.2,70
64e10bc1,RIDER_016,7,22,0,7,Medium,0.1,100
15a152b8,RIDER_018,9,15,1,7,Medium,0.7,84
e2cd1a40,RIDER_090,2,20,0,3,High,2.0,85
acb9875f,RIDER_144,3,3,0,3,Low,2.7,58
07591db8,RIDER_006,4,12,1,4,Medium,0.8,54
1e289adb,RIDER_108,1,15,1,8,Medium,0.4,43
c279ad51,RIDER_048,7,20,1,2,Low,3.6,79
fa748446,RIDER_042,10,8,1,3,High,8.5,100
c68c46a3,RIDER_076,3,12,0,9,High,-0.5,100
6bc615ee,RIDER_077,3,21,1,4,Medium,-4.1,62
f79bf08d,RIDER_132,3,13,0,6,High,-0.5,98
8c072e1e,RIDER_130,8,15,0,4,Low,1.6,97
8675a6bf,RIDER_059,9,11,1,8,Low,-5.4,76
d911ef4d,RIDER_027,10,17,1,5,Low,2.4,76
8d304032,RIDER_079,2,21,1,2,Medium,4.3,64
8b0e5a47,RIDER_072,10,24,0,5,Medium,-2.1,100
81005ce5,RIDER_007,10,12,0,5,High,0.8,100
3e75dbc8,RIDER_111,1,20,1,9,Medium,4.7,48
15116716,RIDER_119,9,18,1,0,Low,1.9,78
50987a2a,RIDER_063,6,16,1,6,High,2.6,87
d96a764e,RIDER_124,9,3,0,2,Medium,1.6,75
bae79ea0,RIDER_012,6,9,1,0,High,2.4,74
c9f96764,RIDER_141,2,7,1,0,Medium,8.3,47
1bb5d37e,RIDER_043,1,19,1,4,Low,4.3,51
02893e65,RIDER_017,8,5,1,9,High,-6.1,79
3d94f2b8,RIDER_063,3,19,1,9,High,2.7,73
bcfcf21e,RIDER_120,1,10,0,1,Medium,9.1,56
a250c058,RIDER_036,8,20,1,1,Low,2.2,74
acf87623,RIDER_008,1,12,1,3,Low,-5.2,34
95a15391,RIDER_069,8,8,1,9,Medium,-2.1,69
f24a05ba,RIDER_090,1,3,1,10,Medium,1.6,29
b2e5308b,RIDER_036,9,19,1,6,Medium,-1.2,86
7be74516,RIDER_028,9,11,0,7,Low,8.5,100
34723ebf,RIDER_118,9,8,0,10,High,-2.3,100
b36d50c6,RIDER_093,3,13,1,9,High,1.8,64
a4a18722,RIDER_076,4,23,1,6,Medium,2.0,71
a6f0ecb3,RIDER_101,5,23,1,8,Low,8.2,79
33a647d9,RIDER_144,6,10,1,6,Low,1.6,55
9844182f,RIDER_014,9,18,1,3,Medium,6.6,97
4084ca75,RIDER_071,4,12,1,8,Medium,1.0,60
114b9975,RIDER_124,6,7,1,8,Medium,1.5,60
abd9cf23,RIDER_125,1,11,0,2,Medium,0.5,50
304840bb,RIDER_037,2,10,1,9,Low,-5.0,39
ebbfb263,RIDER_029,8,3,1,7,Medium,6.0,72
cf9464d9,RIDER_143,4,7,1,0,Medium,4.9,53
35fb8ba3,RIDER_019,10,4,0,1,Medium,1.9,78
9011ccc2,RIDER_106,7,8,1,7,Low,0.1,55
6e69bf7f,RIDER_021,4,8,1,7,High,-2.9,60
48b36f1c,RIDER_064,9,6,1,5,Medium,-0.2,66
784bbcc5,RIDER_027,9,13,1,7,Medium,1.9,80
651af681,RIDER_055,4,12,0,7,Medium,3.3,100
f446e739,RIDER_029,8,3,0,1,Low,3.9,67
a13d061a,RIDER_148,6,6,1,2,Low,-1.6,49
00f99960,RIDER_025,1,22,0,6,Medium,-1.5,89
129b717e,RIDER_070,7,19,1,2,Low,1.7,72
94615dae,RIDER_063,1,11,1,10,Medium,0.6,42
5a98a771,RIDER_130,3,4,0,1,Medium,4.7,55
b5d56b27,RIDER_150,8,15,1,5,High,-3.6,93
ac6d5e5d,RIDER_016,9,2,1,1,Medium,4.3,69
0cad09a6,RIDER_146,3,15,0,1,Medium,2.2,54
bdff0f2e,RIDER_100,1,17,1,10,High,-0.5,64
cb8ad751,RIDER_030,1,2,1,1,Medium,3.3,33
3bcb4224,RIDER_045,7,7,0,3,Medium,4.4,82
5e914b43,RIDER_019,5,16,0,6,Medium,-5.6,100
6227d449,RIDER_034,1,5,0,5,Low,9.8,72
3543ff10,RIDER_141,6,16,1,4,Medium,1.8,74
cb2e2a92,RIDER_062,6,19,0,3,Medium,3.8,98
c969793a,RIDER_118,4,2,0,1,Medium,3.7,45
f9cb2f9d,RIDER_100,7,15,1,10,Low,2.7,70
763df6a5,RIDER_022,7,4,0,7,Medium,-0.1,100
e5f68b58,RIDER_111,9,2,1,1,Medium,2.4,58
461bed78,RIDER_073,1,23,1,10,Medium,2.0,60
a4251d6b,RIDER_147,5,10,1,7,Low,3.1,50
8e01f00a,RIDER_038,10,22,1,9,High,8.1,100
a0b71dfc,RIDER_070,3,24,1,3,Low,0.8,56
600db949,RIDER_116,7,5,1,4,High,-1.7,63
90ed654b,RIDER_079,4,18,1,10,Medium,2.2,67
555f1271,RIDER_148,4,4,1,0,Low,-0.9,32
44bf5de0,RIDER_009,1,1,1,1,Low,-2.4,19
ffe0bfb9,RIDER_032,1,18,0,10,Medium,-1.0,100
a3685f5e,RIDER_132,10,20,0,7,High,-3.6,100
0feb26ed,RIDER_050,2,6,1,0,High,-3.1,54
e79eb05f,RIDER_082,2,20,1,2,Low,7.8,58
aa6ac7a7,RIDER_005,1,20,0,1,Medium,6.2,59
026735c1,RIDER_148,8,14,1,9,Low,1.9,71
c2bfd413,RIDER_087,6,10,1,4,Low,-2.3,52
f0353f46,RIDER_126,6,18,0,3,High,-5.5,99
86e8758f,RIDER_075,10,9,1,3,High,0.9,87
370cda19,RIDER_022,10,12,0,3,Medium,4.6,100
843dd5df,RIDER_068,9,10,1,10,Low,1.5,69
ef6e7d3c,RIDER_044,5,24,1,3,Medium,5.8,79
95239334,RIDER_034,4,24,0,3,Medium,0.3,91
7fb8b947,RIDER_077,6,21,1,5,High,0.8,92
b70b0284,RIDER_042,8,19,0,1,High,4.2,100
c38f83c0,RIDER_137,1,6,0,3,Medium,-3.4,54
8373dca5,RIDER_106,7,14,1,6,Low,2.8,65
cf40d920,RIDER_095,8,8,1,6,High,2.6,75
acf242db,RIDER_135,9,23,1,0,Medium,1.1,92
cc4ed6c5,RIDER_068,8,14,1,9,Medium,7.4,84
deb8f4e7,RIDER_147,7,11,1,8,Low,4.8,67
a4ec14ae,RIDER_128,3,24,1,6,Low,-4.3,57
d8adc1fa,RIDER_085,2,16,0,10,Low,0.5,100
8bcd50cd,RIDER_083,3,20,0,5,Low,-0.8,85
5d9ccfe8,RIDER_095,4,6,0,1,Medium,1.5,50
3569fea3,RIDER_032,4,15,1,5,Medium,-2.0,59
8293bc5a,RIDER_066,6,15,1,4,Medium,-2.2,66
e63f6bb2,RIDER_116,7,14,0,8,Low,1.3,100
30c7a2bf,RIDER_138,4,21,1,0,Low,2.3,63
814e349f,RIDER_130,10,12,0,4,Medium,-1.3,100
5beb2904,RIDER_060,6,2,0,2,Medium,-1.8,51
edbd1a97,RIDER_017,9,8,1,8,High,-4.3,80
df2d3b2a,RIDER_096,6,19,1,0,Medium,3.3,73
8f7518d9,RIDER_144,3,14,1,5,Medium,0.4,59
51034988,RIDER_016,1,5,0,2,Medium,-0.4,40
7649861d,RIDER_046,10,24,1,0,Medium,5.3,100
ad73dd7e,RIDER_107,10,9,1,10,Low,-8.2,66
7492e383,RIDER_088,5,13,0,2,High,4.1,82
3801dada,RIDER_129,10,9,0,1,Medium,7.7,88
0255ea24,RIDER_139,10,14,1,9,High,-6.4,90
32fa4f22,RIDER_119,3,5,1,7,High,-5.8,49
143848e9,RIDER_085,8,2,0,2,Low,-3.8,53
05668173,RIDER_004,10,7,0,10,Medium,-2.8,100
af62d4c7,RIDER_071,1,16,0,6,Medium,6.0,100
bbaac945,RIDER_111,2,11,0,9,Medium,0.9,100
fb7645c5,RIDER_050,3,11,0,5,Low,10.1,83
8b448281,RIDER_140,3,23,0,6,High,0.5,100
67ae3535,RIDER_095,8,12,1,10,High,0.8,85
af7eec19,RIDER_092,5,13,1,6,Medium,7.3,72
51f10f9c,RIDER_065,8,8,1,9,Low,-8.2,58
a9419e72,RIDER_047,6,24,1,0,Medium,2.4,80
37e5a707,RIDER_106,2,16,0,3,Medium,4.2,79
d4c956c9,RIDER_130,4,21,1,3,Medium,6.5,74
45c3d1c8,RIDER_106,9,1,1,4,Low,5.6,63
4d1a1aab,RIDER_024,4,13,1,9,Low,3.0,54
10a7a835,RIDER_004,5,11,1,4,Medium,7.2,72
1e2d05bf,RIDER_108,5,4,1,7,Low,7.5,54
31e9e3f1,RIDER_019,10,4,1,3,Medium,4.6,82
9766d8fc,RIDER_040,8,15,1,0,Low,-2.0,75
e196dccc,RIDER_050,6,3,1,4,High,2.6,68
a602ab2e,RIDER_075,10,24,1,0,High,5.3,100
682629bf,RIDER_012,7,19,1,2,Low,0.9,67
a7f28bbd,RIDER_027,6,21,0,7,Low,4.8,100
35ccc04a,RIDER_113,5,2,0,9,Medium,1.7,100
0fd5ce00,RIDER_049,5,6,1,4,Medium,-0.3,53
6491729a,RIDER_144,3,22,0,6,Low,2.6,100
dd0d8296,RIDER_130,7,24,1,0,Medium,-3.5,79
6fa4dbf0,RIDER_060,10,8,1,5,High,3.0,98
814d7c71,RIDER_030,5,17,1,7,Low,-0.9,57
cb2c1d1d,RIDER_084,7,5,1,5,Low,4.3,58
e19ca3c0,RIDER_028,2,2,1,3,Medium,-2.5,31
5595709b,RIDER_025,9,12,0,10,Medium,9.7,100
9920bf78,RIDER_096,8,5,0,7,Low,-2.1,99
2d035176,RIDER_125,5,10,1,7,Medium,5.4,68
ac53dc03,RIDER_010,2,9,1,5,Low,1.4,32
bddf3abf,RIDER_042,6,20,1,7,High,4.1,94
1d9ec23c,RIDER_040,8,8,1,5,Medium,4.9,71
1ec2ab44,RIDER_077,7,1,1,3,Medium,1.2,51
bd6ad07b,RIDER_105,8,24,1,10,High,1.3,99
5a6b56d2,RIDER_118,4,6,0,5,Medium,1.2,80
c9430e91,RIDER_042,3,24,0,8,Medium,-5.8,100
fb98c750,RIDER_047,7,22,1,7,Low,5.3,84
99aa01d0,RIDER_022,2,11,1,6,Medium,2.2,46
ea81b5db,RIDER_107,5,3,1,4,Low,0.6,46
f8467fd3,RIDER_027,7,15,1,6,High,1.5,87
6bef90b8,RIDER_041,1,11,1,0,Medium,0.2,36
3fc3682f,RIDER_080,4,24,1,7,High,-6.2,80
2b247cfa,RIDER_089,2,5,1,4,Low,0.2,27
79ab4259,RIDER_066,6,16,0,6,Low,2.0,100
480dd42b,RIDER_012,1,21,1,6,Medium,-1.2,48
712df842,RIDER_073,7,7,0,7,Low,2.2,100
bee47207,RIDER_076,3,6,1,6,Low,5.4,45
62aeaa34,RIDER_090,1,9,0,5,High,-0.4,82
596d073a,RIDER_010,8,7,1,5,Low,-3.8,62
eae1db89,RIDER_096,7,3,1,4,Medium,2.2,62
aa386658,RIDER_020,2,11,1,4,High,3.7,58
0d2b2c64,RIDER_039,7,12,1,3,Low,8.9,76
bac36bcc,RIDER_060,3,21,1,6,Medium,0.1,67
69279231,RIDER_066,9,11,0,10,Medium,2.1,100
aac96b1c,RIDER_065,8,2,0,2,High,6.9,84
3bf7fd6f,RIDER_124,5,1,1,4,Medium,-1.4,42
22d521de,RIDER_130,7,24,1,2,High,4.2,98
282d69f1,RIDER_057,3,24,1,7,Low,4.1,70
eba3b273,RIDER_078,1,2,0,4,Low,4.5,59
732c051f,RIDER_029,1,14,0,10,Medium,-0.3,100
500dea62,RIDER_015,2,13,1,9,Medium,-1.7,47
2ebd3ab1,RIDER_012,8,24,0,5,Medium,1.0,100
9d74a1a3,RIDER_101,1,5,1,0,Medium,1.9,32
f5b7f54d,RIDER_084,5,2,1,10,High,-3.4,64
85fac9d0,RIDER_125,9,23,1,3,Medium,4.1,100
fd8fca28,RIDER_103,9,23,0,8,High,5.4,100
0ef18ca6,RIDER_024,2,19,0,4,Medium,-3.0,80
319f12a9,RIDER_149,7,17,1,0,Medium,5.6,82
0b002fb7,RIDER_138,1,11,0,3,Medium,-2.7,58
8a02b8ba,RIDER_110,3,16,1,5,Medium,-0.9,54
5e2d6694,RIDER_078,6,20,1,6,Medium,2.1,79
92eabab5,RIDER_101,9,18,1,6,High,2.4,100
28c08c56,RIDER_146,10,20,0,7,Medium,7.4,100
020393c5,RIDER_142,2,8,1,4,Medium,4.5,51
2c2c7b2c,RIDER_128,7,2,1,5,High,3.1,78
c3a96ec5,RIDER_058,4,17,1,10,Medium,-0.7,58
2a9cf23c,RIDER_076,2,11,1,10,Low,0.0,44
8bc70eb4,RIDER_150,3,14,0,1,Medium,-1.8,57
c2a37333,RIDER_036,6,16,1,9,Low,0.1,66
f18a5869,RIDER_022,10,15,0,1,Medium,8.9,100
bed26126,RIDER_127,9,15,0,2,Medium,1.6,87
9446ba6c,RIDER_080,8,3,1,3,High,2.7,71
b4bb7ff7,RIDER_100,10,7,0,5,Medium,0.2,100
d7ce4481,RIDER_096,9,12,1,5,Medium,-1.7,72
ebe5ca0c,RIDER_148,4,22,1,2,Medium,2.6,77
033e56ca,RIDER_018,4,22,1,0,Medium,2.6,76
52253e21,RIDER_038,9,23,0,2,High,6.6,100
af9bb12a,RIDER_109,8,24,1,3,Medium,0.0,90
f408241b,RIDER_123,2,3,1,8,Medium,0.2,42
9117f6b4,RIDER_144,8,19,0,9,Medium,-1.1,100
234a758b,RIDER_149,1,10,0,7,Low,2.9,81
cb3effdb,RIDER_104,9,8,1,3,High,6.3,90
b3fd28af,RIDER_140,9,16,1,6,Medium,6.1,85
1cd6d22d,RIDER_144,8,16,1,8,Medium,8.9,98
5763b35a,RIDER_081,5,12,1,1,Medium,-3.1,55
80a5bf1d,RIDER_087,5,23,1,2,Low,3.3,69
6eba56a7,RIDER_142,3,5,1,0,High,3.8,62
a6d5c2d8,RIDER_061,5,20,1,7,Medium,-3.9,66
8d3f573c,RIDER_046,4,6,0,1,Medium,5.8,49
abea3c06,RIDER_032,1,6,1,6,High,-7.2,47
f71ff143,RIDER_015,9,8,1,6,Medium,1.0,72
1f735239,RIDER_044,10,17,1,10,Medium,-4.6,95
072484d8,RIDER_145,4,12,1,2,High,14.1,89
5e4387be,RIDER_054,3,22,1,1,Low,1.5,59
ef00f701,RIDER_044,6,14,1,2,Medium,5.8,63
19cbbde8,RIDER_098,1,2,1,7,Medium,2.1,34
4fb60a9e,RIDER_005,5,19,1,8,High,-0.8,79
b581985e,RIDER_109,7,6,1,10,Medium,6.4,77
048e8d54,RIDER_027,2,18,1,7,High,1.9,65
9e0ef7bd,RIDER_116,10,4,1,10,Medium,-2.7,74
f6a43f60,RIDER_087,9,22,1,1,Low,-0.5,77
07313a98,RIDER_104,6,5,1,8,Low,-2.0,42
718714cf,RIDER_123,2,6,0,5,Medium,1.6,71
2f6525f6,RIDER_079,8,15,0,1,Medium,0.9,76
b8133d91,RIDER_043,8,6,1,8,Medium,1.2,63
7236d8bb,RIDER_097,1,8,0,4,High,3.9,79
560b603a,RIDER_031,1,9,0,5,Medium,12.7,91
0cc24fa8,RIDER_099,1,21,1,0,Low,2.3,51
2b35f277,RIDER_017,4,22,1,1,High,-1.3,71
985bc419,RIDER_083,4,6,1,0,Medium,11.1,65
c239045a,RIDER_110,8,22,0,3,Medium,7.9,100
7473a9a5,RIDER_032,1,2,1,1,Low,4.2,34
7dff2a12,RIDER_141,10,16,1,0,Low,2.5,87
a649bd81,RIDER_035,3,20,0,2,Medium,3.6,65
a61c5ee6,RIDER_133,1,1,1,3,High,-7.4,37
4b925b05,RIDER_029,9,16,1,3,Low,-4.4,74
b5628cf1,RIDER_070,10,1,0,2,Medium,5.5,72
ac44ac5c,RIDER_095,9,1,1,1,Medium,7.8,83
7ead8e9c,RIDER_022,7,7,1,7,Medium,-5.2,58
c159fbdf,RIDER_069,8,16,1,9,High,-1.5,93
51129cc4,RIDER_089,1,17,1,10,Low,-0.7,37
21ec7ae4,RIDER_072,5,16,0,1,High,-1.8,78
f0983013,RIDER_129,2,16,1,4,High,3.2,66
df495330,RIDER_087,1,6,0,6,Medium,5.0,84
a66ca81b,RIDER_096,3,18,1,8,Medium,-2.1,62
a333a1c5,RIDER_075,7,22,1,2,Low,-3.7,71
ac8b56da,RIDER_054,1,22,1,0,Medium,-2.7,54
9855b209,RIDER_088,2,3,1,8,Medium,0.2,43
ce64ed84,RIDER_054,2,8,1,0,High,8.4,66
79e9d717,RIDER_016,4,4,1,7,Medium,2.3,51
fc5a06cf,RIDER_099,3,23,0,1,Medium,9.7,81
a58e8e99,RIDER_020,3,4,1,6,Medium,5.2,44
40c4b3ac,RIDER_046,10,17,1,2,Medium,-0.5,82
143e0e10,RIDER_127,5,22,1,5,Low,2.5,67
bfa5af5c,RIDER_058,3,5,0,5,Low,-0.1,65
ae3480be,RIDER_111,7,14,1,3,Low,-2.4,59
a687f477,RIDER_129,5,15,0,7,Low,0.8,94
b1330b4b,RIDER_081,4,12,0,4,Medium,5.2,87
174ea3a4,RIDER_084,3,13,1,6,Medium,-0.3,51
556f8d93,RIDER_070,4,24,1,4,Low,1.0,65
7849796b,RIDER_008,2,23,1,3,High,-0.4,71
fec95d87,RIDER_029,1,18,0,5,Low,7.4,78
89e67aeb,RIDER_112,3,14,1,2,Medium,1.3,53
98763c2c,RIDER_131,2,24,1,5,Medium,0.7,57
d7e18f8f,RIDER_108,1,19,1,5,Low,0.8,46
61289d83,RIDER_109,1,22,0,10,Low,3.3,100
3455e500,RIDER_020,2,7,0,10,Low,2.3,100
48d31312,RIDER_073,9,6,0,5,Medium,5.9,100
f2d4dddb,RIDER_004,5,5,0,10,Medium,0.5,100
a5f9ac92,RIDER_019,9,4,1,2,High,9.1,99
b201d635,RIDER_102,8,18,1,7,Low,-0.9,62
6ffcd653,RIDER_141,6,14,0,3,High,2.5,98
08b49f3b,RIDER_141,1,16,0,10,Medium,3.9,100
4ba422db,RIDER_086,10,23,1,1,Medium,1.9,98
310d4238,RIDER_052,5,23,1,6,Low,2.1,69
6116dbf5,RIDER_111,1,20,0,10,Low,-1.5,100
3b7ab5a0,RIDER_109,7,14,1,7,Medium,4.7,79
5b4a9c8c,RIDER_086,10,5,1,10,High,2.6,90
b7cd1d18,RIDER_043,8,22,0,3,Low,2.1,98
159c23e0,RIDER_042,8,11,0,5,Medium,-5.6,100
dd837f66,RIDER_090,7,12,1,7,Low,4.3,57
4fde008b,RIDER_115,2,18,1,4,Low,4.5,48
c81425c1,RIDER_026,5,4,1,8,High,-9.0,62
a7cd63d9,RIDER_043,4,13,0,5,Low,4.6,82
a44c39a5,RIDER_077,5,20,0,5,Low,1.1,90
0d304196,RIDER_137,10,13,0,1,High,-4.6,94
6e3b8bf1,RIDER_020,9,4,1,6,Medium,-1.9,73
09456068,RIDER_039,4,23,1,8,Low,-2.9,60
1098ebb6,RIDER_012,8,23,0,4,Medium,-1.4,100
5cb45eaa,RIDER_011,8,7,1,4,Medium,4.1,73
eebab612,RIDER_042,2,23,1,10,Medium,4.4,69
6f4dacd4,RIDER_011,6,2,1,4,Medium,4.3,60
bfa8f21f,RIDER_038,5,21,1,0,Medium,1.0,69
6769705c,RIDER_098,2,18,0,4,Low,12.5,89
86e316df,RIDER_019,10,21,1,9,High,-7.8,100
35a4de52,RIDER_134,4,6,0,7,Low,-2.0,87
5c5149c4,RIDER_116,7,16,1,2,High,3.0,89
363e6af5,RIDER_113,1,3,0,8,Low,-0.7,71
627a9412,RIDER_065,9,22,0,8,High,0.9,100
f7913d38,RIDER_099,10,15,1,5,Medium,2.2,87
79291c93,RIDER_072,1,21,1,3,Medium,0.8,55
03919be0,RIDER_052,5,20,1,3,Medium,-3.5,75
10c443ff,RIDER_118,7,10,1,10,Medium,5.3,79
4ed0531b,RIDER_120,8,9,1,0,Medium,5.3,77
d1cdebe9,RIDER_007,2,11,1,9,Medium,8.3,58
c8098dda,RIDER_011,4,14,1,4,Medium,-5.5,52
acef2483,RIDER_103,2,24,1,4,Medium,5.1,70
69e3e7e5,RIDER_061,4,12,1,4,Low,-1.5,48
2c57863a,RIDER_068,6,7,1,0,Low,1.5,54
1ceaf9b7,RIDER_140,6,11,1,0,Medium,-0.6,59
12d36f1f,RIDER_102,2,17,1,9,Medium,-1.8,52
d5e19e71,RIDER_110,4,9,0,1,High,4.5,68
b1ae9314,RIDER_140,4,22,1,0,Medium,8.7,84
316219ce,RIDER_051,1,23,0,7,Medium,9.9,100
a3ff6ea6,RIDER_117,2,13,1,3,Medium,6.1,61
e01e19b6,RIDER_046,3,16,1,5,Low,-2.5,43
dc19cc1e,RIDER_053,5,3,1,7,High,1.5,62
2c24054a,RIDER_088,8,5,1,4,Medium,1.8,66
e096b8a1,RIDER_121,6,23,0,5,High,4.1,100
24fda39d,RIDER_013,3,17,1,3,Low,4.9,57
bba2c396,RIDER_089,6,1,1,5,Medium,0.1,51
2df12186,RIDER_125,7,21,1,5,Medium,7.0,84
8c1f254c,RIDER_118,6,9,1,2,Medium,11.4,73
b5db1ac3,RIDER_054,10,23,0,3,Medium,3.4,100
9c84cb5e,RIDER_116,6,17,1,5,Low,-0.3,63
4c564cf7,RIDER_118,1,13,0,7,Medium,6.3,100
2a76a4ae,RIDER_004,3,15,0,6,Medium,6.5,100
3688236a,RIDER_075,7,21,1,3,Low,4.8,83
c905170b,RIDER_049,4,8,0,2,Low,2.0,44
b8588ddd,RIDER_007,4,8,1,10,High,7.6,68
b4a4a9e3,RIDER_110,7,2,1,7,Medium,-1.8,58
de17d168,RIDER_122,9,23,1,5,High,1.7,100
4e530d70,RIDER_011,2,10,1,7,Medium,9.6,56
a36faa92,RIDER_092,9,5,0,8,Medium,1.9,100
ca5ca369,RIDER_023,3,16,1,8,Low,2.1,42
7671e13d,RIDER_028,6,19,1,9,High,2.9,93
8f5c4b53,RIDER_111,4,1,1,10,Medium,-1.6,39
5a96b392,RIDER_057,1,13,0,8,Medium,-2.6,98
de1dcae2,RIDER_026,9,4,1,9,Medium,-0.1,74
65a7e4db,RIDER_054,6,7,1,0,Medium,1.3,58
c91ba9a1,RIDER_029,8,1,1,2,Medium,6.7,74
06ba817e,RIDER_097,2,2,0,8,Medium,3.1,92
d13689bb,RIDER_014,7,16,0,3,High,8.1,100
70cc5a91,RIDER_078,6,14,0,9,Medium,4.1,100
77f416da,RIDER_035,2,5,1,1,Medium,5.5,47
e71b9654,RIDER_030,2,14,1,0,Low,4.5,50
63d4d16f,RIDER_092,4,17,0,4,Medium,8.4,93
5fc2ed35,RIDER_017,4,12,1,3,High,2.2,69
b43c7fee,RIDER_093,3,20,1,4,Medium,2.4,58
902bfa78,RIDER_079,8,12,1,10,Medium,-2.2,72
81217695,RIDER_110,7,3,1,4,High,5.6,76
9ef26eb3,RIDER_102,2,21,1,7,Low,0.0,54
8783a56b,RIDER_106,3,21,1,5,Medium,4.9,76
fcd50687,RIDER_047,10,2,1,2,Medium,2.8,76
9bf9f156,RIDER_064,9,21,1,8,Low,-2.6,87
3c32585f,RIDER_064,5,21,1,7,Low,2.4,66
1a089e43,RIDER_087,2,15,1,8,Medium,0.3,47
d2218ff7,RIDER_007,3,11,0,3,Medium,-3.7,72
6188f15d,RIDER_022,8,10,1,7,Medium,3.3,74
a955d1a6,RIDER_081,4,18,1,10,High,8.9,87
19a11675,RIDER_074,2,23,1,2,Low,-1.9,53
5896c33b,RIDER_138,2,22,1,4,Low,-8.7,48
ff70b465,RIDER_135,6,23,1,6,Low,10.2,93
2e52b5c5,RIDER_125,8,24,1,0,Medium,-4.4,79
eb1d8737,RIDER_050,7,21,1,0,High,9.1,100
3d3d50fc,RIDER_052,4,2,1,2,High,7.3,67
1d299a5d,RIDER_001,2,7,0,3,Low,2.3,56
9dd42473,RIDER_004,9,7,1,0,Low,-0.6,63
46e0c9a5,RIDER_145,4,24,1,7,Medium,6.6,79
19fb318c,RIDER_132,9,7,1,1,Medium,2.7,70
3e1901ac,RIDER_004,5,23,1,10,High,9.4,100
04b1470a,RIDER_001,7,14,0,4,Medium,4.2,100
22c110c6,RIDER_071,5,24,0,5,High,9.1,100
19e85f77,RIDER_035,2,2,0,10,High,5.2,100
9ec88944,RIDER_008,6,2,1,5,Medium,7.3,65
18c309e7,RIDER_036,7,23,0,5,Low,3.5,100
77ce3c5a,RIDER_123,6,15,0,10,Low,1.8,100
2e1505cb,RIDER_043,3,11,1,0,Medium,0.3,50
4fbf5459,RIDER_027,10,10,1,2,Medium,-1.6,82
ae506620,RIDER_032,8,3,1,2,Low,1.5,61
1ffccd1c,RIDER_078,3,17,1,7,Low,-2.0,47
95d9a083,RIDER_121,5,9,0,5,Low,0.4,83
7336c8aa,RIDER_146,9,15,1,1,Low,2.9,78
0176b9e7,RIDER_016,5,14,1,0,High,4.1,75
908a99a6,RIDER_099,7,19,1,3,Medium,7.5,85
b8e5aa8c,RIDER_047,7,17,1,0,Medium,3.0,76
9b2fa5e3,RIDER_031,5,22,1,4,Low,3.9,74
82b77e15,RIDER_004,2,20,0,10,High,1.2,100
403725d6,RIDER_017,5,17,1,7,Medium,2.0,62
1ac6e6c4,RIDER_039,7,16,1,9,Medium,2.3,80
b735601b,RIDER_048,7,20,1,1,Low,10.4,86
d73959dc,RIDER_039,4,8,1,7,High,3.7,66
5b68cdd9,RIDER_132,1,7,1,7,High,-2.8,40
6b6bc4ab,RIDER_030,6,12,1,5,High,2.9,73
f05a47d2,RIDER_022,3,1,1,7,Medium,-1.4,27
e57cbd14,RIDER_066,5,12,1,1,Medium,-0.6,56
8665d5de,RIDER_108,4,6,1,6,Low,2.2,52
701b9dc7,RIDER_012,2,16,1,7,Low,3.8,49
47aed2fc,RIDER_036,7,18,0,3,Low,3.5,94
ed3610a5,RIDER_018,5,19,1,8,Low,-0.7,60
15623412,RIDER_090,7,23,0,10,Low,-4.1,100
795247b5,RIDER_001,9,3,1,5,High,1.5,79
ff66e230,RIDER_127,4,3,1,2,Medium,1.7,51
f73a4397,RIDER_090,5,5,0,3,Medium,1.6,75
972a2cb2,RIDER_087,9,3,1,3,Low,2.9,53
98cc3f27,RIDER_090,10,19,1,0,Low,0.3,90
628966dc,RIDER_134,4,5,1,9,Medium,5.7,55
7e044635,RIDER_070,5,14,1,0,Medium,4.7,66
a01ba28f,RIDER_044,5,21,1,0,Low,5.3,69
1970d8e1,RIDER_086,8,16,1,3,Low,7.9,80
f93ce460,RIDER_019,4,1,1,0,Low,3.9,37
ec15a331,RIDER_101,4,17,0,5,Medium,2.2,99
5602ef1b,RIDER_146,7,11,1,1,Medium,1.6,66
bc55a9a3,RIDER_095,5,9,1,0,Low,4.8,52
3ebcd51f,RIDER_101,6,21,1,6,Medium,2.3,79
38a88780,RIDER_030,6,4,0,5,Medium,-5.3,88
1e6ff21e,RIDER_033,6,2,1,0,Low,-0.4,47
7116722a,RIDER_012,10,9,1,9,Medium,7.9,93
b5886751,RIDER_118,5,22,0,8,Low,-5.4,100
ba98ee23,RIDER_094,5,5,1,5,High,3.4,61
e299465e,RIDER_137,9,4,1,1,Medium,4.2,79
74a7560c,RIDER_149,8,23,0,6,Medium,1.7,100
6768c153,RIDER_076,4,5,0,2,Low,-0.7,40
1cb44dd2,RIDER_029,7,24,1,6,Medium,-2.2,82
6d5eba2a,RIDER_117,8,24,1,8,High,2.8,100
2898de96,RIDER_015,9,18,1,4,Medium,0.8,89
0930a00e,RIDER_002,5,13,1,0,Medium,8.2,66
8e21e7bd,RIDER_117,3,5,0,4,Medium,3.9,75
3410ea4e,RIDER_018,4,24,1,7,Medium,0.4,72
e1cdca05,RIDER_003,10,19,0,7,Medium,3.2,100
02ec5ec9,RIDER_135,6,23,0,2,Low,-0.7,77
3daa0c35,RIDER_108,10,3,1,3,Low,1.3,74
acd4bdd7,RIDER_095,5,22,1,7,Medium,-5.1,80
d6365abf,RIDER_122,9,18,1,7,Low,0.6,80
cef6ac3e,RIDER_011,3,6,1,6,Medium,4.2,57
7832dcb5,RIDER_068,2,6,0,5,Medium,1.3,72
17648f4d,RIDER_123,6,24,0,3,Medium,5.6,100
7a7411d0,RIDER_113,7,5,1,9,Medium,7.1,71
c06a76a2,RIDER_098,5,1,1,8,Medium,4.9,45
939536a4,RIDER_093,1,8,1,1,Medium,10.0,49
eb471eae,RIDER_022,3,1,0,1,Low,6.1,40
86649747,RIDER_127,3,21,1,0,High,2.1,77
e953ffb1,RIDER_134,4,6,1,10,Medium,1.2,45
46eeb255,RIDER_025,10,20,1,2,Medium,0.4,97
d2034057,RIDER_085,6,14,1,2,Medium,-0.8,71
00dd1eec,RIDER_055,5,11,1,3,Low,3.3,53
1c0bcd5d,RIDER_144,1,2,0,2,High,0.5,35
948ba1e1,RIDER_095,6,21,1,9,High,-3.4,89
46c771f7,RIDER_142,9,4,1,5,High,5.2,86
79c195a9,RIDER_119,1,13,1,8,High,-0.3,52
b6842b20,RIDER_009,8,7,1,7,Low,-4.0,54
f7664f81,RIDER_150,8,6,1,5,Low,6.5,73
19b7d00a,RIDER_042,3,3,1,7,High,6.6,55
f116d42a,RIDER_053,9,9,0,7,Low,-2.6,100
41ea6cb6,RIDER_074,8,14,1,9,Low,-0.1,65
acbd78cf,RIDER_039,3,20,1,5,High,-1.2,70
7980da2f,RIDER_122,10,11,1,1,Medium,-0.6,72
4aeb54a8,RIDER_015,5,5,0,4,Medium,-6.3,75
e88ab483,RIDER_123,3,14,1,3,Medium,0.3,55
363bc75a,RIDER_111,5,19,0,5,High,0.5,100
ba145f5b,RIDER_131,9,8,1,1,Medium,8.3,75
6ca4d184,RIDER_083,4,7,1,3,Medium,2.6,57
aba38a33,RIDER_010,6,7,1,7,High,-0.2,72
19a797f6,RIDER_092,3,24,1,0,Medium,2.9,62
9f4a8a11,RIDER_029,3,23,1,2,Low,-3.4,54
1b3a8486,RIDER_035,5,3,1,3,Medium,2.3,47
b663068a,RIDER_006,8,3,1,1,Low,-0.7,59
4c3512c4,RIDER_140,8,18,1,1,Low,2.5,81
1ca4ac27,RIDER_111,3,13,1,5,Low,3.8,52
a5666059,RIDER_038,8,1,1,5,Medium,-0.2,66
2e207b3d,RIDER_077,8,5,1,2,Medium,3.1,71
59e22d38,RIDER_093,3,4,1,7,Low,-0.8,33
779b079b,RIDER_147,10,16,1,2,Medium,-2.2,89
b28194e7,RIDER_067,10,15,1,1,Low,5.7,83
8878d29e,RIDER_136,2,18,1,4,Medium,6.1,58
51381215,RIDER_008,10,17,1,6,Low,2.8,83
71d17bc1,RIDER_122,2,14,1,0,Medium,5.1,54
863bd163,RIDER_084,9,14,1,1,Medium,-4.2,77
c30b1378,RIDER_132,7,19,1,1,Low,5.3,83
90623f60,RIDER_085,6,6,1,7,Medium,7.7,65
6811d76f,RIDER_045,7,13,1,9,Medium,4.4,70
a995ffd5,RIDER_136,8,18,1,5,Low,1.5,68
a601cf88,RIDER_087,1,15,1,3,Low,-3.3,38
890fd035,RIDER_016,8,23,1,3,Medium,4.2,99
0d407473,RIDER_077,3,7,1,4,High,4.2,54
e72ed78b,RIDER_009,3,19,1,2,High,6.4,83
029e1bd6,RIDER_060,6,17,1,3,Low,0.7,68
8bbf52b7,RIDER_078,4,9,1,3,Low,-0.3,40
f33efa8c,RIDER_077,4,11,0,6,Low,-1.0,81
d2960d70,RIDER_071,4,5,1,6,Medium,-1.7,54
0e37146f,RIDER_015,10,2,1,0,Medium,4.0,81
939eb0b8,RIDER_071,9,15,1,2,High,1.9,94
98d53e21,RIDER_102,8,24,0,8,High,3.9,100
aff6979e,RIDER_022,3,12,1,5,Medium,2.6,54
d9f183ca,RIDER_113,1,10,0,5,Medium,0.3,76
90c04f86,RIDER_001,1,10,1,3,Medium,-1.5,39
c896ff3b,RIDER_010,1,20,1,9,Medium,7.3,59
87006f5d,RIDER_110,4,11,1,8,Medium,2.9,55
5ac6c937,RIDER_113,6,10,0,2,Medium,6.7,77
1ee84e4e,RIDER_050,4,7,0,7,Medium,3.9,100
397e5069,RIDER_012,3,14,1,5,Medium,0.5,54
68b2e207,RIDER_089,8,13,1,1,Medium,0.3,77
67e02222,RIDER_112,8,5,1,2,Medium,-1.2,67
01e40304,RIDER_078,6,19,1,0,Medium,7.1,78
b103f0bc,RIDER_121,9,10,1,2,Low,7.6,77
e022a0d7,RIDER_023,10,8,0,3,Medium,0.8,93
5b3a752c,RIDER_134,1,18,1,5,High,4.6,64
84730f82,RIDER_025,8,1,1,9,Medium,0.6,67
b6d51986,RIDER_018,6,5,1,6,Medium,-3.9,67
34ef91b0,RIDER_141,1,11,1,2,Medium,-0.3,36
475fbd51,RIDER_043,4,20,1,10,Medium,4.9,70
2c3ab046,RIDER_078,5,11,1,6,Low,6.1,58
2b1f6a07,RIDER_028,7,16,1,3,Medium,2.0,65
a42a7e5b,RIDER_146,8,10,1,0,High,-0.7,92
06ad1661,RIDER_059,9,15,1,0,Medium,-2.5,76
5a8642cf,RIDER_063,6,7,1,7,Medium,0.7,58
09978033,RIDER_092,10,15,0,9,Low,1.0,100
c0d8a493,RIDER_056,9,16,1,6,Medium,1.0,84
f2ab4a33,RIDER_111,4,6,0,3,High,-2.7,79
5fd41d9c,RIDER_137,8,11,1,0,Medium,3.4,78
0eedb730,RIDER_068,3,17,1,5,Low,2.4,47
bf8aaa70,RIDER_046,4,15,1,10,Low,0.9,52
03090d2e,RIDER_067,10,16,0,10,Low,2.0,100
f3fa371e,RIDER_136,4,24,0,9,Medium,4.1,100
380965bf,RIDER_006,6,2,1,6,Medium,4.2,59
1a2033f0,RIDER_024,9,4,1,5,Medium,7.0,80
4470640c,RIDER_094,6,19,0,5,Medium,7.1,100
4a009698,RIDER_013,1,6,1,7,Medium,4.1,41
1b7da800,RIDER_025,5,18,1,5,Low,1.4,62
4bd688d7,RIDER_148,9,21,1,1,High,-0.6,96
b83aa3c0,RIDER_118,5,11,1,6,Medium,5.4,61
0c1d3cd4,RIDER_082,6,9,1,9,Low,-2.7,54
e8572b5f,RIDER_111,3,3,1,3,Low,2.3,33
f72863de,RIDER_082,8,2,1,10,Medium,-1.7,62
4bfd9535,RIDER_066,10,18,1,10,Low,5.9,90
dc90cb5b,RIDER_045,4,15,1,2,High,5.2,75
ccd2d906,RIDER_114,4,22,1,7,Medium,2.1,68
44275c35,RIDER_063,5,18,1,9,High,13.6,92
e471d086,RIDER_076,10,19,1,4,Medium,-1.0,90
7ac75003,RIDER_114,9,15,0,3,High,3.8,100
75349448,RIDER_111,8,17,0,10,Medium,4.2,100
07f48607,RIDER_147,7,18,1,3,Low,3.0,72
91a7ef3b,RIDER_035,5,18,0,4,Medium,0.9,96
496232e0,RIDER_053,9,11,1,3,Medium,2.4,81
602591ce,RIDER_026,9,18,1,2,High,9.1,100
d012fe78,RIDER_014,10,23,1,3,Low,2.2,93
f9cf6c93,RIDER_118,10,3,0,9,Medium,4.6,100
e2f8b7f3,RIDER_045,2,13,0,4,High,-4.4,87
111e2b3b,RIDER_051,4,14,1,1,Medium,1.4,63
794841b6,RIDER_119,8,4,1,6,High,11.1,91
67f571e2,RIDER_019,1,18,1,4,Low,-0.0,43
f2acf166,RIDER_082,5,5,1,8,Medium,-0.2,52
ba3bfdb6,RIDER_076,8,14,1,5,Medium,8.9,91
6563af95,RIDER_092,2,12,1,10,Low,-0.4,40
36d28ddd,RIDER_033,2,7,1,0,Low,-0.9,36
3e67e1b2,RIDER_147,8,12,0,8,Low,4.8,100
979856b6,RIDER_028,10,8,1,4,Medium,11.5,97
e0fa9a70,RIDER_123,9,21,1,8,Low,5.7,91
2bd6c765,RIDER_126,7,21,1,0,Low,2.3,80
0a20440e,RIDER_037,8,3,0,1,Medium,7.4,75
80e175d4,RIDER_099,5,22,1,2,Low,1.2,68
63aee4b5,RIDER_098,1,1,1,4,High,-0.0,40
b100a69d,RIDER_127,4,3,0,5,Medium,8.0,85
a4c9aed7,RIDER_080,2,11,0,4,Low,7.3,74
19059fad,RIDER_038,3,18,1,0,Medium,0.6,58
acf82ea9,RIDER_077,3,7,1,3,Medium,6.2,55
171b23ce,RIDER_126,9,9,1,5,Low,7.2,86
8097a7a2,RIDER_087,10,4,1,3,High,1.4,88
5f991768,RIDER_054,4,23,0,3,Medium,2.7,92
61191229,RIDER_150,2,24,1,4,High,-2.7,72
52b3f5f4,RIDER_016,3,10,0,7,Medium,2.0,98
2cdcfeca,RIDER_028,3,18,1,4,Medium,-0.4,58
a411915e,RIDER_046,7,23,1,6,Low,1.2,76
96cee727,RIDER_072,8,16,1,7,Medium,-3.3,77
c4b6303e,RIDER_085,6,12,0,5,Medium,7.3,100
40c95d61,RIDER_026,4,19,0,5,Low,6.3,94
8feb34e2,RIDER_085,6,24,1,1,Medium,7.2,87
0a0239f9,RIDER_065,1,22,1,9,Medium,2.2,61
85856ef2,RIDER_134,10,3,0,4,Low,0.8,89
52de5ab3,RIDER_115,8,8,1,0,Low,3.2,62
b6bfec9b,RIDER_064,1,19,0,8,Low,3.5,100
28966d3c,RIDER_087,5,9,1,6,Medium,8.0,66
583e0de0,RIDER_107,2,19,1,1,Medium,2.7,54
7d1fbdc4,RIDER_096,6,17,1,5,Medium,2.5,77
ad2c8655,RIDER_077,9,13,0,9,Low,5.2,100
358cfc2a,RIDER_146,5,2,0,8,Medium,-5.4,100
c109e99d,RIDER_087,4,4,1,4,Medium,8.0,57
f21c1e48,RIDER_149,2,11,1,2,Medium,5.0,51
52d6dace,RIDER_057,3,2,1,10,Low,3.9,35
6e581dab,RIDER_103,6,4,1,9,Medium,4.6,61
c39b2ad0,RIDER_091,8,4,1,10,High,5.7,89
7d68effb,RIDER_045,8,20,0,3,Low,12.6,100
effd98d2,RIDER_088,5,1,1,2,Medium,0.6,53
e4411921,RIDER_115,5,11,1,0,Medium,6.6,66
4c563eb2,RIDER_047,10,23,1,9,Low,3.8,93
9f679098,RIDER_135,3,2,1,10,Medium,-1.0,34
5166972c,RIDER_050,7,19,1,6,Low,6.7,81
ffb036f3,RIDER_084,6,8,0,7,Medium,3.5,100
d078c67c,RIDER_091,1,23,1,1,Low,3.6,55
aa3bbe22,RIDER_134,4,20,1,7,Medium,3.1,73
35522dcf,RIDER_091,6,4,1,8,Low,3.9,52
fbf73798,RIDER_137,6,16,0,6,Medium,5.6,100
f8e15520,RIDER_109,3,15,1,10,Low,0.4,50
f24fb999,RIDER_057,6,5,1,0,Medium,1.9,63
82a29f3e,RIDER_031,10,5,0,3,Low,6.4,95
8c7b96de,RIDER_021,6,15,0,6,Low,-1.7,96
eef16682,RIDER_090,9,23,1,5,Low,6.4,98
96742b8e,RIDER_040,9,17,1,10,Medium,2.2,87
c1630318,RIDER_112,2,3,0,7,Medium,6.4,90
0716d242,RIDER_045,4,18,1,5,Low,4.4,58
6eda68d9,RIDER_077,9,11,1,9,Medium,0.4,76
db46b1ea,RIDER_087,4,6,1,5,Medium,0.4,47
14cd32f2,RIDER_148,8,12,1,9,High,-0.5,81
fe74cb18,RIDER_101,10,22,0,5,Low,-2.4,100
f8f49cf0,RIDER_117,3,17,1,6,Medium,2.7,63
c0370e95,RIDER_092,3,14,1,4,Medium,3.0,56
7be75ab4,RIDER_145,9,6,0,10,Low,4.7,100
be8772f0,RIDER_028,10,10,1,8,Low,1.1,72
a4b05fb0,RIDER_025,8,16,1,6,Medium,4.6,81
3db0eff4,RIDER_058,1,18,1,0,Medium,6.7,63
b5118343,RIDER_041,10,20,1,10,Low,9.8,99
d5bc9f77,RIDER_134,2,6,1,8,Medium,-1.3,41
ce262de0,RIDER_075,3,19,1,10,Low,7.5,64
56ad7c5a,RIDER_038,2,3,1,5,Medium,3.8,40
18db2a50,RIDER_134,3,12,1,10,High,3.5,66
adafebc5,RIDER_075,8,16,1,7,Medium,0.9,73
60fa11ba,RIDER_142,6,3,1,8,Medium,7.1,56
55d12b33,RIDER_066,7,16,1,10,Medium,3.5,82
3799ae65,RIDER_003,10,4,1,10,High,-2.6,88
3960afb8,RIDER_117,10,20,1,1,Low,-4.5,89
74eb90c4,RIDER_099,6,13,0,1,Medium,2.7,69
27a0a531,RIDER_019,1,4,0,4,High,4.4,74
bea2f260,RIDER_146,3,4,1,4,Medium,-0.2,43
e5310fb7,RIDER_116,1,7,0,9,Medium,1.0,100
501ed7af,RIDER_125,10,21,0,9,High,6.6,100
3667bf37,RIDER_088,9,12,1,1,Low,1.1,70
6c030607,RIDER_035,9,2,1,9,Medium,4.4,76
0d0912a9,RIDER_001,5,16,0,3,High,0.3,98
b5f91b9b,RIDER_126,4,7,1,8,Medium,7.0,60
edd9cf67,RIDER_089,9,19,1,3,Medium,3.7,89
3bbc3e7a,RIDER_144,9,11,1,0,Medium,2.9,86
3d9929b3,RIDER_147,3,1,1,4,High,8.0,66
da1f5ef3,RIDER_025,5,9,1,1,High,-3.3,67
034defdd,RIDER_016,3,5,1,5,Low,5.0,45
826f10eb,RIDER_073,10,17,1,0,Low,-3.7,82
5a50d33e,RIDER_129,2,1,1,6,Medium,3.0,40
5f33ad0d,RIDER_042,1,17,0,6,High,2.8,99
1f3e1b05,RIDER_147,10,12,1,3,Medium,4.0,84
31a97d0e,RIDER_080,2,13,1,8,High,-4.2,58
8aa4c4d6,RIDER_104,8,24,1,2,Medium,3.6,94
d265bdf7,RIDER_146,8,11,1,4,Medium,7.5,90
6aa8305a,RIDER_034,3,13,0,4,Medium,0.2,72
11b47a4a,RIDER_089,7,13,1,7,Medium,-0.0,74
1ad53d4a,RIDER_125,7,6,1,9,Low,0.6,49
0f182eb3,RIDER_045,2,22,1,9,High,6.0,80
126c5b0c,RIDER_134,9,6,1,3,Low,-0.6,55
f4369e96,RIDER_021,3,20,1,0,High,1.1,79
ae4d704f,RIDER_122,2,21,1,10,Medium,5.8,66
bd846e5f,RIDER_070,3,10,1,4,Low,-0.7,42
03eebdb9,RIDER_096,2,19,1,0,Low,6.5,59
7bf667a2,RIDER_105,8,3,0,2,High,0.4,74
e8faddd3,RIDER_048,5,7,1,5,Low,2.0,41
b0bbb285,RIDER_039,3,5,1,0,Medium,6.0,44
fbc55bbb,RIDER_031,5,8,0,9,Low,5.9,100
0d86166a,RIDER_010,8,5,0,2,Medium,0.9,65
95f10566,RIDER_030,7,12,1,6,Low,-1.1,65
61ef1139,RIDER_018,6,4,0,1,Medium,8.2,67
eebd1fca,RIDER_088,1,19,0,5,Low,1.6,79
810341fc,RIDER_125,10,18,1,6,Medium,4.2,99
6c159485,RIDER_073,1,3,1,1,Medium,5.3,42
5346f841,RIDER_015,1,7,1,10,Medium,-0.4,34
d17bc775,RIDER_004,10,8,1,10,Low,-2.8,70
6735d8f6,RIDER_009,8,15,1,4,Low,4.8,79
dc2819d0,RIDER_109,8,21,1,9,Medium,-3.2,85
5f4d3e7d,RIDER_137,7,17,0,9,Low,-1.5,100
270c6110,RIDER_132,6,19,1,0,Medium,5.0,71
ac9db953,RIDER_016,4,4,1,2,Medium,3.9,49
db26f186,RIDER_143,1,16,1,0,Medium,3.8,56
059ff279,RIDER_099,9,13,1,2,Low,0.4,71
823d6301,RIDER_121,1,12,0,3,Medium,7.3,78
c2323073,RIDER_052,4,4,1,4,High,-1.3,61
9001ffac,RIDER_069,3,12,1,3,Medium,-5.7,45
36820223,RIDER_005,7,17,1,3,Medium,-4.6,78
5e4b4e51,RIDER_020,5,9,0,8,Low,2.7,99
f34ed3e3,RIDER_079,5,12,1,8,Low,2.0,61
981e39f2,RIDER_146,4,15,1,8,High,5.1,80
6e608c0f,RIDER_111,1,20,1,10,Medium,4.7,64
f65b68f0,RIDER_002,5,2,0,4,Low,1.9,70
bb6dc7be,RIDER_093,4,9,1,10,Low,-3.4,43
55cc9619,RIDER_013,10,14,0,4,Low,-0.1,100
131c6a17,RIDER_004,8,4,1,1,High,0.2,72
846529a1,RIDER_109,2,4,1,5,Medium,8.5,50
f621d75a,RIDER_074,8,6,1,1,High,1.6,81
6f9c3443,RIDER_095,1,24,1,9,Medium,6.1,67
19d9ab9c,RIDER_105,4,5,0,4,High,2.8,88
29cf69fb,RIDER_008,3,24,0,10,Low,1.7,100
1f52ddab,RIDER_067,5,17,0,4,Medium,0.1,92
37993e0d,RIDER_110,5,13,1,3,Medium,4.1,63
6017540e,RIDER_009,5,20,0,4,High,-2.1,100
bc1e794e,RIDER_117,4,17,1,6,Medium,1.9,59
319d46a5,RIDER_011,8,19,0,9,Medium,2.4,100
073b979a,RIDER_099,3,23,0,1,Medium,2.8,68
a1f67e65,RIDER_042,4,1,1,0,High,-1.3,52
27545a45,RIDER_141,1,21,0,3,High,0.5,86
2df77706,RIDER_120,7,17,1,6,Medium,3.3,79
db9b3f70,RIDER_141,1,22,1,0,High,2.9,68
1e7d5393,RIDER_012,2,3,1,3,Medium,7.0,50
b0f533ee,RIDER_037,7,14,1,5,High,1.2,82
91a2dfed,RIDER_074,1,12,1,5,High,-2.7,52
d1463418,RIDER_073,3,15,1,0,Low,0.1,47
556f297e,RIDER_052,6,6,1,6,Medium,-2.2,60
5f7905bf,RIDER_130,6,20,1,4,Medium,8.3,82
0c74a7d0,RIDER_056,6,22,1,5,High,5.2,96
65ea366e,RIDER_060,2,2,1,0,Medium,3.4,39
e2b50c15,RIDER_023,2,4,1,6,Low,3.6,36
7bf8aa05,RIDER_103,6,13,1,3,Medium,1.7,65
70d5256c,RIDER_040,10,13,1,2,Medium,-3.4,83
29a161da,RIDER_064,5,23,1,10,High,0.3,92
8ba67671,RIDER_085,7,22,0,3,Medium,-7.6,98
3ba9b11a,RIDER_089,7,23,1,8,Low,4.8,85
cadaf38e,RIDER_031,5,17,1,4,High,2.5,80
b75e0bd3,RIDER_020,8,6,0,4,Medium,2.3,95
a0553c52,RIDER_130,10,11,0,7,Medium,-0.9,100
e401cf31,RIDER_013,6,19,1,6,High,1.6,83
45653228,RIDER_122,5,16,1,2,Medium,4.4,67
541f41cf,RIDER_103,4,8,1,0,Medium,3.6,58
9413619d,RIDER_106,7,1,0,10,Low,-2.4,100
7cea22ab,RIDER_119,4,10,0,1,High,-0.8,62
4bdbced5,RIDER_070,5,2,1,2,Low,4.7,44
cd2e61c6,RIDER_099,5,19,1,10,Low,0.9,55
fc27df30,RIDER_082,1,14,1,0,High,9.2,67
73d388a0,RIDER_075,1,3,1,0,Medium,-1.9,30
bb6cb710,RIDER_118,3,23,1,7,Low,1.2,54
6f3186bf,RIDER_084,3,24,1,7,Low,0.5,59
de0badc2,RIDER_069,2,9,1,1,High,1.1,55
91f2c410,RIDER_059,2,23,0,7,Medium,-1.9,100
af1824d5,RIDER_126,6,8,1,10,Medium,-5.4,60
eae15b44,RIDER_111,1,11,1,1,High,4.3,59
0eeb9f69,RIDER_062,6,15,0,10,Medium,8.0,100
5dd66ee1,RIDER_144,5,6,1,4,Medium,0.1,47
53ab8162,RIDER_128,6,2,1,0,Low,3.1,55
68c525a1,RIDER_105,5,1,1,8,Medium,1.3,47
910636a3,RIDER_068,7,3,1,3,Medium,1.3,63
e4423e43,RIDER_015,1,23,1,9,Low,-0.4,42
76561e35,RIDER_035,3,18,0,10,Medium,4.8,100
684d7e61,RIDER_014,6,14,1,1,Low,3.0,61
4589bb0b,RIDER_102,1,17,1,0,High,-0.6,61
94aaeb9a,RIDER_100,7,2,1,5,Low,5.1,62
cf623ef3,RIDER_007,4,19,1,10,Medium,7.7,75
1b5b2362,RIDER_030,3,22,0,7,Medium,6.7,100
6f71e723,RIDER_049,10,9,1,3,Medium,1.4,81
cf77ee2a,RIDER_144,9,8,1,0,Medium,-1.4,64
481f64cc,RIDER_111,1,10,1,0,Low,-1.5,29
3e21f556,RIDER_072,8,9,1,5,High,0.1,73
1c3dc66b,RIDER_080,1,8,1,1,Low,0.4,33
f23edeac,RIDER_083,5,7,0,4,Medium,5.5,91
e669d721,RIDER_042,10,22,1,1,Low,-5.5,88
47a2969c,RIDER_017,8,24,0,8,Low,1.8,100
8106391f,RIDER_007,6,6,1,1,Medium,-0.1,51
ffed1a58,RIDER_010,7,2,1,4,Medium,-0.9,60
a7f8b27a,RIDER_034,8,9,1,3,High,4.1,98
acf5a187,RIDER_036,6,9,1,10,High,-0.7,75
922c4d99,RIDER_006,6,19,1,0,High,1.4,92
509509da,RIDER_146,6,9,0,9,Medium,5.5,100
a05d6ed2,RIDER_134,5,2,1,8,Low,0.9,40
68a5018b,RIDER_029,8,19,1,2,Medium,7.0,99
433b4994,RIDER_126,2,16,0,9,Medium,-1.2,100
ca64b579,RIDER_081,7,22,1,7,Low,-9.4,76
dad78f39,RIDER_075,4,14,1,3,High,4.0,75
bb69d768,RIDER_026,1,20,1,10,Medium,3.2,55
4616978f,RIDER_127,5,24,1,8,Medium,6.1,82
0bf792b5,RIDER_115,3,1,1,4,Medium,3.7,44
c4405489,RIDER_126,4,13,1,1,High,8.0,78
7134f571,RIDER_028,7,22,1,7,Low,3.2,86
52dddaac,RIDER_131,5,2,0,3,Medium,6.1,77
fc934d8e,RIDER_075,4,22,0,1,Medium,5.4,74
940d6ce6,RIDER_078,1,14,0,5,Medium,-0.3,74
b57e711b,RIDER_090,6,1,1,0,High,0.2,65
81c265d0,RIDER_021,10,15,1,7,Low,1.0,70
32311440,RIDER_054,6,18,1,8,High,10.6,98
8b3e9908,RIDER_103,7,9,1,6,Medium,-0.3,68
3d8d5bfb,RIDER_059,1,22,1,8,Medium,3.7,54
6626ad10,RIDER_072,4,8,1,1,Medium,2.4,55
d7fe0bf0,RIDER_020,9,7,1,10,Medium,2.9,78
3e590577,RIDER_112,10,9,1,0,Medium,2.2,80
6831d9ac,RIDER_059,6,9,1,6,Low,0.5,54
86411756,RIDER_071,2,11,0,3,Medium,-2.5,64
73298b8a,RIDER_137,4,4,0,9,Low,-1.7,92
90a54c44,RIDER_109,6,7,1,7,Medium,5.0,72
d4cb68f8,RIDER_129,4,21,1,2,Medium,3.9,73
18a80c02,RIDER_056,10,7,1,6,Medium,2.8,80
6bcee82e,RIDER_035,7,4,0,6,Low,9.2,100
27db09da,RIDER_123,3,12,1,10,Low,11.8,64
45315669,RIDER_131,6,17,1,9,High,-1.8,75
4c26761d,RIDER_104,4,20,1,8,Medium,7.6,75
5ae5e683,RIDER_007,3,3,1,10,High,-2.8,47
e0d0c5e8,RIDER_027,3,9,0,3,Low,0.3,62
75df0d62,RIDER_001,2,5,1,9,Medium,2.7,45
a970a1ae,RIDER_087,3,20,1,0,Low,5.4,59
06d28149,RIDER_041,10,16,1,6,Medium,-3.0,89
ed5122e5,RIDER_123,1,8,0,9,High,2.3,100
06bacd63,RIDER_075,3,21,1,5,Low,2.5,64
873c2730,RIDER_042,9,16,0,10,Medium,-3.8,100
4d20c485,RIDER_117,4,19,1,0,Medium,3.8,64
55dd31c7,RIDER_063,3,16,0,8,High,1.5,100
902a1247,RIDER_127,8,18,1,9,Medium,4.3,87
e50effa6,RIDER_133,1,15,1,7,High,0.1,49
69835425,RIDER_048,5,24,1,9,Medium,0.5,79
6d41a9bb,RIDER_003,1,18,1,3,Medium,11.1,67
b253bc76,RIDER_116,7,14,1,4,Medium,-1.1,64
8458604d,RIDER_099,5,24,1,7,Low,1.3,68
ae81992e,RIDER_116,2,16,1,1,Medium,-0.0,61
078bc9b9,RIDER_014,1,5,1,5,Medium,2.5,35
2abd4647,RIDER_112,7,8,1,9,Low,3.2,55
8e3b7e1a,RIDER_061,1,16,1,1,Medium,6.9,54
95fb088c,RIDER_095,3,21,0,10,Medium,-0.2,100
50c02634,RIDER_017,6,1,1,7,Low,1.0,45
a4d54ef1,RIDER_124,6,11,0,4,High,3.0,100
35131db4,RIDER_024,7,11,1,9,High,-5.2,82
83e6720f,RIDER_116,1,2,0,2,Low,6.7,32
4ae6e6e8,RIDER_082,7,22,0,1,High,-11.0,90
300ae083,RIDER_050,2,19,1,3,High,4.9,68
18ccd15e,RIDER_079,6,24,1,7,Low,15.9,95
97f0aa0c,RIDER_079,8,5,1,0,Low,4.4,63
cc2c1a49,RIDER_070,5,3,1,9,Medium,4.8,50
cd018b2f,RIDER_027,10,23,0,2,High,2.4,100
e4937f5e,RIDER_015,3,8,1,0,High,-1.3,51
b5e489e4,RIDER_050,8,4,1,1,Low,5.2,59
684eddd0,RIDER_036,8,13,1,9,Low,-3.6,65
169986e4,RIDER_008,4,22,0,10,Medium,-2.7,100
f25cf0f3,RIDER_079,8,14,1,6,Low,0.2,63
58ca8f2d,RIDER_131,5,1,1,0,Low,4.1,46
06e6ee60,RIDER_047,5,5,1,8,Medium,-2.9,53
850b14ea,RIDER_105,3,21,1,7,Medium,4.7,71
e2cacfc7,RIDER_098,7,7,1,0,Medium,3.8,75
e469f8b4,RIDER_096,9,23,1,9,High,2.3,100
5569460b,RIDER_116,9,6,1,0,Low,-4.7,58
36807424,RIDER_013,1,15,0,1,Medium,5.7,51
f9ef3ecb,RIDER_001,1,15,1,1,Medium,1.0,48
90925f1a,RIDER_034,10,8,1,5,Medium,1.7,81
8795597e,RIDER_079,5,2,1,0,Medium,0.0,44
f242555e,RIDER_078,1,14,1,3,High,-4.2,59
029889f2,RIDER_121,4,16,1,6,Medium,-1.9,55
d44a6f58,RIDER_093,1,23,1,8,Medium,5.8,57
9f96e2f5,RIDER_098,2,10,0,9,Low,8.4,100
21c14393,RIDER_082,2,15,0,2,Low,4.2,45
f550a651,RIDER_038,4,23,1,3,Medium,5.0,73
9fc3fb58,RIDER_014,8,4,0,4,High,8.6,100
b51a7149,RIDER_136,2,12,1,4,Medium,8.5,59
94721ff9,RIDER_091,9,10,1,1,Medium,4.4,80
59fe3e4a,RIDER_054,9,2,1,4,Medium,-0.4,65
ce331092,RIDER_130,2,4,0,9,Low,-5.9,90
1605bbd1,RIDER_101,1,20,1,0,Medium,2.3,52
b817ecf3,RIDER_089,10,6,0,6,Low,2.7,100
b7c9a4e7,RIDER_056,10,14,0,4,Medium,12.5,100
58da70d7,RIDER_094,9,23,1,5,Medium,4.7,93
980bdb00,RIDER_093,2,3,1,8,Medium,2.8,44
16cea568,RIDER_084,8,15,1,2,High,-1.6,85
bdd8f38a,RIDER_085,3,1,1,0,Low,2.4,30
8bdaddea,RIDER_022,1,19,0,7,Low,7.0,92
7ba384df,RIDER_035,1,1,1,1,Medium,1.2,28
e5fec19d,RIDER_016,10,13,0,1,High,-3.1,96
a75fb6ca,RIDER_050,2,8,1,9,Medium,-1.4,44
1996245e,RIDER_122,7,18,1,3,High,-3.4,91
347836dd,RIDER_128,6,22,1,4,Medium,-0.8,67
63274153,RIDER_113,2,3,1,0,Medium,-2.6,28
b224d18e,RIDER_017,4,23,1,10,High,4.2,87
d8724b68,RIDER_080,2,18,0,2,Medium,4.7,62
c2061298,RIDER_130,1,20,1,10,Medium,8.0,67
70446815,RIDER_132,3,9,1,7,Medium,1.8,51
d415cb9f,RIDER_085,4,6,1,5,Medium,1.7,45
afc0499f,RIDER_094,10,20,0,2,Low,3.4,85
22b229f1,RIDER_134,5,2,1,6,Medium,-0.3,48
5dc7574f,RIDER_081,5,4,0,10,Medium,-2.5,100
4c72c4be,RIDER_069,7,18,1,5,Medium,-1.6,72
8abe5697,RIDER_069,10,7,1,4,Low,4.4,74
371e843e,RIDER_148,8,11,0,7,Medium,5.7,100
567bd40c,RIDER_016,9,5,1,7,Low,11.6,78
250eb419,RIDER_051,7,8,0,2,High,-2.1,77
515fd997,RIDER_105,5,11,1,7,Low,-2.3,44
08ce14c8,RIDER_066,9,24,1,9,Medium,-5.6,92
cb9ec944,RIDER_009,8,20,0,8,Medium,2.6,100
e9aa37ee,RIDER_107,10,20,0,9,Medium,4.2,100
26af3d6a,RIDER_100,9,15,1,2,Medium,-0.5,83
3c5466a8,RIDER_086,10,24,1,10,Medium,-4.1,98
192a85d3,RIDER_064,8,3,1,7,Low,10.0,65
e71043df,RIDER_022,6,7,1,7,High,3.5,71
01978aa9,RIDER_110,4,24,1,6,Low,-2.9,67
ef2985bb,RIDER_097,9,8,1,7,High,0.6,88
0e1aca63,RIDER_018,9,11,1,0,Medium,11.2,92
3e380a21,RIDER_071,10,10,0,2,Low,5.8,85
0c0e6630,RIDER_127,10,20,1,5,Medium,0.7,92
1cea239e,RIDER_097,9,9,0,6,Medium,-1.8,100
12f2093d,RIDER_001,10,15,1,6,Medium,7.4,96
c1b89f28,RIDER_132,3,20,1,10,Low,-3.7,62
c63a0e4c,RIDER_004,3,24,0,5,High,4.0,100
57a36d72,RIDER_125,6,22,0,10,Medium,3.9,100
f24c2436,RIDER_082,6,5,1,3,Medium,6.4,65
1cdd6bb0,RIDER_027,6,15,0,4,Medium,4.2,100
1007ea83,RIDER_059,5,4,1,8,Low,4.5,49
fb5f5bbb,RIDER_032,5,5,1,0,Low,3.4,46
16da7562,RIDER_028,2,15,1,1,Low,3.2,47
83440a9f,RIDER_106,7,17,0,4,High,9.5,100
aac41f84,RIDER_105,4,23,1,4,Low,2.1,60
a48e0797,RIDER_070,3,8,1,6,Medium,5.5,54
14426be1,RIDER_062,8,19,1,7,Low,0.4,70
9f66ec13,RIDER_034,4,9,1,9,Low,-2.1,45
ae44edca,RIDER_087,4,10,0,5,Low,0.1,73
2cd2d188,RIDER_114,8,5,0,5,High,1.0,100
0c8ad1f3,RIDER_106,1,10,0,4,Low,-2.2,62
32347e03,RIDER_056,9,22,1,4,Low,-4.0,84
6c415cd4,RIDER_113,7,1,0,10,Low,6.8,100
cd089191,RIDER_013,2,22,1,7,Medium,-0.4,53
c819d68b,RIDER_018,6,24,1,4,High,0.9,92
9ece159f,RIDER_113,8,4,0,5,High,-0.3,100
309af5f6,RIDER_039,5,21,1,2,Low,-7.3,62
e6c81a33,RIDER_079,6,5,0,4,Low,8.6,87
7502d43d,RIDER_146,10,23,0,8,Medium,-1.7,100
d616051d,RIDER_030,8,7,1,2,Medium,6.0,73
9ee17476,RIDER_098,6,23,1,7,High,-2.0,91
08d7ddfd,RIDER_058,9,5,1,10,Low,2.9,71
ab0a4bfd,RIDER_067,9,20,0,6,Medium,5.8,100
4a871fb0,RIDER_071,9,8,1,3,Low,-2.7,64
f10d0f64,RIDER_146,6,17,1,4,High,0.4,87
ba3e3b6a,RIDER_106,9,1,1,7,Low,-0.5,55
0a42a0fc,RIDER_007,3,22,1,9,Low,0.2,60
85e8d022,RIDER_040,5,18,0,6,Medium,5.1,100
0f117ea6,RIDER_070,2,12,1,9,Low,7.6,38
9e8974c2,RIDER_068,8,3,0,9,Low,0.6,100
9019f7e7,RIDER_049,4,20,1,1,Low,3.1,59
3d7322f8,RIDER_052,6,14,1,7,High,-3.2,81
12a91ea6,RIDER_114,6,16,1,7,Medium,11.9,80
2d0ef90c,RIDER_107,5,18,0,8,Medium,4.0,100
adb2ef2a,RIDER_029,1,10,1,1,High,5.4,58
a60d36b4,RIDER_149,7,23,1,3,High,0.1,92
b4573779,RIDER_078,10,15,1,1,Medium,6.3,99
08221708,RIDER_009,8,10,1,3,Medium,2.6,86
eaf2fa2a,RIDER_076,1,1,1,2,High,5.9,50
cc6b0697,RIDER_042,10,19,0,6,Low,-1.7,100
e306e604,RIDER_128,7,2,1,4,Medium,2.7,66
f64137d7,RIDER_020,4,13,1,6,Low,-6.1,58
91617a34,RIDER_072,6,16,0,1,Low,4.5,71
3c16e498,RIDER_065,9,8,1,3,Low,4.2,74
10817760,RIDER_113,5,3,1,5,Medium,-5.4,48
a63eb649,RIDER_024,8,21,1,4,High,-2.5,92
a00352cc,RIDER_128,5,19,1,10,Medium,-1.3,72
359e779d,RIDER_083,2,14,1,1,Medium,4.0,52
7cb6d775,RIDER_063,4,11,1,6,Medium,-9.3,46
17d133bc,RIDER_060,2,12,1,1,Medium,9.8,67
d19bccfd,RIDER_099,7,11,1,8,Medium,-1.0,66
8a4a3fb9,RIDER_062,7,11,1,6,Medium,14.0,90
42e1150a,RIDER_030,3,22,0,2,Low,2.0,53
5e1fb440,RIDER_022,7,21,0,5,Medium,-7.4,100
e8b1e276,RIDER_126,1,18,0,4,Low,-4.3,66
8b420fba,RIDER_042,1,10,1,8,Medium,2.1,43
88dbbafa,RIDER_098,9,16,1,2,High,-3.5,97
a3ad1c31,RIDER_031,6,8,0,1,Low,-2.0,51
8634d5da,RIDER_112,5,6,1,1,Low,-7.9,41
6f00c10f,RIDER_146,6,19,1,3,High,0.2,85
2e00f365,RIDER_122,6,13,1,0,High,7.9,87
25b7fed7,RIDER_017,1,15,1,8,Medium,-0.9,34
67cdc721,RIDER_038,5,13,0,2,Low,4.1,59
041eba4a,RIDER_142,9,1,0,4,Medium,-2.3,94
fb3056d1,RIDER_110,4,21,0,1,Medium,6.1,68
79353763,RIDER_022,3,2,0,7,High,-0.0,98
68de6041,RIDER_056,1,13,1,10,Low,3.0,42
6c4e8d64,RIDER_119,2,2,0,10,Medium,-1.2,100
f90636f4,RIDER_147,3,11,1,2,High,0.6,63
f4ad8b99,RIDER_057,4,13,0,4,Medium,-3.3,81
d60bec58,RIDER_035,7,10,1,6,Low,8.4,71
48c337cd,RIDER_114,6,23,0,1,High,2.2,92
2613b1a2,RIDER_125,8,22,0,2,Medium,-1.2,80
5f2d4866,RIDER_129,9,15,1,7,Low,0.9,73
12556e1e,RIDER_052,6,1,1,9,Medium,3.7,58
c67023c4,RIDER_085,7,14,1,7,High,4.7,90
aaa1975c,RIDER_065,4,10,1,2,Low,-0.3,43
ff6d3c35,RIDER_129,2,18,1,9,Low,4.8,53
53d5c90d,RIDER_021,9,11,0,6,Low,1.9,100
84b7027c,RIDER_016,9,7,1,10,High,-1.3,84
f6ecba39,RIDER_123,4,15,1,1,Low,0.4,53
83cc746e,RIDER_061,3,3,0,8,Low,-0.5,84
641ca4a1,RIDER_054,10,2,1,7,Low,9.5,72
f16119f9,RIDER_026,6,22,1,8,High,2.5,95
8e74437b,RIDER_080,3,8,0,8,Low,5.0,94
cb41188a,RIDER_065,1,8,0,6,Medium,6.8,86
59a3adc2,RIDER_100,4,11,1,3,Low,2.4,55
4cb281ce,RIDER_074,1,16,1,4,Medium,5.8,48
993b2cd9,RIDER_017,2,2,1,6,Medium,2.1,34
55555280,RIDER_121,3,22,1,4,Low,1.6,57
05db7576,RIDER_023,8,5,1,9,Low,0.7,56
99d546f5,RIDER_135,10,7,0,7,Low,0.2,100
b0a43441,RIDER_071,4,20,0,4,Medium,4.1,97
b7a3dfdb,RIDER_108,4,13,1,4,Medium,-2.3,47
e5de08f2,RIDER_079,10,2,1,4,Low,-2.7,71
906c693f,RIDER_046,9,3,1,3,Medium,5.6,79
24c524a0,RIDER_078,7,9,1,10,Low,6.7,63
bcc97d9b,RIDER_016,2,10,1,10,Medium,8.8,55
e0f32247,RIDER_071,3,24,0,6,Low,0.4,90
f9de821b,RIDER_096,4,13,1,1,Low,-4.9,54
16e5e2fa,RIDER_147,4,21,1,9,Low,-5.6,58
73b8dc85,RIDER_002,10,13,1,3,Medium,7.3,89
c607f740,RIDER_010,8,5,1,10,Low,5.5,63
58ccee6a,RIDER_125,10,23,1,2,High,3.8,100
f17eea03,RIDER_081,10,7,1,9,High,4.5,97
0884ec39,RIDER_140,6,17,1,7,High,4.7,91
6d4b694c,RIDER_070,3,15,1,6,High,9.6,81
372b64ed,RIDER_150,9,5,0,2,High,-2.4,72
b11610ce,RIDER_032,10,24,1,3,Low,-1.5,98
73cd79a6,RIDER_105,8,7,1,3,Medium,3.9,71
eca41b89,RIDER_084,9,2,1,9,Medium,5.1,74
0b2e19da,RIDER_129,5,24,1,6,Medium,-2.8,80
be1ad18a,RIDER_058,3,18,1,7,High,5.3,78
e0aa4221,RIDER_146,4,10,1,3,Medium,0.2,59
e0f65397,RIDER_134,5,1,1,7,Medium,4.1,57
dab9fb4e,RIDER_045,9,14,1,0,Medium,-3.2,86
4815f7b2,RIDER_097,9,19,1,8,High,-5.7,100
e51b17b0,RIDER_023,3,16,0,6,Medium,4.3,99
973534e0,RIDER_023,7,19,0,3,Medium,10.0,100
0b86101b,RIDER_135,6,6,1,7,Low,2.2,59
f059001f,RIDER_079,4,12,1,9,High,9.3,80
a2d0aad1,RIDER_044,5,3,1,1,High,-3.5,64
f9e0663d,RIDER_027,10,7,1,7,High,-1.5,85
ad37cc81,RIDER_026,2,24,1,9,Medium,4.0,65
159ac78e,RIDER_097,7,3,1,5,Medium,4.2,65
260b4a76,RIDER_036,4,17,0,6,Medium,-0.0,98
9b8b43bd,RIDER_109,2,15,1,6,High,4.3,65
f9b1efc2,RIDER_055,6,19,1,1,Low,-0.1,63
2dd6ffea,RIDER_069,2,19,1,10,Medium,2.5,61
b937e685,RIDER_061,10,23,1,1,Medium,3.4,98
1763719e,RIDER_130,2,11,0,3,Medium,9.4,78
969bcd50,RIDER_055,7,21,1,5,Medium,-1.5,86
0507a391,RIDER_122,1,20,1,3,Medium,4.4,60
818df28c,RIDER_097,7,2,0,5,Low,5.4,94
63ec1c21,RIDER_080,10,7,0,4,Low,11.2,100
9dac6577,RIDER_087,5,19,0,5,Medium,8.1,100
1ee1f858,RIDER_038,1,7,0,8,High,4.7,100
c6767cf9,RIDER_119,6,10,1,5,Low,-5.8,48
c9d5e444,RIDER_078,7,12,1,5,Low,3.9,70
df49d5a2,RIDER_035,1,23,1,10,Medium,6.4,69
fe860ab0,RIDER_079,9,18,1,10,Medium,-2.4,79
1f7791a2,RIDER_067,7,23,1,7,Low,-1.5,71
35231e11,RIDER_087,1,6,0,4,Medium,9.3,75
a1d4eb5c,RIDER_034,3,20,1,4,Medium,7.0,72
a49e0470,RIDER_097,5,21,0,9,Low,-4.1,100
91b26c33,RIDER_071,4,8,1,10,High,2.1,61
f1201426,RIDER_003,2,5,1,0,Medium,2.0,38
86bfc068,RIDER_058,1,3,1,5,Medium,8.3,49
7ba32e7e,RIDER_032,4,2,1,0,Medium,8.7,59
76b41bce,RIDER_031,7,22,1,10,Medium,3.2,88
a78e6b57,RIDER_082,4,6,1,7,High,-2.0,60
3a4074c5,RIDER_043,9,7,1,9,Medium,0.3,72
649eb952,RIDER_135,8,8,0,8,Low,-5.2,100
a9943a8d,RIDER_105,8,4,1,5,Low,-4.2,59
0a3c0163,RIDER_001,5,12,1,8,Low,12.8,71
0a4e8cab,RIDER_061,1,24,1,1,Medium,0.8,52
15e564c4,RIDER_014,9,12,1,8,Medium,0.8,73
5f6f0a2c,RIDER_006,2,17,0,3,Medium,1.5,77
cdbc8f2f,RIDER_103,6,22,0,2,High,2.5,93
7796afa2,RIDER_010,10,22,1,0,Medium,3.7,98
9e917383,RIDER_071,5,19,1,0,Medium,-1.7,62
5f611089,RIDER_090,10,9,1,7,Low,8.1,88
3f216620,RIDER_149,8,12,0,1,Medium,-0.6,70
33e2fdee,RIDER_126,3,21,1,0,Medium,-4.8,60
3d2c68ef,RIDER_097,6,17,0,1,Medium,-3.5,69
8b592d1c,RIDER_074,6,23,0,2,Medium,2.0,75
9f836813,RIDER_115,10,10,1,3,Low,5.7,75
3f85c11d,RIDER_051,3,19,1,10,Low,5.2,59
29d3a38b,RIDER_056,7,11,0,8,High,7.1,100
cca8a137,RIDER_041,4,20,0,6,High,-3.0,100
20ff927d,RIDER_032,5,22,0,4,High,7.3,100
acaa5bf0,RIDER_015,9,24,1,4,High,4.0,100
65adf5a0,RIDER_062,6,13,1,5,Low,0.7,61
44647580,RIDER_028,10,4,1,0,Medium,-1.0,77
08d76be6,RIDER_064,4,15,1,5,High,-1.7,70
c1387439,RIDER_130,8,12,1,10,High,4.1,92
012f452c,RIDER_127,9,24,0,5,Low,2.3,100
016c774b,RIDER_036,10,10,1,10,Medium,-5.3,80
e1afb9fd,RIDER_114,5,22,1,4,Low,0.8,63
f113893a,RIDER_013,2,7,1,9,Medium,0.3,43
006461de,RIDER_015,6,24,0,8,Medium,6.7,100
7dd33edd,RIDER_089,8,2,1,9,Medium,3.4,68
1a446b20,RIDER_022,5,21,0,9,Medium,0.3,100
664e806c,RIDER_074,1,7,1,4,Medium,-1.2,42
b8a3ed96,RIDER_025,8,8,1,8,Low,3.1,70
c9161904,RIDER_101,9,21,0,9,Medium,-0.5,100
3975a87e,RIDER_117,1,19,1,6,High,-3.8,61
38009197,RIDER_041,8,6,1,2,Low,3.4,62
b8339cbe,RIDER_088,10,21,1,10,Medium,1.7,96
36f0ddc9,RIDER_110,2,8,0,8,Medium,1.3,87
201cf601,RIDER_120,4,22,1,9,Medium,2.3,72
d98df14a,RIDER_097,2,20,1,6,High,4.2,68
d7ca257d,RIDER_145,2,4,0,3,Medium,-3.2,54
720e4ff7,RIDER_057,10,20,1,8,High,-1.3,100
dcbd38cc,RIDER_130,3,24,1,5,High,7.9,96
31c6714f,RIDER_096,8,9,1,8,Low,6.5,70
2650ee3d,RIDER_121,4,5,1,3,Medium,10.1,63
4625332d,RIDER_062,7,6,1,9,Low,5.2,56
f88826ec,RIDER_137,10,19,0,1,Medium,4.8,96
0c1966c2,RIDER_068,3,12,0,8,Medium,1.7,100
f249cad8,RIDER_081,10,5,1,9,High,-4.0,86
0b98e18e,RIDER_017,3,5,0,3,Low,4.7,56
59891e50,RIDER_117,2,18,1,10,Low,1.7,52
2059ca3e,RIDER_050,6,6,1,1,Low,-4.8,46
0c6d4025,RIDER_112,6,9,0,6,Medium,4.3,100
46f0a7d0,RIDER_094,1,11,1,6,High,6.5,59
d187b323,RIDER_085,7,23,1,4,Medium,-1.2,77
09c42665,RIDER_149,4,14,1,4,Low,0.5,44
a73f57f4,RIDER_146,3,24,1,7,Low,3.5,53
65e40f3b,RIDER_074,8,2,1,5,Low,-1.6,52
29764b36,RIDER_109,2,14,1,0,Medium,1.4,54
4fa889c2,RIDER_145,9,19,0,10,Low,2.9,100
957d9398,RIDER_018,8,10,1,3,High,5.2,85
87fd2e9f,RIDER_042,8,5,1,0,Low,2.0,56
a2ce7486,RIDER_101,3,23,1,4,High,4.1,81
2ec8ae40,RIDER_045,4,4,1,4,Medium,1.2,44
b27e041e,RIDER_082,2,7,1,3,High,2.6,60
1d461fc8,RIDER_017,2,24,1,8,High,3.4,83
5f96a926,RIDER_073,4,13,1,7,High,-7.9,67
6eb4dabe,RIDER_014,6,10,1,9,High,-0.7,67
b9f87579,RIDER_132,5,10,0,2,Low,6.5,55
5917ea37,RIDER_082,1,4,1,4,Low,-6.1,23
2ae08ea4,RIDER_148,10,16,0,5,Medium,3.6,100
389f0dd7,RIDER_120,1,15,0,4,High,7.5,94
aa9013cc,RIDER_120,6,21,0,7,Low,6.5,100
0438b487,RIDER_047,3,11,0,4,High,5.3,94
e2257ac0,RIDER_107,3,19,1,7,Medium,8.9,72
0bcaf4c8,RIDER_108,7,21,1,9,Low,6.9,78
79a49468,RIDER_009,1,24,1,9,Low,0.5,46
b63390e8,RIDER_079,1,3,0,2,Low,4.9,30
b66d1b57,RIDER_015,10,15,1,4,Low,-3.5,75
b1c8d7c5,RIDER_019,3,16,1,3,Medium,5.9,64
563ac73e,RIDER_090,8,14,0,10,Low,1.7,100
54356039,RIDER_026,1,5,1,5,Medium,6.3,36
2d15ac68,RIDER_092,10,17,1,2,Medium,3.1,92
75363556,RIDER_082,4,18,1,9,High,6.0,88
bb8e3b49,RIDER_131,9,19,0,3,Medium,2.6,100
324141c9,RIDER_042,4,1,0,10,Medium,1.0,100
d228076e,RIDER_019,10,9,0,3,High,3.2,100
f23f2a8a,RIDER_017,8,21,0,4,Low,-4.1,94
a1739d98,RIDER_076,7,14,1,10,Low,1.6,70
855c8eb8,RIDER_063,3,20,0,5,High,0.2,99
8abb12c0,RIDER_131,7,21,1,1,Low,-3.5,73
91485645,RIDER_107,7,20,0,9,Low,-0.8,100
9c0e553c,RIDER_049,10,21,1,7,Medium,-3.2,94
474cb098,RIDER_055,3,23,1,3,Medium,-4.2,66
b1cc6ac5,RIDER_099,2,11,0,6,Medium,-0.3,87
e327bf43,RIDER_052,9,24,1,6,Low,4.0,100
df0ec933,RIDER_100,1,2,1,9,Medium,-4.0,27
9c778cee,RIDER_117,7,20,0,10,High,1.8,100
f2d62036,RIDER_118,4,24,1,10,Medium,2.8,68
ab0fd9b1,RIDER_007,2,23,1,1,Medium,1.6,57
266c6e6f,RIDER_046,2,5,1,6,Low,5.4,39
9cc4e137,RIDER_046,8,22,1,0,Medium,14.4,100
71b61efb,RIDER_100,7,24,0,1,Low,8.6,90
5dc21759,RIDER_144,7,15,1,4,Medium,-0.6,70
9e6e8f09,RIDER_054,5,12,1,7,Medium,-1.9,58
f05d7fbf,RIDER_062,10,14,1,6,Medium,0.1,81
7e9412ec,RIDER_129,8,11,1,2,High,4.1,91
e6ade039,RIDER_049,2,21,1,9,Low,2.2,54
50eedbe7,RIDER_025,2,9,1,8,Medium,2.2,50
1174e55d,RIDER_010,5,20,0,4,Medium,2.4,93
115c0f48,RIDER_118,1,8,0,2,Medium,2.3,55
7eb5d787,RIDER_144,6,12,0,6,Low,3.1,95
9f89f77c,RIDER_092,4,3,1,3,Low,5.8,41
91dc4142,RIDER_134,6,21,1,0,High,3.4,91
cdad8b6c,RIDER_144,7,15,1,4,Medium,-2.4,72
152f8c39,RIDER_148,3,8,1,10,Medium,5.7,57
d8545660,RIDER_080,8,7,0,7,High,6.4,100
003321bc,RIDER_071,7,17,1,3,Low,1.4,71
c037f3c7,RIDER_078,1,12,1,6,High,3.2,64
3f3136a0,RIDER_043,6,20,1,7,Low,0.1,70
06e4b63c,RIDER_090,7,18,1,8,Medium,-1.1,70
7cea2242,RIDER_078,4,18,1,10,Medium,-0.6,61
3bdbe4d4,RIDER_026,2,15,1,8,Medium,-0.3,47
242047ca,RIDER_121,10,23,1,4,Low,7.8,98
4c48ce0c,RIDER_045,9,3,1,5,Medium,1.7,74
089f1697,RIDER_063,7,19,1,6,Low,-1.3,72
f8f838c9,RIDER_068,1,15,0,9,Low,1.0,97
bdb516ae,RIDER_002,8,16,0,1,Low,4.7,82
b9a5f423,RIDER_142,3,22,0,8,Medium,7.8,100
706c26dc,RIDER_108,4,22,1,0,Medium,4.2,68
f7cec99b,RIDER_030,5,17,1,5,Low,1.9,57
d7a374a8,RIDER_049,1,1,0,5,Low,8.9,68
6f9f8682,RIDER_140,6,11,1,6,Low,1.1,56
bddacbc3,RIDER_044,10,6,1,1,Medium,0.9,79
4a0c2473,RIDER_013,6,23,1,5,Medium,-2.6,75
6074b2b2,RIDER_078,2,9,1,5,Medium,-0.4,46
8fed30df,RIDER_126,10,20,1,8,High,-2.6,100
6243da8f,RIDER_098,6,16,0,7,Medium,-3.2,100
a7d68430,RIDER_026,8,6,1,4,High,1.7,82
eb6ee980,RIDER_149,6,12,1,6,Medium,0.0,63
513aa7e6,RIDER_048,4,19,1,6,Medium,6.8,80
e2d02789,RIDER_066,4,13,1,4,Medium,3.2,60
3a5ebddd,RIDER_087,9,13,1,6,Low,4.8,87
945e2305,RIDER_079,6,4,1,2,Medium,3.9,53
6f45900d,RIDER_023,8,9,1,6,High,-2.3,77
c372c5dd,RIDER_081,8,14,0,5,Low,1.2,100
972e41af,RIDER_048,7,14,1,5,Medium,3.7,70
03cfe93e,RIDER_124,3,17,1,1,Medium,-5.0,54
0bcce70f,RIDER_130,10,5,1,1,Medium,-5.1,77
6ec87b3e,RIDER_084,1,23,1,6,Medium,2.7,58
1c7156cc,RIDER_020,5,19,1,0,Low,1.0,64
0454396a,RIDER_046,10,2,1,8,Medium,-11.9,76
b6ea9654,RIDER_131,10,13,0,2,Medium,-5.2,85
d7abd82e,RIDER_012,2,11,1,5,Medium,-1.9,41
667b44e6,RIDER_040,10,2,0,2,Medium,4.0,75
71677d85,RIDER_066,2,1,1,8,Medium,0.0,32
f37b6b55,RIDER_100,7,21,0,9,Medium,6.6,100
5499e313,RIDER_078,3,3,1,6,Low,-0.9,30
8150415d,RIDER_016,8,12,1,0,Low,-0.2,65
0412fa89,RIDER_083,9,7,0,3,Medium,11.3,100
7c3a3561,RIDER_044,8,1,1,4,Medium,5.4,58
b767df13,RIDER_134,6,9,1,6,Low,6.2,64
f821ada1,RIDER_100,5,18,1,6,Low,-1.0,56
67587191,RIDER_022,3,24,0,4,Medium,1.0,85
0d13efc4,RIDER_018,3,20,1,0,Low,2.1,48
5a195b75,RIDER_012,7,6,0,4,High,1.1,100
0413d489,RIDER_123,5,9,0,4,High,2.7,97
82cf82af,RIDER_117,6,23,1,3,Medium,2.6,87
b2773ca8,RIDER_051,6,8,1,5,Medium,1.2,67
81b8ba98,RIDER_071,9,23,1,7,Medium,1.0,87
242559e3,RIDER_048,1,18,0,9,Low,7.5,100
10fca77d,RIDER_019,8,15,1,4,Medium,-1.5,82
9c2b88ed,RIDER_006,10,1,0,7,Medium,0.2,100
203e936b,RIDER_084,5,14,1,4,Medium,-3.7,69
87fa34a8,RIDER_053,6,18,0,2,High,-1.7,83
0c4ac226,RIDER_107,6,19,1,7,High,0.1,86
1db63173,RIDER_101,1,19,0,3,Low,2.4,65
4fc0612c,RIDER_048,3,10,1,2,Medium,5.3,57
d36b3079,RIDER_135,6,20,1,2,Medium,5.4,85
3eb4820e,RIDER_069,9,21,1,5,High,7.4,100
3f059461,RIDER_011,6,6,1,7,Low,-2.0,49
adce57ec,RIDER_143,6,17,1,9,Medium,-1.4,70
8f5a5d69,RIDER_131,1,14,0,4,Medium,-2.4,71
3b6ceef0,RIDER_122,9,13,1,0,Medium,9.1,97
ec47f909,RIDER_069,4,8,1,0,Low,4.2,48
f246d97c,RIDER_023,2,22,1,2,High,5.5,80
22987bf0,RIDER_037,1,10,1,5,Medium,-2.6,46
e62233f3,RIDER_009,3,9,0,1,Medium,2.0,53
999f803a,RIDER_015,3,5,1,0,Low,4.2,41
10dc7acd,RIDER_131,5,23,0,6,Medium,-3.7,100
f18d6d04,RIDER_093,1,4,1,1,High,0.0,49
c2470f10,RIDER_017,7,6,1,7,Low,3.7,54
76d17aa3,RIDER_149,1,6,1,1,High,-6.7,48
a2a5f4a2,RIDER_072,4,13,1,10,Medium,7.9,69
871518ef,RIDER_149,6,4,1,0,High,4.7,75
e47ffc00,RIDER_121,1,22,1,9,Medium,-2.6,57
3c21efa3,RIDER_011,7,8,1,1,Medium,1.8,64
dd339cad,RIDER_072,10,5,0,1,Medium,3.9,76
e77cb80a,RIDER_106,7,2,0,6,Low,2.5,86
60888571,RIDER_125,3,9,1,0,Medium,1.8,50
0b8f7bed,RIDER_035,4,11,0,2,Medium,1.5,60
6d89b384,RIDER_119,6,20,1,4,Low,5.1,70
49bdb9bc,RIDER_014,7,20,0,6,High,5.3,100
7de1be2b,RIDER_014,4,11,1,5,Medium,4.8,58
8f47368c,RIDER_010,10,7,1,7,High,4.8,97
37b15502,RIDER_140,9,14,1,0,Medium,3.9,86
b03de791,RIDER_038,9,6,1,6,Medium,4.4,79
e874c42a,RIDER_108,9,4,1,8,Low,8.7,76
aec25669,RIDER_119,10,6,0,6,Medium,1.5,100
62ddad5a,RIDER_034,6,3,1,5,Medium,-4.8,50
2d1f5608,RIDER_010,2,23,0,8,High,7.0,100
62ded40c,RIDER_122,2,6,1,3,Medium,3.8,44
e4865ac5,RIDER_145,4,3,1,9,Medium,4.1,53
5bbe008e,RIDER_145,9,1,0,5,Medium,-1.5,97
38a6f445,RIDER_115,3,21,0,5,Medium,-4.6,96
8cd6091c,RIDER_001,6,18,1,9,Low,3.1,66
d7323d59,RIDER_012,2,23,1,2,Medium,1.0,58
9b33ffd7,RIDER_103,1,23,1,6,High,1.9,71
e7cf85f5,RIDER_004,5,4,1,0,High,-0.1,66
8e3beaf4,RIDER_141,8,6,1,10,Medium,2.2,74
e2731aa0,RIDER_098,10,17,1,7,High,-0.7,98
6c585ea9,RIDER_106,10,18,1,7,High,8.0,100
d2d3b086,RIDER_085,2,6,1,7,Medium,1.2,42
1e3f3c1a,RIDER_121,10,2,0,8,Medium,5.4,100
75979db1,RIDER_132,9,12,1,3,Medium,3.9,84
81bfa076,RIDER_082,8,12,1,5,Low,7.2,76
9360b012,RIDER_019,3,4,0,10,Medium,2.7,100
fb40383e,RIDER_130,1,16,0,6,Medium,5.7,87
98fb72c7,RIDER_012,4,20,1,1,Low,4.9,58
913a03aa,RIDER_081,8,10,0,5,High,8.2,100
fddc0742,RIDER_074,3,10,0,7,Low,4.8,96
d8eccd45,RIDER_098,10,7,1,3,Low,-1.1,70
e7e0cbcf,RIDER_006,2,14,1,4,Medium,1.3,51
c7cf71b7,RIDER_136,7,7,0,7,Medium,-2.9,100
c2f82afe,RIDER_125,4,12,1,2,Low,0.8,46
cdd51e4c,RIDER_051,6,11,1,5,Low,-3.5,56
ddb11bed,RIDER_011,5,17,1,0,Low,5.0,63
f29d3372,RIDER_127,2,11,1,3,Medium,-5.2,43
20c4fab8,RIDER_140,10,21,1,5,Low,-2.3,91
0c864690,RIDER_073,2,3,1,2,Medium,3.3,39
9cf6b31c,RIDER_002,9,19,1,0,Low,5.2,87
258de2af,RIDER_008,10,22,1,5,Low,-6.0,86
d5f6664a,RIDER_139,2,4,1,2,Medium,3.5,41
8135b3a4,RIDER_124,8,8,0,7,Medium,4.6,100
db45c67f,RIDER_053,8,14,0,6,Medium,-4.7,100
621e1ea5,RIDER_010,1,20,1,10,Low,-5.2,39
92c9df24,RIDER_112,1,24,0,6,Low,2.0,89
eafb2aaf,RIDER_008,4,14,1,7,High,3.9,74
822b1f8b,RIDER_036,2,16,1,6,Medium,0.1,54
08774baa,RIDER_106,1,15,1,4,High,2.8,65
bf3fa9de,RIDER_014,9,12,1,9,Medium,2.0,76
4565b1e9,RIDER_086,3,16,1,7,Medium,10.0,66
4f7bc63f,RIDER_149,1,20,1,7,High,-7.0,62
f0d53d5b,RIDER_050,2,19,1,10,High,0.1,65
756063b2,RIDER_020,8,5,1,7,Medium,0.4,65
29b19c29,RIDER_087,5,12,0,9,Low,-4.8,100
78f09e94,RIDER_135,7,5,0,5,Medium,3.4,99
6ae22aa9,RIDER_137,6,10,0,1,Medium,-0.3,64
07f61129,RIDER_129,1,17,1,7,High,-1.6,58
5950e7d2,RIDER_038,6,15,1,9,Medium,-3.0,65
6db9ac83,RIDER_044,7,8,1,0,Low,2.4,57
1275f654,RIDER_086,4,8,1,8,Medium,3.9,55
580a50d7,RIDER_044,8,8,0,8,Low,1.3,100
c9c422a2,RIDER_074,8,10,1,5,Medium,5.6,79
15e6686a,RIDER_119,7,20,1,9,Medium,3.5,81
20c788dd,RIDER_122,2,13,1,5,Low,9.2,53
aca4e4fe,RIDER_134,6,16,1,5,High,-2.4,79
09edcab6,RIDER_145,6,9,1,10,Medium,-3.7,55
972c9a66,RIDER_051,7,16,1,3,High,4.4,94
84b1a16e,RIDER_038,6,10,1,0,Medium,0.9,63
bfeb335a,RIDER_051,2,3,1,0,High,-3.4,47
9dccb156,RIDER_010,8,23,1,0,Medium,-2.0,87
ee7ec21b,RIDER_120,4,22,0,4,High,5.0,100
f34d22a0,RIDER_149,9,14,0,6,Medium,5.8,100
be12eff5,RIDER_070,8,13,1,0,Low,5.1,82
a5247236,RIDER_085,3,4,1,0,Low,2.4,41
b796f03e,RIDER_057,3,4,1,10,High,1.1,52
fb74a723,RIDER_126,8,6,1,5,Medium,1.3,61
f132fe21,RIDER_039,2,24,1,10,Low,3.0,61
2c0ff5c7,RIDER_033,9,19,1,1,Medium,2.7,92
5fb2341d,RIDER_018,4,11,1,1,Low,-1.9,48
e54d35e8,RIDER_057,6,8,0,6,High,6.1,100
519e1e98,RIDER_096,3,14,0,8,Medium,2.2,100
158b98fe,RIDER_048,3,8,1,7,Low,-6.9,38
0bcfbaf5,RIDER_042,3,14,1,1,Low,-3.0,46
92885ffb,RIDER_027,10,23,0,6,Medium,0.3,100
a8d3a82d,RIDER_074,2,7,1,4,High,2.8,59
6886fc85,RIDER_110,8,21,1,10,Medium,2.0,88
5e1295fa,RIDER_032,9,18,1,9,Medium,-0.8,74
d4a891b0,RIDER_026,8,12,0,3,Medium,6.9,100
00cc275e,RIDER_025,10,14,1,9,Medium,5.0,92
17a49e3e,RIDER_075,3,15,1,3,High,1.9,64
672c7310,RIDER_023,7,18,1,3,Medium,-4.3,78
6c5d0767,RIDER_057,10,12,0,8,Low,0.8,100
a2ccd3fa,RIDER_126,2,10,0,6,Low,0.5,83
4dfc8fe4,RIDER_087,4,12,1,6,Medium,-4.7,55
460cc3d5,RIDER_031,6,8,0,3,Medium,4.1,83
116c58e6,RIDER_064,5,6,1,8,Medium,2.8,61
8a8ad4e7,RIDER_033,9,24,1,7,Medium,-1.9,89
f0191389,RIDER_002,10,19,0,9,Medium,3.0,100
026dcba6,RIDER_018,4,1,1,3,Medium,5.9,46
46b26965,RIDER_084,5,13,1,5,Medium,4.0,71
473b6216,RIDER_035,4,22,1,3,Medium,-0.3,65
0e5b35e8,RIDER_114,8,16,1,0,High,11.6,100
5526cf8a,RIDER_146,8,18,0,4,Medium,3.7,100
c0a46af5,RIDER_110,3,12,0,9,Low,-0.5,100
806e511e,RIDER_088,1,5,1,10,Low,8.5,37
542ca110,RIDER_072,6,21,0,2,Low,-5.2,68
95965218,RIDER_125,2,13,1,0,Medium,-2.7,51
1f226d68,RIDER_030,2,8,1,1,Medium,0.0,39
136b244e,RIDER_053,3,6,0,1,Medium,5.9,54
0f999454,RIDER_138,8,3,1,7,Medium,-0.6,67
1293ed44,RIDER_087,3,20,1,3,Low,1.5,51
a9ac768a,RIDER_139,7,4,1,2,Medium,-1.7,56
27faf7c4,RIDER_013,10,12,1,3,Low,4.8,78
bc8c05e3,RIDER_040,10,13,1,9,Low,3.9,80
f02c0e96,RIDER_089,9,2,1,0,Medium,-3.8,60
46018e63,RIDER_068,8,19,1,0,Low,1.8,76
156e9777,RIDER_042,1,4,1,4,Medium,3.0,43
c5b78788,RIDER_147,7,23,0,6,Medium,1.2,100
1ff48c37,RIDER_094,7,13,1,8,Medium,1.7,81
d988b4dc,RIDER_019,8,19,1,6,Low,-0.8,67
06e99cb0,RIDER_023,10,8,0,10,Low,5.3,100
4897b77f,RIDER_054,5,8,0,4,Medium,-1.1,74
240d25fa,RIDER_065,10,16,1,2,High,5.8,97
02a942ab,RIDER_140,9,11,1,7,High,2.0,92
0a951ff9,RIDER_024,9,18,0,6,High,0.0,100
ce343a49,RIDER_034,8,4,1,3,Medium,1.8,57
b208dd90,RIDER_053,6,24,1,0,Low,2.3,72
04206641,RIDER_136,6,1,1,2,Low,0.6,44
6425279c,RIDER_018,1,1,1,10,Medium,0.5,30
9207fad1,RIDER_057,6,14,1,7,Low,-2.0,58
657fc9e1,RIDER_112,4,4,1,1,Medium,7.8,59
22c1cac1,RIDER_005,4,11,0,8,Medium,-1.2,100
ac5131e0,RIDER_013,2,18,0,3,Low,-2.9,61
d0a67ff9,RIDER_083,4,16,0,6,Medium,3.7,100
36c87003,RIDER_029,5,17,0,9,Medium,-5.5,100
1e88bacb,RIDER_003,5,24,0,6,Medium,2.1,100
d0e699b9,RIDER_090,5,2,0,7,Medium,-2.5,94
1267ff73,RIDER_104,4,4,0,6,Low,3.8,78
9afdef5d,RIDER_123,1,3,1,10,Medium,1.2,28
c2631367,RIDER_076,10,15,1,3,High,-1.5,98
81e14169,RIDER_130,8,2,1,6,Medium,1.3,64
9bed7f66,RIDER_108,3,24,0,4,Medium,3.8,95
6538ea4a,RIDER_082,2,19,0,9,Medium,0.2,100
ec44e184,RIDER_077,9,9,0,6,High,0.5,100
7596101e,RIDER_002,7,10,1,2,Low,5.7,71
9be5ecd8,RIDER_127,9,21,0,9,High,3.7,100
c62c5f37,RIDER_135,2,19,0,10,Medium,0.1,100
a4902b69,RIDER_026,9,5,1,6,Medium,2.3,72
87955dc4,RIDER_088,10,14,0,6,High,0.7,100
f5deb699,RIDER_016,9,10,1,1,Medium,6.1,81
5b41b7df,RIDER_073,9,16,1,7,Low,-4.8,71
43d56c32,RIDER_032,10,6,0,6,Medium,4.2,100
1fb9faa3,RIDER_015,10,8,1,8,High,3.9,91
e50692a5,RIDER_141,4,2,1,3,Medium,-0.9,43
996147ec,RIDER_005,10,18,1,8,High,-1.6,100
182391eb,RIDER_074,3,21,1,0,Medium,6.6,79
0e800464,RIDER_052,6,21,1,4,High,1.2,91
2dcbdb09,RIDER_077,3,21,1,9,Medium,7.7,74
89f66fa3,RIDER_110,9,20,0,6,Medium,-2.1,100
5fabce11,RIDER_143,3,8,1,3,Medium,1.7,47
21fae7d2,RIDER_106,2,5,1,6,Low,-0.3,24
cdddc3fc,RIDER_127,8,17,0,8,Medium,0.3,100
7a40f832,RIDER_007,6,16,0,4,Medium,3.4,95
2587fcfe,RIDER_040,8,5,0,4,Low,-1.0,76
e13269c7,RIDER_099,7,17,1,1,Medium,1.3,76
ced3e33b,RIDER_143,3,4,1,4,Medium,-1.0,34
0f5ce919,RIDER_085,8,1,1,7,Medium,4.4,68
e234f370,RIDER_065,10,22,1,3,Medium,9.7,100
c41efe76,RIDER_132,1,6,0,1,Medium,7.2,51
9cf9471f,RIDER_011,1,1,1,7,Medium,-1.9,29
1d65ca98,RIDER_108,10,24,0,3,Low,0.1,100
b4ef9e77,RIDER_026,8,4,1,4,Medium,1.8,61
16a68d4e,RIDER_085,9,2,1,6,Low,-6.2,63
0020a957,RIDER_123,10,13,1,10,Low,1.8,74
d030f0e2,RIDER_144,6,14,0,4,Medium,3.9,95
d501b851,RIDER_068,5,17,1,9,Low,1.9,59
43d0ff4e,RIDER_104,2,11,1,3,Low,1.6,39
2854f15e,RIDER_080,9,3,1,6,Medium,-0.6,73
1f287f10,RIDER_053,6,7,1,3,Medium,0.6,59
eddc81d6,RIDER_106,8,10,1,9,Medium,0.1,71
e0768d80,RIDER_044,9,11,1,3,Medium,-2.2,76
da32f7a3,RIDER_140,9,10,1,1,Low,5.7,76
549abdaa,RIDER_090,8,8,0,4,Medium,8.3,100
af7495ec,RIDER_101,10,5,1,7,Medium,-0.5,71
03e6406e,RIDER_097,8,23,1,3,High,-2.1,96
d3a42770,RIDER_009,3,2,1,10,Medium,-1.0,42
2da3d0af,RIDER_012,3,15,1,1,Medium,-1.9,52
a63d1980,RIDER_069,2,16,1,8,Medium,0.1,48
a778638b,RIDER_028,1,4,0,5,Medium,3.1,74
65282d81,RIDER_056,4,22,1,2,Medium,6.8,76
0e94aaec,RIDER_099,2,16,1,9,Medium,-4.4,50
03ed2fd6,RIDER_110,2,12,1,10,Low,5.8,45
f01e0cb3,RIDER_077,5,14,1,4,Medium,2.0,63
a2e9bae8,RIDER_103,4,12,1,5,Low,-6.5,46
4ec14c39,RIDER_106,1,21,0,8,High,-3.0,100
df88fe5f,RIDER_109,9,16,1,4,High,4.0,100
96dfcc90,RIDER_112,4,16,1,8,Medium,-1.4,56
8a7c74cb,RIDER_058,5,22,1,0,Low,0.4,72
9cda09c4,RIDER_078,7,12,1,9,Low,1.5,60
084a85af,RIDER_075,2,2,1,3,Medium,6.7,47
12bfafa4,RIDER_042,8,23,1,0,Medium,-3.1,80
081fc0c3,RIDER_068,2,24,0,1,Low,4.6,57
1048ef38,RIDER_033,10,14,0,1,High,7.1,100
3462aaeb,RIDER_071,5,11,1,9,Medium,-1.9,55
ee70fd88,RIDER_056,2,9,1,10,Low,5.1,44
6998925c,RIDER_105,2,22,1,4,Low,-0.1,52
a8e2fe0b,RIDER_101,4,7,1,0,Medium,-0.8,46
b2c891b8,RIDER_051,4,12,1,9,Low,0.7,41
f957c858,RIDER_074,8,17,0,2,Medium,2.9,86
c7d49a6d,RIDER_121,6,9,1,10,Medium,-1.0,61
161bae03,RIDER_143,10,6,1,5,High,5.7,93
d0835834,RIDER_143,8,12,1,0,Medium,0.3,71
a2457a8b,RIDER_005,7,20,0,10,Medium,-6.1,100
68c0c1bb,RIDER_083,10,10,1,0,High,1.7,97
ab58d68c,RIDER_051,4,9,0,2,Medium,-3.1,50
7130cac5,RIDER_010,2,12,1,8,Medium,1.0,53
76921589,RIDER_140,9,1,1,1,Low,3.5,71
8da7156b,RIDER_004,2,2,1,5,Medium,-0.6,37
ac0c0f60,RIDER_095,1,19,0,2,Medium,-4.9,59
702dac28,RIDER_146,8,1,1,5,Medium,-2.0,63
a69baf68,RIDER_080,10,16,1,10,Low,7.2,88
d79a52fa,RIDER_036,9,16,1,10,Medium,2.8,93
cb261f02,RIDER_025,1,18,1,6,High,5.4,68
04cf749f,RIDER_098,7,18,1,6,High,8.7,100
3e782795,RIDER_101,2,23,1,1,Low,10.2,64
9be0fedb,RIDER_009,6,13,1,2,Medium,2.8,73
a2629408,RIDER_061,5,22,1,3,Low,0.9,65
f241137c,RIDER_053,1,12,1,7,Low,-0.5,29
9ff9b90a,RIDER_146,2,9,0,4,Medium,2.4,68
cb82539f,RIDER_063,2,5,1,0,Medium,3.8,34
009dee83,RIDER_121,10,9,0,8,Low,4.8,100
17fe893d,RIDER_105,10,13,1,0,Low,-2.1,77
f0dc9b67,RIDER_004,6,16,1,1,Medium,-2.0,60
1bf457ec,RIDER_093,1,10,1,6,Medium,1.0,28
a7b25e55,RIDER_028,4,16,0,10,Medium,2.0,100
47e4f05a,RIDER_080,10,14,1,2,Medium,8.5,97
bc21b933,RIDER_076,5,2,1,5,Medium,-7.4,43
f16039ab,RIDER_116,2,19,1,7,High,-0.4,67
49169fa8,RIDER_069,2,11,1,4,Medium,5.4,50
b4ddda17,RIDER_098,7,19,1,0,Medium,-2.0,71
e2d36986,RIDER_001,7,11,1,9,Medium,1.9,73
a695e0f4,RIDER_096,6,14,1,2,Low,5.8,68
8c72f35b,RIDER_017,1,15,1,10,Medium,4.6,50
c66dcd59,RIDER_112,3,7,0,1,High,4.7,56
1c38930d,RIDER_091,9,15,1,5,Medium,1.2,81
457ead6e,RIDER_088,10,24,1,4,Medium,2.5,96
992ef1c2,RIDER_090,1,23,0,6,Medium,2.7,95
71f3f91b,RIDER_049,2,8,1,1,Medium,-0.1,38
d7e024ee,RIDER_038,8,4,1,5,High,5.3,82
de991d57,RIDER_150,7,18,1,10,Low,-3.2,66
2abc8905,RIDER_132,9,14,1,4,High,-0.7,95
1a981a95,RIDER_059,10,21,1,5,Medium,5.4,98
971b6cad,RIDER_068,4,18,0,4,Low,-5.9,80
13ff1ebe,RIDER_130,4,4,1,6,Medium,2.6,45
91a8e99e,RIDER_049,7,2,1,4,Medium,6.4,63
eae5bbc0,RIDER_126,1,21,0,6,Low,-1.1,81
0b0fe754,RIDER_111,10,6,1,0,Medium,3.7,84
a46940e8,RIDER_048,9,11,1,8,Low,2.5,70
47c7ccfc,RIDER_051,2,1,0,5,Medium,4.6,71
284079ba,RIDER_043,1,15,1,8,Medium,2.1,46
0110c605,RIDER_098,7,12,1,0,Medium,6.6,78
b38d5259,RIDER_124,6,24,0,1,High,3.5,95
1727dc59,RIDER_080,3,18,1,6,Medium,5.5,64
8a17c067,RIDER_111,1,5,1,3,High,5.2,45
4a7f9f76,RIDER_143,5,11,1,9,Medium,7.4,67
d0af646f,RIDER_027,10,24,1,0,Medium,-1.9,97
71e7a4f9,RIDER_113,4,21,1,4,Medium,-3.0,68
79ed57a9,RIDER_086,5,19,0,3,Medium,6.2,90
c1e3997a,RIDER_114,1,22,1,5,Low,2.7,44
b64b08c3,RIDER_124,1,1,1,6,Medium,9.5,40
7105553f,RIDER_049,5,17,0,10,Medium,-6.8,100
b0bd39b7,RIDER_076,6,8,1,2,Medium,1.7,53
fab17e9b,RIDER_055,5,23,1,5,Low,1.9,67
abd878b5,RIDER_056,2,16,1,1,Low,5.6,55
38814a0c,RIDER_095,9,11,1,9,Low,9.8,80
3a93812f,RIDER_044,5,19,1,3,High,2.0,82
7e1cb2ce,RIDER_087,5,24,0,9,Low,3.7,100
f0368d01,RIDER_084,10,11,1,8,High,-5.1,92
31cc9f73,RIDER_016,9,15,0,6,High,3.1,100
cf32e0bd,RIDER_149,3,8,1,1,Medium,3.2,48
8ae71395,RIDER_145,5,14,1,5,Medium,-0.3,61
2e6ca79e,RIDER_037,5,1,1,3,High,3.2,66
faa3b58e,RIDER_077,2,10,1,7,Low,3.0,40
1c806214,RIDER_147,4,7,0,7,Low,8.5,100
7bf340a6,RIDER_045,2,18,1,0,High,-1.0,64
20d218f7,RIDER_146,5,12,1,7,Low,-1.5,51
3e2cfa21,RIDER_062,10,2,1,9,Low,-1.4,67
3d49c252,RIDER_100,2,18,0,6,Low,0.3,81
8c70e794,RIDER_052,10,21,1,0,Medium,-4.4,95
a92bb4e8,RIDER_019,9,7,0,2,Medium,1.0,74
5b8015c3,RIDER_109,10,20,1,4,Low,2.1,84
65411765,RIDER_044,6,12,1,2,Medium,8.0,71
045f307e,RIDER_007,8,20,1,2,Medium,1.5,85
a6d5d703,RIDER_117,9,14,1,0,High,7.1,100
d7d31467,RIDER_068,8,10,0,7,Low,5.3,100
5e3f85e6,RIDER_034,5,9,1,8,Low,2.6,52
f851fc29,RIDER_069,5,23,0,4,Medium,1.4,94
41b9310c,RIDER_055,6,15,1,0,High,4.1,86
66fc23cf,RIDER_010,1,20,1,0,Medium,4.6,63
4742ec88,RIDER_042,8,24,1,8,Low,-0.1,79
b1eaf71d,RIDER_041,2,10,1,0,Low,4.3,43
d6e12555,RIDER_122,6,19,1,8,Medium,1.6,67
09b0d641,RIDER_138,9,19,1,2,Medium,4.2,96
b5382bf9,RIDER_010,3,12,1,2,Medium,8.6,60
b103f04e,RIDER_102,2,23,1,3,Medium,0.6,55
321d7107,RIDER_128,10,12,1,4,Medium,-5.9,79
21afd0ff,RIDER_149,5,9,1,5,Medium,1.8,59
245c305f,RIDER_136,9,20,1,5,Medium,-2.3,84
b9898ab8,RIDER_092,6,4,1,9,Medium,3.1,61
801a721b,RIDER_113,8,1,0,8,Low,-2.0,98
9c1dc477,RIDER_078,8,16,1,0,Medium,1.6,80
bd935e50,RIDER_085,7,1,1,8,Medium,8.5,64
ff3a94f3,RIDER_030,5,13,1,3,Medium,9.3,73
5049791f,RIDER_049,2,3,1,6,Low,3.4,37
e9e35190,RIDER_009,10,12,1,5,Medium,-1.6,83
5a31f635,RIDER_145,10,23,1,8,Low,5.5,96
c9f0c2c8,RIDER_069,5,9,1,1,Low,0.1,44
13e9e793,RIDER_058,7,4,1,10,High,-4.0,69
76f6af72,RIDER_062,7,2,1,1,Medium,9.8,68
311ad04c,RIDER_052,2,22,1,6,Medium,2.0,52
1e42749f,RIDER_040,7,22,1,8,High,4.2,100
f344c2c6,RIDER_063,6,9,0,4,Medium,0.7,82
a92f663f,RIDER_147,7,20,0,6,Medium,4.1,100
54544688,RIDER_050,8,24,1,10,Low,-1.3,80
dde7dcc7,RIDER_141,4,13,0,7,Low,1.5,93
898c4bcb,RIDER_078,1,14,1,7,Medium,5.7,48
83507214,RIDER_097,8,3,1,3,Medium,1.3,66
d048a2ed,RIDER_043,8,18,1,9,Medium,-1.4,74
e4ba0d01,RIDER_036,3,9,1,6,Low,5.7,44
370ee0d3,RIDER_122,3,15,1,0,Medium,0.6,55
49668595,RIDER_108,5,22,1,3,Low,0.5,63
8948970b,RIDER_010,3,24,0,4,High,-2.5,100
da00d204,RIDER_095,5,10,1,9,Medium,8.2,74
4ec3ed55,RIDER_006,8,17,1,6,High,6.3,100
32519ceb,RIDER_057,1,13,1,5,Low,1.0,39
c3431d55,RIDER_129,2,1,0,3,Low,-1.5,41
01400fae,RIDER_071,2,11,1,2,Medium,4.7,58
c347bca8,RIDER_021,4,5,1,10,High,3.6,61
5e0dc832,RIDER_092,9,9,1,5,Medium,0.4,75
c9d41d80,RIDER_127,2,7,0,9,High,1.6,100
af5c4715,RIDER_080,9,7,0,4,Low,4.4,93
0d38b55b,RIDER_056,7,2,1,2,Medium,2.9,56
770b91b9,RIDER_116,10,19,0,3,Medium,3.5,100
ff181956,RIDER_148,8,20,1,1,Medium,3.0,85
5050c028,RIDER_025,1,18,1,8,Medium,4.9,50
220e89d2,RIDER_005,5,10,1,6,Medium,-0.2,54
ec376eb5,RIDER_120,9,5,1,9,Medium,2.6,75
af9c838a,RIDER_021,4,16,1,2,Low,-0.9,48
eee223f1,RIDER_018,2,23,0,7,Low,-0.6,99
159bbc03,RIDER_057,6,5,1,7,Medium,9.6,71
9a3addd1,RIDER_093,2,15,1,10,Medium,-3.7,50
a1161eec,RIDER_019,3,22,1,0,Medium,4.7,78
7eeb6cfa,RIDER_128,8,16,0,4,Medium,12.9,100
c7204e45,RIDER_097,3,4,1,4,Medium,9.1,56
214823c7,RIDER_131,2,14,1,2,Medium,4.3,54
baadb4af,RIDER_021,6,24,1,1,Low,9.6,84
0db61d32,RIDER_040,3,17,1,0,Medium,3.6,51
6dda2ee8,RIDER_067,1,17,1,3,High,0.8,57
9640e16c,RIDER_127,3,21,1,10,High,2.1,74
840400a0,RIDER_055,6,16,0,9,High,5.6,100
5fac73a6,RIDER_109,3,9,0,1,Low,10.3,48
8ce08250,RIDER_098,9,2,1,4,Low,6.3,66
00e344f3,RIDER_112,7,11,1,10,Medium,1.6,66
276258a3,RIDER_115,5,15,1,9,Medium,-0.6,58
66de50ef,RIDER_117,2,3,0,1,Low,-5.8,19
0eb168f6,RIDER_087,9,24,1,0,Medium,1.5,88
2d747fae,RIDER_081,5,16,1,9,Medium,-2.1,62
ea04d7d1,RIDER_066,7,21,1,9,High,5.7,100
32fd1393,RIDER_019,9,19,1,9,High,1.0,98
3228ed9c,RIDER_135,4,22,1,9,Low,5.9,67
21af301e,RIDER_118,9,6,0,8,Low,12.0,100
3675a2da,RIDER_042,1,14,0,1,Medium,1.5,42
c47b87f2,RIDER_042,6,5,1,9,Low,2.7,46
79c46698,RIDER_059,2,5,1,3,Low,3.5,36
de40c753,RIDER_020,8,6,1,2,High,0.9,78
2c1310b3,RIDER_073,5,18,1,0,Medium,2.5,72
60602f0b,RIDER_017,3,22,1,7,Medium,0.6,60
744d18cb,RIDER_027,2,18,1,1,High,7.4,79
5ca51eda,RIDER_002,8,19,1,10,Low,1.1,71
992d2d83,RIDER_063,7,2,1,7,Medium,-3.0,56
a968a9a9,RIDER_062,9,17,1,0,Medium,-2.7,85
773222ec,RIDER_100,8,1,0,5,High,-1.4,100
805f7d25,RIDER_019,4,9,0,3,Low,0.2,57
3c3b53a5,RIDER_017,2,13,0,2,Medium,5.5,52
298699c7,RIDER_069,2,4,1,0,High,5.2,55
9ac202ce,RIDER_117,2,5,1,9,Medium,5.6,44
5db1df1e,RIDER_081,6,23,1,10,Medium,2.1,85
0fb86982,RIDER_039,7,18,1,0,High,6.0,93
75b433af,RIDER_036,6,10,0,10,Low,1.0,100
f5ddc32e,RIDER_132,2,4,1,6,Low,-5.3,32
0ab75e0a,RIDER_029,4,13,0,5,Low,5.8,88
dab65fe1,RIDER_051,3,13,1,2,Medium,-0.7,44
02e08d37,RIDER_014,4,17,1,1,Medium,1.1,59
bc42bd0e,RIDER_069,5,8,1,9,Medium,0.5,58
0d36b2bd,RIDER_146,7,4,0,2,Medium,4.1,64
697e3ace,RIDER_057,9,23,1,7,High,2.6,100
9874566c,RIDER_012,2,3,1,10,Medium,1.1,36
e022f3c5,RIDER_017,8,11,1,6,High,8.4,91
072ebe6b,RIDER_030,3,12,1,6,High,1.6,65
e0efd936,RIDER_088,9,9,1,4,Medium,1.1,83
7fe91a53,RIDER_099,10,15,1,9,Low,5.2,82
0730f0ad,RIDER_023,4,13,1,2,Low,6.7,64
f490c628,RIDER_129,3,5,1,0,Medium,5.6,60
215d1b23,RIDER_079,10,5,1,0,Medium,-0.4,70
c9ec63bb,RIDER_032,6,19,0,5,Low,3.5,95
7ffecb5b,RIDER_009,10,11,1,3,Medium,2.3,80
26c12654,RIDER_015,9,9,1,6,Medium,1.2,71
f45525dc,RIDER_027,7,3,1,9,Medium,-1.7,55
1d54536a,RIDER_109,4,18,0,9,Medium,2.9,100
e0fe1c73,RIDER_076,3,13,1,9,Medium,6.4,53
36f99765,RIDER_148,10,12,1,0,Medium,8.5,94
b4c82cfb,RIDER_065,4,9,1,5,Medium,6.6,63
28b98b8b,RIDER_109,3,10,1,6,Medium,0.2,48
f763c5be,RIDER_129,3,13,1,0,Medium,-1.7,54
d5364891,RIDER_010,9,20,0,1,Low,-4.0,81
72c2c050,RIDER_047,4,20,1,8,Medium,6.2,80
ce7683fd,RIDER_123,9,13,1,8,Medium,5.3,83
54921f5f,RIDER_059,10,22,1,5,Low,-0.2,95
3bd95cd3,RIDER_096,5,9,0,10,Medium,-1.0,100
632e463f,RIDER_103,7,24,1,3,Low,7.1,81
81878a67,RIDER_124,5,10,1,6,Low,5.9,57
decee8fb,RIDER_086,1,19,0,4,Medium,7.2,87
48919b57,RIDER_146,2,6,0,2,Low,4.2,38
2418352a,RIDER_112,5,7,1,3,Low,4.6,57
b141ddd3,RIDER_027,6,15,1,1,Medium,-6.2,76
f7ad2bdd,RIDER_018,7,22,1,5,Medium,0.5,82
a49e3fbe,RIDER_082,2,19,0,2,Medium,10.1,77
7f66e1ef,RIDER_072,10,14,1,6,Low,-0.3,81
005535f7,RIDER_054,9,16,1,3,Low,2.9,70
f0a123e0,RIDER_071,6,14,1,7,Medium,8.2,81
83ce0924,RIDER_146,2,20,1,10,Medium,5.5,55
c7bb9744,RIDER_038,2,2,1,0,Medium,-1.9,38
29c7b766,RIDER_137,3,9,0,8,Medium,-2.7,100
df8c00bf,RIDER_035,1,3,1,2,Medium,8.4,47
13c8f308,RIDER_082,9,6,0,2,High,5.0,84
f89bfb80,RIDER_133,10,5,1,4,Low,3.4,73
36f29d03,RIDER_142,4,14,0,9,Low,4.0,100
23c68f0d,RIDER_004,5,15,1,0,Medium,0.5,61
464022ae,RIDER_150,7,18,1,2,Medium,-1.6,77
81636694,RIDER_023,1,17,1,3,Low,3.8,42
278ed923,RIDER_048,3,9,1,1,Medium,-0.4,44
6f31fef3,RIDER_148,3,19,1,5,Low,-0.4,54
a1daa692,RIDER_125,2,23,1,9,Medium,0.5,59
0d3d865d,RIDER_055,8,9,1,3,Low,5.1,70
ae6b9f01,RIDER_068,5,16,1,0,High,-0.8,76
59ff8b9c,RIDER_088,1,6,0,2,Low,-1.2,28
130adb75,RIDER_001,2,8,1,6,High,-1.8,53
7811bfc2,RIDER_135,1,3,0,2,Medium,1.4,24
9f92ad70,RIDER_095,6,22,0,5,High,6.0,100
28efacdd,RIDER_140,9,5,1,10,High,1.4,81
500f38a1,RIDER_106,7,7,1,5,Low,2.0,50
73d44520,RIDER_133,5,23,1,0,Low,2.8,69
5e37d9a0,RIDER_108,3,1,1,1,Medium,0.7,35
ee5784b2,RIDER_042,8,22,1,9,Low,-1.6,73
d33e680d,RIDER_102,10,21,1,10,High,0.3,97
50c74189,RIDER_124,4,4,0,10,Low,-0.3,100
3efbcf34,RIDER_140,9,16,1,5,Medium,1.6,85
286a7161,RIDER_103,5,14,1,1,Low,0.2,54
db222af8,RIDER_146,6,1,0,1,Medium,2.9,57
f93fb1f0,RIDER_074,5,4,0,3,Medium,1.6,70
b063f0bc,RIDER_108,10,10,1,7,Medium,-0.5,83
d1e13ffe,RIDER_122,7,11,0,5,Medium,7.8,100
114bb36c,RIDER_017,7,7,1,7,High,3.9,79
1518f675,RIDER_071,1,4,1,3,Low,1.2,24
86bb9fae,RIDER_062,2,1,1,10,Medium,-0.2,40
6ddd386b,RIDER_041,7,1,1,2,Low,5.7,54
95e03505,RIDER_119,8,17,1,6,Low,-1.5,78
c66b6499,RIDER_045,4,10,1,6,Low,7.6,59
95dd3b6a,RIDER_058,6,5,1,1,High,-3.7,64
0fd5f395,RIDER_126,10,7,1,0,Medium,13.1,95
b3c926e4,RIDER_044,3,8,1,10,Medium,0.3,44
20bd0618,RIDER_015,7,2,1,7,Medium,-3.2,53
09e9ac1f,RIDER_078,3,9,0,2,Medium,-0.7,46
e8debfb4,RIDER_070,7,4,1,5,Medium,0.8,57
346c0e7d,RIDER_101,8,12,1,6,Low,-0.3,61
d7f23525,RIDER_003,3,11,1,7,Medium,3.4,54
9c6c5b68,RIDER_086,2,5,0,5,Medium,3.1,79
675b4fbf,RIDER_074,6,12,0,6,Medium,14.7,100
1e0b0266,RIDER_051,4,21,0,4,Low,2.3,88
4374444c,RIDER_067,8,4,1,2,Medium,-3.3,64
7a696fb8,RIDER_076,2,13,0,1,Medium,1.3,45
c57148ba,RIDER_093,4,22,1,6,Medium,2.6,76
095cd7c2,RIDER_145,2,1,1,7,Medium,-0.0,31
0bf47df8,RIDER_007,2,18,1,7,Medium,4.6,57
99771def,RIDER_013,2,4,0,2,Medium,5.1,49
ff24de29,RIDER_120,1,4,1,1,Low,-0.5,25
ee97d3d9,RIDER_066,4,8,1,8,High,0.6,67
b167cde2,RIDER_004,2,20,0,5,Medium,-5.6,84
bca6b7f2,RIDER_138,9,6,0,9,Low,-1.5,100
d98f66c0,RIDER_088,9,4,1,2,Medium,0.9,64
ff812287,RIDER_017,7,4,1,4,High,2.6,78
85706332,RIDER_052,6,11,1,0,Medium,1.5,68
8c7ede18,RIDER_134,3,9,0,1,High,-1.4,58
d1f124ce,RIDER_069,7,14,1,8,Low,6.4,76
3ee0eb7b,RIDER_137,1,4,1,9,Medium,6.0,35
d388dbff,RIDER_021,9,13,1,10,Low,6.4,80
387f192e,RIDER_024,4,6,1,9,Low,8.2,55
57c003a7,RIDER_004,6,13,1,2,High,-1.9,81
39092965,RIDER_003,6,3,1,7,Medium,3.7,62
90071073,RIDER_068,3,23,1,9,Low,5.7,55
68149ef0,RIDER_101,4,7,1,7,Medium,11.1,69
56b5352e,RIDER_054,10,1,0,4,High,8.0,100
0e211922,RIDER_035,3,11,1,7,Low,1.0,48
376c6cf4,RIDER_056,6,2,1,1,Low,-4.4,44
2800055c,RIDER_108,1,5,0,1,Medium,-2.8,25
da6f9314,RIDER_040,8,24,1,3,High,4.7,100
2d1f24ae,RIDER_068,8,22,1,7,Low,2.2,74
5c1e595a,RIDER_046,9,14,1,1,Medium,-0.8,81
931773fb,RIDER_078,6,13,0,3,Medium,-5.9,80
ceea7565,RIDER_141,1,16,0,7,Medium,5.5,100
6eff1ec6,RIDER_006,3,23,1,2,Low,-2.6,56
a480c75b,RIDER_017,1,15,0,7,High,7.7,100
37b5fb01,RIDER_099,5,3,1,1,Medium,-2.0,54
957bce87,RIDER_081,3,6,1,0,High,0.2,65
3e60fe7c,RIDER_002,2,9,0,5,Medium,-0.7,72
4fae3fc2,RIDER_077,3,3,1,7,Low,4.5,33
e2170ac8,RIDER_066,9,13,0,8,Low,-0.7,100
befdffb9,RIDER_052,8,13,1,9,Medium,1.2,67
54b15531,RIDER_092,3,22,1,7,High,0.6,77
43fb3dea,RIDER_022,2,7,0,1,High,-1.5,49
6bb1621b,RIDER_111,5,5,1,0,High,2.1,63
83fc6da3,RIDER_107,1,8,1,6,Low,3.1,32
aec8cd7a,RIDER_067,4,8,0,6,Medium,4.8,100
bdb7a52e,RIDER_140,8,22,0,2,Medium,4.4,90
544d0d18,RIDER_069,1,7,0,5,High,4.9,85
4cdac01d,RIDER_084,5,19,1,6,Medium,-5.1,64
13dbdd9a,RIDER_103,4,7,1,8,Medium,1.9,54
59b507c9,RIDER_039,6,23,1,0,Low,-1.6,65
256f6846,RIDER_013,7,4,1,2,Medium,2.0,60
095e2255,RIDER_041,9,10,0,4,Medium,2.6,100
b68b9e23,RIDER_057,1,13,0,2,Medium,2.8,41
b509860d,RIDER_012,10,4,0,7,High,-4.4,100
dc05560a,RIDER_013,4,19,1,9,Medium,11.6,78
a3c87811,RIDER_120,6,10,1,5,Medium,11.2,78
de05626d,RIDER_097,10,7,1,1,Medium,-0.5,77
62bcb4d3,RIDER_057,7,5,1,0,Low,-2.5,51
1110daf2,RIDER_040,7,3,0,9,Low,13.4,100
268ae5c3,RIDER_118,8,22,0,4,Low,6.4,100
690ea0e6,RIDER_080,10,22,1,10,Low,5.0,95
e03cf441,RIDER_128,8,22,0,8,Low,-2.9,100
6210837a,RIDER_035,8,2,1,9,Medium,8.4,73
27e97ea7,RIDER_003,8,11,1,8,Low,-1.5,63
7ff195ca,RIDER_120,8,10,1,0,High,1.3,88
dd6a32c9,RIDER_005,6,23,0,2,High,7.5,100
07642c8d,RIDER_011,9,13,1,5,Medium,0.4,79
4516d168,RIDER_126,3,7,1,4,High,2.9,56
9bbbd69a,RIDER_071,6,10,1,3,Medium,6.7,76
87265b59,RIDER_117,5,4,1,1,High,-2.8,58
af2b759a,RIDER_138,8,22,1,3,Medium,6.6,95
5067a008,RIDER_106,4,20,1,4,Medium,8.4,66
6ff757d8,RIDER_116,4,16,0,1,High,1.7,71
e8089b2a,RIDER_067,10,20,1,9,Medium,6.9,100
92637678,RIDER_031,10,6,1,0,Medium,-1.1,77
87dde68e,RIDER_075,5,9,1,6,Medium,-4.1,52
30032971,RIDER_071,6,13,0,6,High,-5.9,100
e6e5f948,RIDER_066,4,7,1,7,Medium,4.1,45
a47e2e9d,RIDER_070,2,18,0,9,Medium,3.8,100
cde7465a,RIDER_041,2,14,0,5,Medium,-0.3,77
2a90f5a9,RIDER_020,3,22,1,0,High,6.7,88
d11a0b92,RIDER_140,2,5,0,7,Medium,-0.6,82
8165fee0,RIDER_039,1,22,1,1,Medium,-3.0,55
23c9031d,RIDER_145,8,13,0,2,Medium,-1.8,77
1b7562f3,RIDER_045,5,24,1,7,Low,7.6,77
abdf8f69,RIDER_139,10,8,0,3,Medium,5.4,100
89f24e56,RIDER_070,1,15,0,4,Medium,1.3,69
7779ae30,RIDER_125,9,19,0,8,Medium,0.9,100
71e703bc,RIDER_091,8,9,1,10,Medium,-0.3,61
4f5a9766,RIDER_070,4,6,1,6,Medium,-7.7,50
18a4d839,RIDER_130,8,23,1,9,High,-4.4,100
ad981394,RIDER_084,10,14,1,6,Medium,1.4,85
d907df26,RIDER_089,7,23,1,0,Low,4.4,78
4cb79d06,RIDER_079,7,10,1,0,Low,0.7,63
255bfdf6,RIDER_113,1,9,0,7,Medium,-4.2,81
c3f14f2f,RIDER_093,6,17,1,9,Medium,8.5,86
70dc7b25,RIDER_072,4,13,1,0,High,-3.5,66
413fe604,RIDER_049,10,17,1,9,Low,2.1,85
3612f597,RIDER_052,10,19,0,1,Medium,2.6,89
8a3ad0f6,RIDER_033,10,13,0,3,Medium,11.4,100
67632e6a,RIDER_022,2,9,1,8,Medium,-1.8,43
0ec024c6,RIDER_114,10,1,1,6,High,2.2,92
4d9aa9f0,RIDER_133,7,1,1,6,Medium,2.7,64
d34eb5b0,RIDER_018,9,5,0,9,Low,-2.5,100
07aaa512,RIDER_118,5,8,1,6,High,3.2,77
21d5446f,RIDER_117,8,18,1,4,Low,0.3,72
614c1d4d,RIDER_037,5,4,1,0,High,0.8,66
fe3cebd0,RIDER_064,7,22,1,4,Medium,-0.9,80
57233ab1,RIDER_138,7,1,0,7,Low,6.7,100
6b45f3f7,RIDER_079,9,15,1,6,Low,1.5,73
37a95875,RIDER_123,3,20,1,6,Low,-1.2,45
b47d41f0,RIDER_044,1,4,1,1,Medium,-6.7,30
c0a36cd4,RIDER_082,2,9,1,0,Low,9.5,44
63a4bee4,RIDER_087,6,22,1,3,Medium,2.3,81
8456c5ca,RIDER_016,10,24,0,7,Low,7.2,100
8bb1baa7,RIDER_054,10,20,1,0,High,7.0,100
33633488,RIDER_102,9,10,0,1,High,3.5,87
8ffaab87,RIDER_098,3,24,0,6,Medium,5.7,100
083a8267,RIDER_002,10,15,1,4,High,7.1,100
2951406a,RIDER_094,2,3,1,5,Medium,-2.2,40
8adeec00,RIDER_141,1,2,1,7,Low,5.6,31
e452af47,RIDER_059,2,22,0,8,Low,3.1,100
886acdb4,RIDER_069,3,5,1,7,Medium,-1.6,41
1af92cb3,RIDER_119,7,24,1,0,Low,5.4,75
a599d48d,RIDER_092,2,1,1,10,High,-1.8,45
53db8a41,RIDER_045,5,11,1,3,Medium,4.2,61
014831fa,RIDER_148,2,12,1,4,Medium,3.1,47
e70481f8,RIDER_024,7,3,0,8,Medium,-0.6,100
9689674e,RIDER_091,10,23,0,5,Low,9.5,100
c06381ce,RIDER_094,8,16,1,5,Low,5.5,75
da3dc8e2,RIDER_058,8,14,1,2,Medium,-1.2,75
94e58bc0,RIDER_128,8,12,1,1,Medium,7.0,84
4c3e7f5a,RIDER_007,10,20,0,1,Medium,0.6,85
60a2211d,RIDER_047,9,16,1,6,Low,0.4,78
8ccd538e,RIDER_053,1,21,1,4,Medium,5.8,64
55221d77,RIDER_038,1,8,1,9,High,4.6,54
b5aa175a,RIDER_053,10,17,1,0,Medium,1.0,90
f168d467,RIDER_143,2,17,1,4,Medium,8.3,59
c371a4ee,RIDER_048,6,7,1,10,Low,-1.1,58
5bb04dd6,RIDER_095,1,15,1,0,Low,7.7,52
91b9f473,RIDER_147,5,9,1,8,Medium,-1.0,54
a32784ad,RIDER_137,5,4,1,7,Low,3.5,43
2a54d8b4,RIDER_064,4,8,1,3,Medium,0.6,49
2727a21e,RIDER_093,5,10,1,10,Low,5.2,54
33de13ed,RIDER_125,1,15,1,0,Medium,-6.1,47
b520578d,RIDER_039,6,23,1,10,Medium,-2.2,75
04b4e81f,RIDER_004,7,18,1,7,Low,4.3,67
a756f803,RIDER_126,8,14,1,4,High,5.5,94
7710cffb,RIDER_003,2,5,1,0,High,-0.5,47
c7728195,RIDER_064,7,9,1,1,Medium,6.3,78
3539ec37,RIDER_029,6,13,0,4,Medium,-0.8,99
dac06b18,RIDER_116,9,19,1,8,Medium,4.1,92
1408586c,RIDER_011,8,11,0,9,Medium,1.4,100
6d476974,RIDER_097,4,12,0,7,Medium,-4.0,97
7bd2e441,RIDER_102,9,3,0,10,High,9.0,100
7bd24894,RIDER_021,1,2,0,9,Medium,-0.2,87
c5f7c621,RIDER_039,6,23,1,7,Medium,-0.9,77
392c62a7,RIDER_102,8,22,1,8,Low,0.5,81
3245c719,RIDER_046,4,15,0,1,Low,0.3,53
0bdd66df,RIDER_066,2,5,1,6,Medium,2.8,41
8f88bd4b,RIDER_091,2,7,1,9,High,0.1,55
f54f93a1,RIDER_111,10,4,1,4,Medium,-0.1,79
f7203d02,RIDER_082,1,5,1,2,Medium,3.9,40
f22e59d4,RIDER_123,5,16,1,9,Low,2.0,61
439b0f90,RIDER_099,6,15,0,7,Medium,3.9,100
c1e77e92,RIDER_035,4,16,1,1,Medium,0.9,57
373ac225,RIDER_103,4,4,0,3,Medium,3.2,72
b0d8d32d,RIDER_129,5,6,1,4,Medium,-4.1,52
ee90ceb8,RIDER_025,5,18,1,4,High,6.4,93
4719eabe,RIDER_043,9,3,1,3,High,0.4,80
c5939fec,RIDER_084,8,22,1,2,Medium,1.1,85
cfee05dd,RIDER_051,9,24,1,2,High,4.2,100
8729d996,RIDER_130,3,5,0,4,Medium,3.0,79
3160524f,RIDER_126,3,2,1,9,Medium,4.5,57
633ac44a,RIDER_069,1,23,1,5,Medium,7.5,67
fcb62ded,RIDER_009,10,16,1,0,High,1.0,97
75eca992,RIDER_002,6,6,1,10,Low,1.8,46
f8f82267,RIDER_010,4,15,1,3,Medium,12.8,76
29169f2c,RIDER_114,8,18,1,9,Low,0.1,72
f8c0beaf,RIDER_076,2,6,0,9,Low,-0.7,87
f580ad1c,RIDER_085,2,13,0,5,Medium,5.2,83
f13019ab,RIDER_049,7,24,1,1,Medium,5.8,93
90b9c94e,RIDER_070,5,13,1,9,Medium,5.4,67
a615d1c4,RIDER_131,1,1,1,4,Medium,-0.6,27
09707a93,RIDER_133,7,16,0,10,Low,1.4,100
8b0e4630,RIDER_090,7,4,0,8,Medium,2.0,100
f51c16b6,RIDER_026,10,17,0,2,High,0.8,100
4c1f024b,RIDER_072,6,18,1,2,Medium,2.7,77
d94c6548,RIDER_005,4,16,1,8,Low,0.8,47
1893c80b,RIDER_015,8,1,1,2,Medium,8.1,75
6b365973,RIDER_123,2,6,0,3,Low,-2.0,53
942340ef,RIDER_144,2,11,0,8,Medium,9.0,100
979bbc05,RIDER_001,2,6,1,3,Medium,-3.0,44
b86847e3,RIDER_144,3,17,0,4,High,9.9,100
a738f802,RIDER_003,6,4,0,1,Medium,5.7,59
f6553743,RIDER_047,1,14,1,7,Medium,-0.8,40
9946f534,RIDER_095,2,14,0,8,Medium,2.0,100
4e22a11a,RIDER_013,10,20,1,9,Medium,4.8,100
99d01d92,RIDER_120,2,8,1,3,High,4.9,57
9e70457d,RIDER_055,1,22,1,2,Low,1.5,43
e9358f3a,RIDER_149,3,2,1,3,Medium,-2.1,49
86002412,RIDER_066,10,5,0,6,Low,6.2,100
65cc617c,RIDER_090,7,4,1,0,Medium,3.1,61
61a87a0f,RIDER_062,1,10,1,10,Medium,7.6,39
f9175616,RIDER_102,7,20,1,10,Medium,1.6,77
ce09b263,RIDER_139,5,24,1,1,High,2.8,87
31af924a,RIDER_008,9,21,1,9,Medium,7.7,100
51e4a12b,RIDER_097,2,3,1,4,Medium,3.0,39
d276a41d,RIDER_117,1,16,1,8,Medium,-3.2,48
e24ef381,RIDER_064,9,10,0,5,High,-3.8,100
ffde385a,RIDER_021,8,15,0,2,Medium,-4.9,82
10a4e564,RIDER_115,10,4,1,2,Low,-1.5,69
fe8d30d5,RIDER_085,6,1,0,6,Low,0.3,78
f1d959e9,RIDER_020,5,22,0,2,High,5.6,99
1db70089,RIDER_008,8,15,1,9,Medium,6.1,80
01f236e7,RIDER_058,8,10,0,2,Low,-6.4,59
83579703,RIDER_046,5,20,0,9,Medium,4.5,100
d3a4a1ab,RIDER_031,7,22,1,6,High,0.5,91
2df2a680,RIDER_093,1,18,1,8,High,3.4,62
b2b3e450,RIDER_009,4,16,0,8,Medium,9.7,100
19288583,RIDER_015,2,21,1,2,High,-1.3,72
84929cf5,RIDER_094,10,9,0,7,Medium,4.0,100
642d8eb1,RIDER_138,3,24,1,0,Medium,6.3,87
060fc89f,RIDER_029,1,19,1,7,Medium,2.3,59
be30f85b,RIDER_080,2,17,1,10,High,-0.5,69
bd630f82,RIDER_036,1,10,1,1,Medium,-0.5,35
52fc23f2,RIDER_084,8,19,0,3,Medium,0.1,100
03482873,RIDER_109,4,8,1,6,Medium,2.9,53
8ab70adc,RIDER_118,3,19,0,5,Medium,-0.7,87
39b227f6,RIDER_037,1,5,1,8,Medium,4.4,48
310d2331,RIDER_086,2,2,0,7,Medium,3.7,89
a0153b22,RIDER_071,3,15,0,1,Medium,-4.9,53
610db54a,RIDER_093,3,17,1,3,Low,6.5,60
dceba4cb,RIDER_080,6,10,1,0,High,10.8,90
74c8f3f4,RIDER_102,10,21,1,6,Medium,0.1,89
7552593c,RIDER_014,8,21,0,3,High,5.7,100
e7d12877,RIDER_117,6,22,1,7,Medium,7.4,87
8504f8f6,RIDER_073,2,2,0,1,Medium,4.9,39
3fb11f95,RIDER_091,2,9,0,7,Low,4.2,81
a06167ac,RIDER_090,7,2,1,1,Medium,-4.8,59
f2ea0a8c,RIDER_029,1,18,1,10,High,0.9,62
5e2bcd09,RIDER_049,1,12,1,7,Low,1.4,32
88f7e74d,RIDER_072,7,15,1,0,Low,7.3,80
fd593b4c,RIDER_133,9,21,1,1,High,-3.1,100
75fc299c,RIDER_042,5,20,1,4,High,9.8,89
c56d9509,RIDER_135,1,6,1,0,Medium,8.5,53
f2dad07b,RIDER_042,5,18,1,4,Medium,-2.0,61
0ff53efc,RIDER_105,1,13,0,4,Medium,-3.0,67
8094b0bb,RIDER_027,10,4,0,6,Medium,6.3,100
9fc2efa2,RIDER_058,9,12,0,1,Medium,0.8,74
2c4c1848,RIDER_046,4,9,1,1,Medium,1.0,52
98ed520d,RIDER_066,9,2,1,5,Medium,5.9,81
781d84ee,RIDER_025,2,16,1,10,Medium,-2.7,56
2ed4b33e,RIDER_073,7,1,0,9,Low,5.9,100
51e14c89,RIDER_117,2,4,1,2,Medium,-2.9,40
13c197f6,RIDER_129,4,15,1,7,Low,-3.2,55
50246ff8,RIDER_087,6,20,1,2,Medium,5.7,86
ea7a782d,RIDER_074,2,1,0,9,Low,4.8,91
975e1fe4,RIDER_125,2,20,1,3,Low,-6.7,46
4f43f9ec,RIDER_067,2,15,1,6,Medium,5.5,55
bffd8c3a,RIDER_006,3,3,1,0,Low,9.7,44
b5a3a456,RIDER_125,5,13,1,0,Medium,2.4,56
1b9303e0,RIDER_058,9,18,1,8,Low,7.1,90
726b218d,RIDER_070,6,13,0,5,Medium,1.1,100
9a23d959,RIDER_053,9,10,0,4,Low,6.3,100
86c7db98,RIDER_066,10,20,0,1,Low,-8.6,82
9633ffa0,RIDER_058,5,24,1,1,Medium,-0.5,75
b3f4660e,RIDER_082,6,7,0,6,Medium,13.4,100
b09ee83f,RIDER_087,10,8,0,5,Low,8.0,100
becc5b31,RIDER_002,8,1,1,7,Medium,0.8,64
cf0f8f75,RIDER_150,3,18,1,2,Low,1.9,52
be0ab88c,RIDER_037,2,12,0,2,Medium,-2.5,48
665bef64,RIDER_148,3,18,1,4,Medium,2.1,64
12f0ae4e,RIDER_103,9,24,0,9,Low,-4.9,100
ebe8944a,RIDER_024,6,12,1,3,High,4.2,84
e8a71c73,RIDER_112,10,20,0,7,High,-0.2,100
da14febd,RIDER_065,4,9,1,5,Medium,4.8,62
f320632c,RIDER_129,10,2,0,7,Low,-0.3,100
82f01c72,RIDER_117,3,14,1,6,Low,-0.5,48
6b89d79e,RIDER_116,2,4,0,1,High,5.7,61
49cd0c29,RIDER_105,4,15,1,8,Medium,0.3,64
e9f96e8d,RIDER_003,9,17,1,10,Low,0.5,76
a8b00edc,RIDER_046,4,19,1,5,High,8.1,90
94b7fb2d,RIDER_055,5,6,0,10,Medium,8.0,100
6f8ce411,RIDER_075,8,9,1,10,Medium,5.4,75
e8df43e0,RIDER_045,2,17,0,5,High,2.1,94
a3c2ad32,RIDER_077,3,15,0,1,High,12.0,86
2fb95d2e,RIDER_024,6,5,0,8,Low,7.6,100
ba75b946,RIDER_035,7,18,1,0,Medium,-0.6,80
8ff15b7b,RIDER_024,4,23,1,5,Medium,5.0,76
4b25c50c,RIDER_028,1,4,0,7,Low,-1.9,70
608c004b,RIDER_016,7,21,0,1,Low,3.8,77
bd28887f,RIDER_059,9,24,1,2,Medium,1.3,92
b9dacc4d,RIDER_144,1,2,1,9,High,-0.1,45
315c167b,RIDER_015,1,19,1,9,High,3.9,70
38bd70e5,RIDER_011,1,5,1,6,Medium,-1.4,33
f17c1b5d,RIDER_079,10,4,1,10,High,1.0,86
b911489e,RIDER_115,7,5,1,0,Low,3.9,57
eaeaef7a,RIDER_068,9,19,0,4,Medium,2.4,100
fd393ae2,RIDER_043,3,13,1,10,Medium,1.3,56
17934f77,RIDER_069,8,16,0,5,Medium,0.8,100
4cc052b8,RIDER_141,9,12,1,9,High,1.0,91
e14908e4,RIDER_138,3,9,1,6,Medium,8.4,58
1ceb9370,RIDER_075,3,24,1,9,Medium,6.2,74
d452b57f,RIDER_103,1,16,0,9,Medium,-4.7,100
72fd2164,RIDER_041,2,14,1,6,Medium,-2.0,52
1075a701,RIDER_059,7,22,1,2,Low,-2.9,72
636376b5,RIDER_039,3,1,1,6,High,0.2,50
cffd13c4,RIDER_003,7,20,1,0,Low,7.0,82
2de73e21,RIDER_007,5,23,1,10,Low,-1.2,65
711279f6,RIDER_049,10,21,0,3,Medium,3.9,100
963021ee,RIDER_026,8,4,0,6,Medium,6.4,100
7a104855,RIDER_101,5,9,1,6,High,-6.7,64
c0fe98d2,RIDER_079,3,24,0,3,High,-0.2,97
54050e85,RIDER_002,9,19,1,0,Medium,-4.4,83
d057a291,RIDER_127,7,14,0,7,Medium,-0.5,100
2c21062a,RIDER_132,5,22,1,3,Medium,3.9,76
cf1b2521,RIDER_020,7,12,0,1,High,-4.9,83
8e69242d,RIDER_117,10,4,0,3,Low,2.0,86
2641fab0,RIDER_032,9,7,0,7,Medium,-5.1,100
810a34c1,RIDER_028,5,17,1,7,Medium,-3.1,65
5e71bda2,RIDER_077,7,1,0,4,Low,6.8,94
58849b59,RIDER_001,9,14,0,1,Medium,4.8,87
503b0d96,RIDER_056,1,15,0,6,Medium,-3.1,82
dd455ee8,RIDER_035,4,12,1,2,High,2.0,60
4ac912b9,RIDER_112,1,12,1,5,High,1.1,55
9b3b4ca9,RIDER_030,8,6,1,8,Medium,3.1,77
fa9a3f6f,RIDER_054,3,13,1,4,High,5.5,66
0be3311e,RIDER_036,2,16,0,8,Low,12.1,100
dc7d7169,RIDER_080,4,14,0,3,Medium,0.6,86
2ea961da,RIDER_058,3,7,1,8,Medium,10.0,54
87808799,RIDER_083,5,16,1,0,Medium,-1.5,67
ed4f3eb1,RIDER_065,8,23,1,3,High,1.5,99
904400eb,RIDER_069,10,9,1,10,Low,0.1,66
af62791f,RIDER_128,8,14,1,0,High,0.3,90
7f46b32e,RIDER_051,7,24,0,8,Low,3.0,100
ca63f4a5,RIDER_022,8,7,0,7,Medium,5.1,100
1adab63c,RIDER_107,5,12,1,7,Low,3.4,53
d3865018,RIDER_109,10,3,0,6,High,5.1,100
ea8c6b53,RIDER_116,10,14,1,8,Low,4.8,89
a5a36b60,RIDER_101,6,19,1,10,Medium,3.3,76
4cd039da,RIDER_100,8,11,1,10,High,1.5,89
d30f1c53,RIDER_068,1,5,1,2,Medium,-0.4,40
00f2000c,RIDER_036,6,23,0,6,Medium,0.1,100
fe2c54f4,RIDER_146,6,13,0,5,Medium,7.4,99
09db35a3,RIDER_022,5,10,1,4,Medium,-0.0,59
64e680ec,RIDER_066,4,7,1,8,High,4.4,66
25c492f0,RIDER_021,1,17,1,3,High,8.1,74
653f8210,RIDER_100,10,16,1,2,Medium,4.1,100
a9852a3e,RIDER_128,8,8,1,10,Medium,3.0,65
355761e1,RIDER_044,6,17,1,2,High,9.0,93
8d15255f,RIDER_103,3,13,0,1,High,2.7,69
8fa6e370,RIDER_047,3,11,1,0,Low,0.5,42
1abea4bb,RIDER_039,6,20,1,2,Medium,8.6,85
d097bf23,RIDER_029,7,18,0,7,High,0.5,100
3eb8e7d8,RIDER_054,8,5,1,5,Medium,2.3,57
be2ea09e,RIDER_090,5,6,1,1,High,0.0,58
cb6f993e,RIDER_085,10,20,1,7,Medium,-6.4,94
f3d50d27,RIDER_017,6,14,1,4,Medium,-4.4,64
cc5c19cd,RIDER_080,1,12,1,3,Low,-2.3,37
1f297686,RIDER_073,6,4,1,0,Low,2.2,56
1d91af34,RIDER_049,9,7,1,0,Medium,2.7,69
87488b92,RIDER_101,10,11,0,3,Medium,3.4,100
47ec05b2,RIDER_002,4,20,0,8,Medium,-0.7,100
432736ae,RIDER_142,10,2,1,9,Medium,-1.0,73
3b600989,RIDER_059,1,4,1,9,Medium,14.6,50
8c400e32,RIDER_097,9,7,1,5,High,-0.7,89
309bb34f,RIDER_099,4,1,1,0,High,3.8,57
ab3fd016,RIDER_103,2,15,1,7,Medium,6.4,56
80f459e4,RIDER_002,1,20,1,8,High,3.9,73
f379f3e0,RIDER_041,3,22,1,1,High,1.0,76
2354d8ed,RIDER_123,7,24,1,5,Medium,-2.5,86
631b66ee,RIDER_082,10,8,1,6,Low,-2.6,64
8fe55fc9,RIDER_144,2,5,1,10,Low,0.3,30
73fa65eb,RIDER_132,9,14,1,0,High,1.4,99
77c0b3b8,RIDER_140,2,18,1,10,Low,1.8,48
f128ba0b,RIDER_029,5,3,1,4,Low,-0.9,34
86b4edbd,RIDER_135,8,2,1,10,Low,0.1,60
8066fa72,RIDER_014,10,22,1,10,Medium,7.5,100
b012d316,RIDER_012,8,16,1,4,Medium,-2.1,75
ad01b8e1,RIDER_099,3,14,1,2,Medium,-0.7,47
8847ef1b,RIDER_133,2,16,0,1,Low,-3.2,47
db96ebd0,RIDER_081,9,11,1,0,Low,13.4,100
6ed9d898,RIDER_106,3,17,1,5,Medium,-5.8,56
4d42eba2,RIDER_032,8,3,1,6,Medium,0.6,71
56319815,RIDER_074,2,23,1,1,Medium,9.3,82
508dab20,RIDER_081,3,23,1,1,Low,7.5,67
6d444699,RIDER_069,1,5,0,4,Low,3.4,55
9afa496c,RIDER_045,6,3,0,4,High,4.0,96
fb5be0cd,RIDER_106,7,15,1,2,High,-2.3,85
39ba0fbf,RIDER_137,4,23,1,2,Low,-4.1,68
23e2db2c,RIDER_100,1,5,1,0,Medium,-0.6,34
2622d64b,RIDER_146,3,22,1,2,Medium,-0.1,61
0f1b487e,RIDER_009,9,3,0,8,Low,4.1,100
d894fa25,RIDER_062,5,6,1,1,High,1.6,69
758f2e4d,RIDER_029,6,23,1,0,Low,8.7,80
2656a438,RIDER_125,4,14,1,8,Low,3.0,53
29ff0be9,RIDER_114,1,24,1,4,Medium,-4.5,53
5646d97c,RIDER_143,5,2,0,7,High,-3.7,100
04448aea,RIDER_134,5,18,0,10,Medium,0.5,100
6d042ae6,RIDER_120,5,6,0,3,Medium,-0.8,68
20e64e12,RIDER_079,6,24,1,7,Medium,1.9,81
c1a7ab0b,RIDER_093,2,5,1,4,Medium,5.1,44
d84a527b,RIDER_004,1,14,0,5,High,4.4,99
6ee16ca0,RIDER_082,2,17,0,5,Low,-2.4,75
7d2c1fcb,RIDER_075,10,11,1,5,Low,6.8,85
5b8f6ad4,RIDER_014,6,1,0,1,High,0.6,57
2ae85c4b,RIDER_131,5,10,1,9,High,2.2,77
ad243d8b,RIDER_114,5,9,1,9,Medium,-1.6,58
e0eb6e37,RIDER_062,6,20,1,8,Medium,3.6,84
d7de1aa0,RIDER_106,10,12,1,6,High,3.4,100
f08ad045,RIDER_064,7,1,0,2,High,7.9,80
f0f02173,RIDER_102,9,24,1,1,High,-0.5,100
00a37f5b,RIDER_106,7,18,0,3,Medium,2.4,100
832d24b2,RIDER_020,2,12,1,7,High,3.5,59
69f790f3,RIDER_058,6,2,1,8,Low,3.2,45
38932c19,RIDER_112,9,1,0,9,Medium,7.2,100
d1cb87a8,RIDER_057,7,1,1,1,Low,-1.1,46
dd786885,RIDER_119,2,1,0,5,Low,3.9,53
d956b9cb,RIDER_097,3,22,1,7,Medium,4.3,64
bb92cbd2,RIDER_092,8,12,1,2,Low,0.5,59
c4464f3c,RIDER_052,9,7,1,10,Low,3.0,74
aea06e53,RIDER_037,4,4,0,8,Low,2.8,89
361797a0,RIDER_008,9,21,1,3,High,3.8,100
254e40a8,RIDER_044,2,20,1,4,Low,0.7,48
53a11aac,RIDER_098,5,4,0,6,Low,-1.2,82
c70e76ec,RIDER_133,2,15,1,10,Medium,2.7,55
f4a8a3f7,RIDER_118,1,1,0,10,High,4.8,100
0e516469,RIDER_069,5,6,1,4,Medium,-1.9,51
b9a9156a,RIDER_045,2,14,1,3,High,5.5,74
4d233714,RIDER_137,7,14,1,3,Medium,2.7,74
d5f2d56b,RIDER_032,8,10,1,4,Medium,1.5,73
aa07ffce,RIDER_033,2,7,1,2,High,1.8,58
9b8fbba9,RIDER_126,7,23,1,8,Medium,-2.6,85
dca80b17,RIDER_067,4,24,1,1,Low,2.8,58
9d6815cb,RIDER_030,1,23,0,6,Medium,1.2,97
79c1c35b,RIDER_114,3,22,1,3,High,3.1,79
56e1ec38,RIDER_029,1,12,1,7,High,1.4,62
ffed6407,RIDER_131,5,24,1,6,Low,-0.1,61
983cf50f,RIDER_030,8,19,0,7,Low,-2.5,100
055c3270,RIDER_137,1,9,1,3,High,-4.9,48
3c18c079,RIDER_130,9,3,1,10,Low,0.5,62
117efaf1,RIDER_062,3,4,1,1,Medium,-8.0,45
a05c7fa6,RIDER_003,5,13,1,6,Low,-3.7,51
c1cc6a30,RIDER_068,9,10,1,8,Low,5.4,78
70171024,RIDER_025,5,14,0,5,High,-1.6,100
4660df36,RIDER_141,9,6,0,6,Medium,4.6,100
19974b76,RIDER_044,10,8,0,5,Medium,4.2,100
64b31b4a,RIDER_055,8,19,1,1,Low,-1.1,81
1960173d,RIDER_137,7,10,1,8,High,5.8,91
2df78894,RIDER_130,1,22,0,4,Medium,7.4,95
7e6bab9f,RIDER_041,4,5,1,2,Medium,-3.9,45
5b5ae5eb,RIDER_064,9,5,0,3,Medium,5.6,90
39f9f786,RIDER_031,10,5,1,3,Medium,-0.6,83
05483fb4,RIDER_047,8,9,0,8,Medium,-4.2,100
cb6b2a81,RIDER_130,4,23,0,10,Medium,3.0,100
60aa125f,RIDER_096,1,9,0,4,High,4.2,81
6b572803,RIDER_077,10,15,1,1,Medium,1.8,93
5e4edb90,RIDER_110,4,9,1,5,Low,9.2,62
39051865,RIDER_069,3,14,0,6,Low,5.0,89
3990e1ba,RIDER_058,6,6,0,7,Medium,1.7,100
3d741120,RIDER_106,5,22,1,4,High,2.7,85
9f49589d,RIDER_044,5,20,1,7,Low,14.1,79
1668e6ad,RIDER_074,2,8,0,7,Low,3.9,87
df2f564d,RIDER_056,3,2,1,3,Medium,7.6,44
cc0daa54,RIDER_127,6,5,0,6,Low,5.8,96
6bdc4513,RIDER_030,2,17,0,8,High,-2.6,100
767b645b,RIDER_071,4,10,0,9,Medium,-2.2,100
af386a70,RIDER_118,2,14,1,3,Low,1.9,42
7752ad2b,RIDER_055,9,18,1,8,Medium,1.6,91
2c639266,RIDER_067,3,1,1,3,Medium,3.2,43
4ec6ae76,RIDER_141,10,22,1,0,High,7.0,100
e4b46150,RIDER_003,10,2,1,3,High,5.3,90
cb4ac246,RIDER_026,6,4,1,1,Low,-3.9,39
364c6d19,RIDER_057,1,13,1,5,Low,-0.6,43
b2f97f46,RIDER_126,10,16,1,7,Medium,8.6,100
216f8998,RIDER_053,3,5,0,5,Medium,4.5,84
96c41b06,RIDER_043,8,23,0,8,Low,-4.3,100
4d4701de,RIDER_049,5,10,0,5,High,1.3,100
1eaf3ad4,RIDER_042,8,17,1,10,Medium,-5.6,79
060a9cc6,RIDER_011,2,11,0,6,Medium,6.3,90
5d457495,RIDER_103,7,5,1,4,Low,4.1,50
38b5a5c3,RIDER_098,9,15,1,7,Low,1.2,72
895d4f7b,RIDER_146,7,4,1,1,Medium,1.7,62
54f41b6b,RIDER_085,3,7,1,1,Medium,4.2,51
520c0acd,RIDER_100,7,10,1,10,High,7.0,90
f7cced42,RIDER_104,8,23,1,7,Medium,3.7,87
e4e7ea2a,RIDER_046,1,24,1,5,Medium,4.9,60
a2f05f88,RIDER_044,3,4,1,1,Medium,3.6,50
cdc621a1,RIDER_022,5,20,1,5,Low,7.5,73
0510edc8,RIDER_114,6,5,0,10,Medium,9.3,100
b9e29e70,RIDER_125,3,5,1,7,High,-0.6,59
8b7b4dc9,RIDER_124,4,11,1,5,Medium,1.2,62
a2ad88c8,RIDER_030,5,19,1,8,Low,2.2,59
6d133b51,RIDER_008,3,5,0,5,Medium,-0.8,74
9baff941,RIDER_098,4,21,1,2,Medium,0.6,66
ae4ee046,RIDER_057,5,8,0,8,Medium,1.7,100
3aab3069,RIDER_111,2,7,1,9,High,2.1,55
fe165ec9,RIDER_073,10,8,1,4,Low,0.3,71
5052ebf7,RIDER_115,9,13,1,5,Medium,-0.1,79
4da2837f,RIDER_020,10,5,0,3,High,2.2,100
0527afb0,RIDER_025,8,18,1,2,Medium,-1.2,76
89b31e13,RIDER_019,6,24,1,9,High,3.5,91
64386a17,RIDER_005,10,9,1,4,Low,-2.9,75
62df091c,RIDER_075,3,2,1,2,Low,1.9,37
d3f7026e,RIDER_128,2,16,0,1,Low,8.7,47
8769a9a0,RIDER_072,7,14,0,5,High,1.0,100
c3ed110e,RIDER_040,8,17,1,7,High,5.6,92
e478c11b,RIDER_026,10,6,1,2,Low,-2.5,71
0dff2c2d,RIDER_027,1,3,1,5,Medium,0.3,35
7073479d,RIDER_083,6,17,1,10,Low,4.6,69
ad2c6c37,RIDER_128,7,13,1,8,Medium,-8.1,74
a5ec1e69,RIDER_033,9,6,1,0,Medium,4.5,80
52be79d8,RIDER_097,3,8,1,2,Low,1.7,42
1f49e9d8,RIDER_111,2,6,0,1,Medium,0.6,38
60138b20,RIDER_016,5,16,1,7,Medium,7.8,70
86fbae8c,RIDER_023,10,6,1,8,Medium,-3.8,74
b366f239,RIDER_135,1,17,1,9,Medium,3.6,53
7e070378,RIDER_026,6,21,0,5,Medium,5.3,100
be5f02ea,RIDER_096,9,3,0,2,Low,-0.9,59
e47fb1de,RIDER_012,10,23,1,9,Medium,-6.2,95
1b4ce512,RIDER_072,9,12,1,7,Medium,3.2,83
209971d1,RIDER_133,7,6,1,9,Medium,5.3,65
f927e255,RIDER_106,7,21,1,6,Low,7.9,81
65c025a1,RIDER_117,8,7,1,1,Low,-4.5,62
1c4c4a2c,RIDER_026,10,11,0,10,High,0.9,100
63bda800,RIDER_133,2,9,1,6,Low,10.8,49
8413be7a,RIDER_022,6,16,1,0,Medium,3.0,75
a0b68eeb,RIDER_013,5,5,0,7,Medium,3.2,98
87d12816,RIDER_107,5,15,0,4,High,4.3,100
73b4d00c,RIDER_023,3,21,1,8,High,2.1,69
6852ffef,RIDER_097,3,4,0,10,High,0.9,100
b3d960d5,RIDER_018,6,5,1,2,Medium,1.2,62
5d491f9f,RIDER_117,10,7,1,6,Medium,7.8,91
6f637b26,RIDER_030,10,3,0,7,Medium,5.0,100
39b27ef2,RIDER_026,7,4,1,0,Low,3.5,51
1c8312f8,RIDER_144,1,15,0,5,Low,-5.6,68
24a4aced,RIDER_039,3,2,1,10,Medium,-0.1,35
daad3b1e,RIDER_130,1,24,0,1,High,10.5,80
c8b1dfe6,RIDER_113,10,5,1,7,Low,-1.2,64
1b5b9d67,RIDER_134,3,7,1,5,Medium,2.3,46
e1a7a8c3,RIDER_046,5,22,0,10,Medium,1.6,100
cf3ab39a,RIDER_050,9,17,1,10,Medium,-3.8,84
ac7d2ce9,RIDER_106,3,8,0,2,Low,-1.8,43
3131e86c,RIDER_146,10,9,1,3,Medium,-4.4,75
22de41a1,RIDER_072,10,10,1,6,High,-4.8,93
e1c158a5,RIDER_074,9,11,0,8,High,3.9,100
918fe7b5,RIDER_017,1,1,0,10,Low,-1.1,87
b9cbea51,RIDER_070,6,15,1,9,High,9.5,97
7914b6ee,RIDER_150,9,8,1,1,High,5.3,97
5a262f86,RIDER_006,5,19,0,8,Medium,1.8,100
61e12650,RIDER_026,10,12,1,5,Low,5.2,82
b58ef50c,RIDER_140,2,6,1,1,High,-6.8,54
87bf2473,RIDER_099,5,10,1,7,Low,1.6,59
f887c8b7,RIDER_142,1,24,1,3,Medium,6.3,66
65ef5fc8,RIDER_022,9,5,0,10,Medium,-3.3,100
69d431ed,RIDER_051,10,24,1,7,Low,4.8,95
e52cc5ac,RIDER_104,10,7,0,10,Medium,3.0,100
4ee8604d,RIDER_089,9,7,1,6,Medium,-4.3,73
a62d6fee,RIDER_141,6,23,0,6,Medium,8.3,100
a0ea30de,RIDER_138,9,22,1,10,Medium,6.6,95
7cfd9fe8,RIDER_009,3,22,1,6,Medium,4.5,71
eab3ee77,RIDER_079,4,9,1,1,High,-3.4,63
e805e3f9,RIDER_052,6,15,1,7,Low,-1.4,63
5a442d8f,RIDER_130,4,6,1,1,Medium,1.5,50
45f8326e,RIDER_013,1,16,1,2,Medium,7.7,53
2e1ca041,RIDER_051,7,7,1,9,Medium,1.1,65
7bfd1748,RIDER_034,5,15,1,6,Medium,2.7,59
b84f302a,RIDER_035,8,23,1,6,Medium,-0.9,89
497a7783,RIDER_131,9,2,1,6,Medium,9.0,84
b67cd379,RIDER_120,5,8,0,3,Medium,-2.1,73
630d0af9,RIDER_070,8,12,1,4,Medium,2.7,78
7becda33,RIDER_147,1,11,0,6,Medium,7.2,95
26ce08a6,RIDER_067,1,6,1,7,Low,-0.2,26
eae4ce3e,RIDER_103,7,20,0,2,Medium,0.9,73
c6b9df14,RIDER_073,6,13,1,5,Low,-1.6,63
b59e135b,RIDER_116,5,23,0,8,Medium,-3.6,100
f9a979ba,RIDER_133,5,16,1,9,Medium,-3.0,63
51c97770,RIDER_067,9,8,0,10,Medium,8.3,100
56d2f488,RIDER_139,1,17,0,4,Medium,-4.4,83
81e6b989,RIDER_121,8,13,1,3,Medium,-1.0,71
ecd2427f,RIDER_094,2,4,1,8,Low,-3.4,32
2bd64c77,RIDER_129,7,20,0,3,Low,-1.2,91
cca0829b,RIDER_091,6,10,1,2,Medium,0.8,70
586d5ebb,RIDER_092,10,22,1,6,High,2.6,100
29dd5029,RIDER_063,2,20,0,4,Medium,7.7,94
95e16cf8,RIDER_029,3,16,1,0,Medium,5.7,62
226dcd09,RIDER_012,4,17,0,7,Medium,4.8,100
9b652141,RIDER_077,7,8,1,10,Medium,5.0,69
cf0cefd2,RIDER_041,8,11,1,0,Low,-4.9,62
6be571da,RIDER_130,2,5,1,8,Medium,2.2,44
e994a0a6,RIDER_037,8,21,1,0,Low,7.2,83
97da7e54,RIDER_024,9,16,0,3,Medium,9.6,100
1b1cc21b,RIDER_099,7,24,1,9,Medium,6.9,92
c7be37c2,RIDER_150,1,8,1,3,Low,-0.0,26
b3a81e6d,RIDER_100,6,21,1,10,Medium,4.9,81
0d85cf5c,RIDER_139,8,16,0,8,Medium,-1.4,100
2db47091,RIDER_058,5,4,1,0,Medium,7.6,56
fbe7c0ed,RIDER_029,2,6,1,9,Low,-1.7,28
ba170d13,RIDER_143,5,21,1,8,Medium,-2.1,79
9aa617ac,RIDER_060,8,8,1,3,Medium,6.6,75
043c1f64,RIDER_095,2,9,1,6,Medium,2.1,53
88ae4d8c,RIDER_042,1,13,1,8,Low,5.0,45
affc3c36,RIDER_043,4,17,0,10,Medium,5.4,100
ee45ce52,RIDER_074,4,9,0,6,Medium,-2.7,88
77b2b574,RIDER_064,9,13,0,1,High,2.3,94
6dba9526,RIDER_002,3,9,1,5,Medium,-1.1,54
7b6b2c53,RIDER_066,4,6,1,5,Medium,-5.9,42
2e0a5fa8,RIDER_031,3,10,1,2,Medium,1.6,49
83f0eea9,RIDER_115,2,5,0,3,High,-0.7,73
475446f8,RIDER_026,4,7,1,5,Low,4.4,47
5f14c4fd,RIDER_029,8,11,0,10,Medium,6.5,100
4c442a82,RIDER_078,1,24,1,5,Medium,-0.9,47
ef68e7f1,RIDER_025,8,9,1,0,Low,-2.5,62
4acbfdbb,RIDER_048,8,10,0,9,Low,1.7,100
f728450f,RIDER_065,3,11,1,7,Low,3.2,46
11fc20c2,RIDER_067,10,3,0,8,Medium,4.1,100
cc5f02a8,RIDER_090,10,8,0,1,High,10.1,100
894847ab,RIDER_146,6,17,0,3,Medium,6.7,100
33b022c8,RIDER_137,4,7,0,10,Low,1.9,100
d16c73db,RIDER_038,1,12,1,5,Medium,11.4,67
a44e4fe6,RIDER_087,1,16,0,1,Low,5.5,45
af454368,RIDER_149,5,15,0,10,Low,5.9,100
4c1e3a34,RIDER_065,8,21,1,6,High,10.0,100
c35c0b63,RIDER_149,1,13,1,5,Medium,3.8,47
42d8db1c,RIDER_027,2,18,1,7,Medium,2.8,65
43524572,RIDER_106,7,18,1,6,Low,3.3,72
d159847d,RIDER_123,8,24,0,9,Medium,1.9,100
e76497fb,RIDER_044,3,5,1,0,Medium,-0.0,45
7801cffd,RIDER_100,8,14,1,9,High,-2.8,84
2e4458a2,RIDER_028,1,11,1,9,Low,6.5,44
c659633f,RIDER_017,9,3,1,4,High,6.7,91
240d4666,RIDER_127,2,17,1,5,Low,-0.0,46
2924097d,RIDER_123,2,23,1,6,High,2.2,83
3b6fec10,RIDER_131,4,12,1,3,Low,-0.5,49
215e35f8,RIDER_076,10,3,0,8,Medium,4.2,100
dbb9bf91,RIDER_046,3,23,1,0,Low,4.3,58
abccb4e2,RIDER_069,4,2,1,2,Medium,0.6,44
345b9b5b,RIDER_137,6,4,1,9,Low,1.0,46
2895d2fb,RIDER_085,7,18,1,1,Medium,1.1,74
689435f9,RIDER_011,5,20,1,1,Medium,-0.3,69
cf9c392b,RIDER_069,2,21,1,0,Medium,3.5,56
feb48b3f,RIDER_099,3,14,1,2,Low,-6.6,37
c0c78169,RIDER_091,10,8,1,9,High,2.3,94
73bc37d6,RIDER_094,3,2,1,4,Low,9.0,54
3c28ad21,RIDER_115,5,19,0,5,High,4.7,100
366f24ea,RIDER_031,5,10,1,7,High,-1.8,66
f8e42f87,RIDER_011,4,5,0,3,Medium,-1.7,69
59702f98,RIDER_087,8,11,1,0,Low,-0.1,75
8a0dde5b,RIDER_121,6,9,0,8,Low,-0.6,100
58344724,RIDER_130,6,16,1,2,Medium,4.7,71
b143f018,RIDER_105,1,5,0,7,Low,-1.1,73
d3184f7d,RIDER_027,6,15,1,3,Medium,4.7,82
77c299e8,RIDER_002,3,14,1,10,High,1.4,68
fbd1e927,RIDER_103,6,9,1,2,High,3.3,77
cdd41b2c,RIDER_101,10,20,0,2,Medium,4.6,96
218dd9d1,RIDER_021,6,5,1,3,High,3.9,69
abc346f8,RIDER_058,2,15,0,3,Low,8.7,71
a5853b3c,RIDER_133,1,9,1,6,High,7.5,60
a75804fb,RIDER_085,3,4,0,1,Medium,-1.1,49
568c0054,RIDER_093,5,21,0,7,Medium,10.7,100
d10d8109,RIDER_020,4,21,0,10,Low,2.7,100
97f95c17,RIDER_061,7,4,1,1,Low,3.6,60
549db40e,RIDER_038,4,20,1,0,Medium,5.8,72
9f1e615e,RIDER_148,8,21,0,7,High,-1.8,100
11e4b086,RIDER_025,7,22,1,3,Medium,9.0,91
5d3e0c8c,RIDER_130,10,7,1,5,Medium,3.4,89
d35a736c,RIDER_121,9,15,1,0,Low,7.7,79
d6c96249,RIDER_026,1,22,1,2,Medium,1.9,50
1a575a6b,RIDER_067,5,17,0,6,Low,-1.3,99
ef73bcc1,RIDER_001,4,18,1,6,High,4.8,82
22f3a324,RIDER_051,6,7,1,10,Medium,-1.5,58
e9af67f3,RIDER_005,1,19,1,7,Medium,0.6,50
769ee0ec,RIDER_013,6,10,1,1,Medium,-7.9,59
8bd41b7f,RIDER_147,1,13,1,6,Medium,8.0,53
7c93556e,RIDER_140,1,2,0,3,Medium,0.4,54
6d5f11bd,RIDER_048,8,22,1,5,Medium,1.3,92
cd8cf871,RIDER_057,2,20,0,3,Medium,2.7,83
a46d2ed7,RIDER_115,10,11,0,8,Medium,4.7,100
7089b34e,RIDER_035,6,5,1,0,Low,-2.6,43
63606e36,RIDER_076,6,6,1,0,Low,-3.3,56
4b2661d1,RIDER_094,6,3,1,4,High,6.9,69
85c586ea,RIDER_005,8,1,1,4,Low,0.4,51
473d48b3,RIDER_022,4,3,1,10,Medium,3.8,50
82aaee7b,RIDER_103,3,3,1,7,Medium,0.5,53
87b7b14a,RIDER_131,6,22,0,6,Medium,5.1,100
e1d1cc1b,RIDER_124,4,4,1,10,Low,0.4,41
42d247f3,RIDER_053,2,7,1,2,Medium,3.2,47
e16a66a4,RIDER_069,6,15,0,7,Medium,4.5,100
294167f9,RIDER_104,10,11,0,3,Medium,3.1,100
f619db9d,RIDER_016,5,18,0,2,Medium,3.8,75
abbd4bb0,RIDER_116,9,12,0,1,Medium,1.9,82
c9680e21,RIDER_076,6,4,1,8,High,-3.5,69
0b80dab5,RIDER_109,3,24,0,6,Medium,-4.2,100
2d413685,RIDER_039,5,11,0,4,Low,-2.8,65
42a3b69f,RIDER_089,10,6,1,8,Medium,-0.8,72
44d2e97f,RIDER_112,8,19,1,2,Low,5.8,84
e9fff2d5,RIDER_047,9,18,1,5,Medium,-6.1,82
71b7173b,RIDER_137,8,15,1,7,Medium,3.9,82
7a7cb78b,RIDER_128,3,3,1,8,Low,-0.6,31
3589e649,RIDER_077,9,17,1,3,Low,3.9,80
6b1c48a7,RIDER_015,3,1,1,0,Medium,8.3,52
f9fa6a06,RIDER_036,8,2,1,7,Medium,2.8,66
3439f502,RIDER_063,10,19,1,9,Medium,5.6,99
f0eea771,RIDER_069,9,9,0,2,Medium,-0.7,65
a0cc6805,RIDER_074,7,8,1,5,Medium,-0.4,57
41371fde,RIDER_024,4,12,1,3,Low,6.6,59
b6fa3147,RIDER_049,10,15,1,5,Low,10.4,89
da929eb4,RIDER_146,9,23,1,2,Medium,5.3,100
f55e484a,RIDER_007,3,7,1,6,Medium,-5.2,42
c3d4926f,RIDER_004,3,21,1,1,Medium,-2.3,59
be8a518c,RIDER_090,2,16,0,4,Medium,0.5,71
1d4aa4a9,RIDER_060,10,7,1,2,Medium,3.7,81
c54089ce,RIDER_055,3,20,1,4,Medium,-0.4,52
7d31d3a4,RIDER_016,1,21,1,2,High,4.4,66
b217db2c,RIDER_029,4,12,1,8,Low,-2.3,45
97159117,RIDER_014,8,17,0,7,Medium,6.0,100
dc77b25b,RIDER_079,5,11,1,1,High,2.7,75
e31a9754,RIDER_033,2,4,0,7,Medium,4.8,89
e3263376,RIDER_021,3,19,1,7,Medium,-5.4,62
88b8b6cb,RIDER_145,1,2,0,9,Medium,3.2,90
eff922cb,RIDER_023,2,2,0,2,High,-1.0,47
80bde7fa,RIDER_057,1,24,0,9,Medium,2.1,100
5415af04,RIDER_142,2,17,0,4,Low,0.2,69
79bb1427,RIDER_093,3,24,1,1,Medium,-1.1,61
8854cec2,RIDER_020,1,9,0,9,Low,1.8,92
9ee32d4f,RIDER_019,9,22,1,5,Medium,4.6,98
a406c7a8,RIDER_103,10,1,0,1,High,7.5,94
5905a168,RIDER_077,5,10,1,3,Medium,-0.0,55
7069260f,RIDER_033,8,23,0,2,Medium,6.3,98
3936d806,RIDER_018,5,15,1,0,High,7.0,86
4b806d1f,RIDER_073,8,21,1,7,Medium,-1.9,82
97b12b7b,RIDER_017,7,15,0,7,Low,3.1,100
cdf1af73,RIDER_019,4,23,1,0,Low,5.3,71
a7a60c41,RIDER_070,7,21,1,5,Medium,1.1,82
13aa7fe7,RIDER_120,6,2,1,0,Low,1.7,45
91254494,RIDER_101,3,14,1,8,Medium,4.1,65
4a895695,RIDER_034,9,4,1,0,Medium,2.0,63
1909cf0c,RIDER_084,10,18,1,2,Medium,1.6,88
6d6f770f,RIDER_074,9,9,1,8,Medium,-0.6,70
e81b724d,RIDER_088,5,2,1,0,Medium,-0.3,43
c22c27f9,RIDER_085,8,2,1,1,High,-0.6,71
abc761dc,RIDER_011,7,18,1,3,Medium,0.5,83
d2bd6d6a,RIDER_091,9,17,0,6,Medium,1.7,100
53115fd9,RIDER_144,7,9,1,7,Low,-0.4,58
38a8ad14,RIDER_127,4,8,1,0,Medium,-1.6,51
7dee1f24,RIDER_113,4,2,1,0,Medium,-1.5,48
bf450f2a,RIDER_080,8,2,1,4,Medium,1.9,66
f61b7a67,RIDER_007,6,5,1,7,Medium,-4.1,59
61d97d9f,RIDER_016,9,12,1,0,Medium,5.4,93
100091d4,RIDER_016,10,16,0,2,Medium,7.0,94
c0cf1493,RIDER_012,7,14,0,5,High,7.1,100
97551f14,RIDER_035,7,20,1,0,Low,0.7,68
807af0da,RIDER_021,4,2,0,2,Medium,-0.1,35
d7000287,RIDER_017,3,24,1,0,Low,-0.3,50
4eabbb44,RIDER_032,8,8,0,3,Medium,-1.9,87
4095eee4,RIDER_041,7,4,1,8,Medium,4.8,62
4339c3c6,RIDER_134,4,20,1,4,High,-5.7,73
e6ab1d35,RIDER_027,4,9,1,2,Low,-0.1,48
2558c868,RIDER_148,1,20,0,9,Medium,-0.3,100
9684731a,RIDER_066,7,19,1,6,Medium,0.2,82
4b6e3bd6,RIDER_137,1,2,1,5,Medium,-0.3,32
a98b703e,RIDER_092,10,16,1,10,Medium,2.6,92
deb3dd9c,RIDER_061,10,11,0,8,Medium,4.5,100
4bc56762,RIDER_003,4,8,1,3,Medium,3.3,55
e3e848ee,RIDER_103,3,12,0,3,Low,-1.9,63
c993d6db,RIDER_055,3,3,0,8,Medium,-5.1,90
31ab3942,RIDER_001,1,13,0,1,Medium,8.9,56
7eb371d7,RIDER_101,4,2,0,9,High,5.8,100
269849b7,RIDER_045,1,13,0,1,Medium,9.5,58
ce4f26a9,RIDER_026,8,8,1,8,High,3.8,80
1e574ef8,RIDER_121,1,15,1,6,Low,7.6,47
1483e396,RIDER_142,6,24,1,4,Low,-5.2,73
7d17840d,RIDER_046,7,21,1,4,Medium,-3.3,74
51cfef15,RIDER_122,10,9,1,8,Low,-0.5,72
6bc24f25,RIDER_031,2,11,0,9,High,2.5,100
8fccb7cd,RIDER_059,4,22,1,4,Medium,-0.7,73
4f17d0b5,RIDER_029,3,21,0,8,Low,6.1,100
37f2c678,RIDER_106,9,3,1,7,Medium,5.7,73
7d7e0877,RIDER_017,7,7,1,5,Medium,5.9,74
327dcd76,RIDER_142,2,14,1,4,Low,4.7,45
4d11fb37,RIDER_024,6,15,1,4,Medium,3.2,69
fafdb897,RIDER_109,9,9,0,4,Medium,8.6,100
2dbd6be8,RIDER_091,3,20,1,0,Medium,9.1,72
2b937ad9,RIDER_025,6,11,1,10,Low,1.0,58
e852763a,RIDER_032,3,7,0,4,Medium,-1.5,67
e738d02d,RIDER_116,3,12,1,2,Medium,6.8,59
bb9b67df,RIDER_082,4,19,1,5,Medium,9.5,78
f4d628d8,RIDER_110,9,18,1,8,High,12.0,100
4aed0b45,RIDER_146,8,13,1,2,High,4.5,89
1594a27a,RIDER_037,1,11,1,0,Low,1.3,29
0e8dd6f9,RIDER_026,1,1,0,7,Low,-2.5,67
2a876516,RIDER_137,7,6,1,8,Medium,1.7,62
728f0eab,RIDER_064,3,21,1,9,Low,-1.6,53
f7520b0f,RIDER_072,7,2,1,3,Medium,-2.3,51
2cca3b1e,RIDER_148,9,13,1,9,Low,5.9,83
6a13108a,RIDER_106,3,13,0,4,Medium,0.1,78
74aae9ea,RIDER_086,3,19,1,2,Low,1.9,52
f86c6f2a,RIDER_053,2,9,0,7,Low,8.4,99
4913d2e3,RIDER_092,10,19,1,2,High,-6.4,100
7880413c,RIDER_099,1,23,0,3,Low,-1.8,68
0fd0f375,RIDER_011,9,1,1,9,Low,5.2,65
9aab463f,RIDER_031,6,23,1,6,Medium,0.0,75
4a109a60,RIDER_100,6,8,1,1,Low,-0.1,51
6d93d109,RIDER_087,8,23,1,0,Medium,3.3,92
91beaf90,RIDER_147,5,14,1,3,Medium,1.4,66
3471d087,RIDER_140,9,24,1,7,Medium,-5.9,91
e9ab5ab5,RIDER_015,5,16,1,0,Medium,-0.5,65
60440540,RIDER_101,2,4,1,9,Medium,-4.0,37
fe76fb63,RIDER_029,6,18,1,2,Low,5.5,62
d4d44a41,RIDER_114,9,14,0,3,Low,-3.5,89
3cdcce6e,RIDER_107,3,9,1,3,Low,-3.6,39
56ea533f,RIDER_108,10,15,0,2,Low,-3.0,68
0e57ff8c,RIDER_130,4,3,1,2,Medium,5.4,53
f0a45534,RIDER_084,10,4,1,6,Low,-0.6,72
df672c58,RIDER_015,8,23,1,7,Low,7.3,92
46a3b563,RIDER_132,6,18,0,9,Medium,5.5,100
5cf33d1b,RIDER_050,7,14,0,3,Medium,6.5,100
15a0ee46,RIDER_023,7,15,0,10,Medium,0.6,100
c5fc270d,RIDER_059,4,8,1,10,Low,-2.9,40
f0822503,RIDER_090,6,10,0,7,Medium,0.7,100
094a95d3,RIDER_115,9,24,1,7,Low,-9.6,84
2a7b0944,RIDER_075,3,12,1,5,High,4.2,72
ed9667a5,RIDER_123,8,21,1,0,Low,3.1,84
7d3d5a8b,RIDER_136,7,9,1,6,Medium,-0.7,68
aee07347,RIDER_139,4,8,1,6,High,-0.1,57
477b66e5,RIDER_018,10,17,1,4,Low,6.5,87
c06f70be,RIDER_050,3,9,0,5,High,4.0,96
f523ed7c,RIDER_142,7,13,1,8,Low,7.9,75
2b24465e,RIDER_118,10,14,1,2,Low,-1.5,76
bdcc2a09,RIDER_137,9,5,0,3,Low,-3.1,77
1895245a,RIDER_139,10,9,1,8,High,3.5,93
09378d75,RIDER_108,3,16,1,9,Low,5.2,58
2265e4ed,RIDER_067,10,19,1,1,Low,3.2,78
9a629bab,RIDER_078,9,24,0,8,High,0.3,100
62dfd1f1,RIDER_075,8,23,1,4,Medium,13.8,100
b14cadfb,RIDER_039,3,7,1,2,Medium,10.2,64
51973999,RIDER_025,8,12,1,7,Medium,-1.0,65
7c0bcb44,RIDER_021,4,2,1,8,Low,-0.4,32
d7f209e7,RIDER_138,6,18,1,0,High,-1.0,90
d100688a,RIDER_015,10,18,1,4,Medium,7.6,94
ed33fa67,RIDER_048,2,16,1,8,Low,5.6,53
08021f51,RIDER_086,8,11,0,10,Medium,5.0,100
2ee0a2bd,RIDER_149,9,2,0,1,High,1.4,82
5f8177a1,RIDER_116,7,14,1,0,Low,5.5,73
d3d17f82,RIDER_050,8,4,0,7,Medium,3.5,100
49bbedf8,RIDER_141,7,7,1,5,Medium,1.3,65
5a67ab7c,RIDER_069,10,2,1,1,High,3.5,83
0b1c0d5d,RIDER_004,4,21,0,2,Low,8.4,71
fb4684fc,RIDER_078,1,14,1,4,High,5.2,68
2408a8b5,RIDER_009,3,7,1,0,Low,-1.9,30
ce194bd4,RIDER_121,7,9,1,1,Low,-1.4,55
97b3511d,RIDER_115,7,8,1,10,Medium,5.0,68
3c41fad3,RIDER_101,3,9,1,0,Low,-0.7,43
eceb051c,RIDER_149,1,7,1,10,Medium,3.5,39
960a07a1,RIDER_146,10,19,1,6,Medium,-0.4,100
d77f69fb,RIDER_097,9,17,1,6,Medium,5.3,98
1f52d323,RIDER_081,6,23,1,9,Medium,-2.2,73
d220e87d,RIDER_043,7,13,1,4,High,3.2,82
0b2fef42,RIDER_095,1,11,1,9,High,0.2,58
06dfc7f8,RIDER_006,1,22,0,5,Medium,1.8,88
3bedfc04,RIDER_067,4,18,1,2,Medium,2.5,61
8d2fd30b,RIDER_140,7,17,1,10,Medium,6.5,79
f7b2036d,RIDER_100,8,16,1,1,Medium,1.7,85
d7f4fa05,RIDER_012,10,10,0,9,Low,5.9,100
867019b7,RIDER_066,9,4,1,8,Low,-1.6,55
3fed3a0e,RIDER_002,1,4,0,1,Medium,-4.6,32
11f31214,RIDER_143,4,22,1,0,Low,3.9,65
fb15d3e0,RIDER_081,4,11,1,8,Low,0.8,50
9f4132db,RIDER_135,3,21,1,7,Medium,-2.2,58
f6795b7e,RIDER_142,7,8,1,7,Low,-2.1,53
6d1d4a26,RIDER_070,1,9,1,6,Low,-1.6,28
cda29a73,RIDER_115,9,16,0,8,Medium,3.2,100
859969c7,RIDER_088,8,10,1,10,Medium,0.6,66
57dbaf72,RIDER_006,2,23,0,2,Medium,-3.7,62
3ee18711,RIDER_027,2,9,0,7,Medium,-0.3,86
efaa55dd,RIDER_082,8,3,1,0,Medium,-1.0,66
0c9428fe,RIDER_088,1,2,1,0,Low,-2.3,17
bd486f7f,RIDER_120,7,9,0,10,Low,5.9,100
f174caae,RIDER_024,9,13,1,5,Medium,1.6,79
c319cb83,RIDER_102,3,6,1,7,Medium,11.1,69
d4a99919,RIDER_034,7,4,0,7,Low,5.0,100
ad7a9bf1,RIDER_047,6,14,1,9,Medium,5.3,70
efbd4b25,RIDER_024,7,11,1,0,Low,2.6,56
7aff1a39,RIDER_065,7,2,1,10,Low,7.6,61
ca29ecec,RIDER_018,10,3,1,0,High,7.0,91
7dee4de2,RIDER_044,1,5,1,8,Medium,2.9,33
3f4cc9c7,RIDER_076,3,7,1,8,Medium,-9.0,47
8b0d35be,RIDER_057,10,11,1,6,Low,-6.1,72
3cc0a2c1,RIDER_107,1,12,1,0,Low,-0.9,34
8a496dff,RIDER_124,5,11,0,9,High,2.9,100
981cd9f5,RIDER_139,3,19,0,1,High,-3.7,70
2d4950af,RIDER_116,1,13,0,7,Medium,3.7,99
207cb5ff,RIDER_093,2,4,0,7,Medium,2.4,78
02635ef2,RIDER_042,10,14,1,10,Medium,1.5,80
61721d4a,RIDER_028,5,12,0,4,Medium,2.2,86
54da63b0,RIDER_123,3,2,1,1,High,-7.6,52
dc70dd2d,RIDER_024,6,8,1,2,Low,8.4,66
75a761d8,RIDER_136,9,22,0,4,High,0.5,100
70a1242f,RIDER_106,6,19,1,2,Medium,2.7,81
fcadd259,RIDER_118,2,13,0,9,Medium,2.4,100
335b055a,RIDER_053,2,21,1,0,Low,-0.4,50
fb6e677f,RIDER_132,8,21,1,5,Medium,2.4,85
af7dcbb0,RIDER_100,8,1,1,4,High,-2.0,76
9e5d212a,RIDER_005,6,5,1,2,Medium,1.6,63
0c6cdfbf,RIDER_049,10,22,0,8,Low,2.3,100
a812945f,RIDER_098,7,11,0,9,Medium,0.8,100
04987f91,RIDER_030,1,11,1,7,Medium,2.2,43
0f1f2f77,RIDER_072,9,13,1,6,Medium,4.6,89
6c50f8ae,RIDER_103,5,2,1,10,High,6.6,73
8731f25a,RIDER_063,9,19,0,1,Medium,10.1,100
4f6fda5e,RIDER_026,2,16,1,9,Medium,4.6,61
f214aa97,RIDER_037,8,5,0,4,Medium,0.8,90
b5c468d3,RIDER_007,7,14,0,4,Medium,-2.5,100
45051ff5,RIDER_127,4,19,0,5,Low,-0.0,84
82059f0f,RIDER_092,3,5,1,5,High,-3.4,57
c4b036aa,RIDER_103,4,21,0,2,Medium,0.8,66
f565b77a,RIDER_053,4,24,1,10,Low,3.2,65
1fee6ef8,RIDER_132,10,9,0,3,High,3.5,100
8ae83182,RIDER_108,10,24,1,0,High,2.8,100
d5a9eb38,RIDER_112,8,12,1,10,Low,2.8,66
3cb8b84e,RIDER_007,4,16,1,0,Medium,3.2,60
dfe4d4ee,RIDER_067,5,19,0,4,High,6.9,100
fc2e2e09,RIDER_108,2,15,0,3,Medium,-1.7,69
bb907ff2,RIDER_111,4,17,0,6,High,-0.8,100
4c57515a,RIDER_148,7,15,1,6,Medium,8.2,76
0aa03602,RIDER_083,3,3,1,3,Low,-0.7,32
620bbc12,RIDER_124,1,17,0,9,Low,7.4,100
5b9ddbd3,RIDER_139,8,13,1,1,Medium,7.2,89
ea60d85c,RIDER_104,8,9,1,9,High,-0.3,81
13aacbc5,RIDER_067,6,13,1,3,Medium,3.0,71
4ba1aba9,RIDER_007,7,16,1,7,Low,4.4,77
7345e1ec,RIDER_110,10,19,1,1,Medium,9.6,100
087899d0,RIDER_034,2,14,1,4,Medium,1.8,51
ac7664d1,RIDER_106,5,8,1,6,Medium,1.6,52
561065f1,RIDER_147,7,22,0,9,Medium,5.0,100
2ca1a181,RIDER_058,9,19,0,5,Low,-0.9,97
955a9d3f,RIDER_009,1,24,1,8,Low,2.0,47
8da9231d,RIDER_048,3,3,1,1,Medium,-6.7,36
c3f879db,RIDER_115,6,23,1,3,Low,11.3,89
4ec71f78,RIDER_041,7,21,0,6,Low,8.4,100
eb9123a6,RIDER_048,6,18,0,7,Medium,1.9,100
8d6918ab,RIDER_025,1,16,0,4,High,-1.7,94
8dfab401,RIDER_116,4,14,0,4,Low,-1.9,74
326232d5,RIDER_078,6,16,1,3,Low,4.3,63
48c62cd8,RIDER_108,8,24,1,8,Medium,-1.6,82
cc7db09f,RIDER_025,10,17,1,9,Low,-2.8,75
189af34d,RIDER_147,4,20,0,3,Medium,-3.5,84
e0bc7bbb,RIDER_039,7,11,1,2,Medium,2.4,69
04c556a8,RIDER_119,3,13,0,8,High,3.0,100
554a14b6,RIDER_079,8,11,0,6,Low,9.8,100
0f3c950c,RIDER_080,1,4,0,8,Medium,-0.6,83
1c889a85,RIDER_027,4,14,1,3,Medium,4.2,65
7775bea5,RIDER_104,8,5,1,2,Low,-0.8,55
f20bbae6,RIDER_074,10,4,0,9,Low,-1.4,100
f3b33a0c,RIDER_068,4,1,1,7,Medium,3.8,44
431da3b5,RIDER_147,2,14,1,3,Medium,6.1,57
50eca37c,RIDER_028,2,7,0,9,Medium,1.3,100
9d498091,RIDER_123,4,10,0,2,Low,-3.2,48
14d88fdc,RIDER_138,4,2,1,3,Medium,5.1,51
aa3bc4b1,RIDER_083,2,10,0,1,Medium,4.1,36
a1d661b9,RIDER_030,7,3,1,10,Medium,4.5,71
2ee5a14d,RIDER_022,6,21,1,3,Medium,9.1,86
a7418ff4,RIDER_003,3,8,1,6,Medium,-1.5,46
4f9ff76b,RIDER_101,8,10,0,2,Medium,5.0,80
1b232db9,RIDER_105,8,8,1,0,Medium,4.6,79
3c16741c,RIDER_002,1,14,1,9,Low,1.9,49
728bfe6e,RIDER_054,3,18,1,7,Low,2.3,54
1c79e88b,RIDER_006,5,9,0,5,Medium,3.8,97
ad7784c9,RIDER_107,2,22,0,2,Medium,4.5,66
1befe8ae,RIDER_123,5,9,1,7,Medium,-1.2,60
9fbc6d95,RIDER_002,10,4,1,5,Medium,5.9,85
da739ece,RIDER_111,3,3,1,0,High,4.2,63
7b3ab72c,RIDER_002,9,14,1,8,Medium,-0.4,75
7675627a,RIDER_093,1,14,0,10,High,3.7,100
08f60390,RIDER_101,4,21,1,8,Low,4.0,68
b00d7e3e,RIDER_097,10,16,0,8,Low,3.8,100
0e43aba8,RIDER_111,6,5,1,5,Medium,1.9,60
24f43ad2,RIDER_006,9,20,1,5,High,-1.7,100
2107def2,RIDER_127,3,23,1,3,High,-1.3,75
43846a9c,RIDER_104,3,24,1,7,Low,8.7,63
85d537c8,RIDER_147,5,15,0,8,Medium,2.3,100
051db71a,RIDER_001,7,21,0,6,Medium,6.0,100
b83aef15,RIDER_033,5,9,1,6,Low,2.3,52
0ac56228,RIDER_040,8,7,1,1,Low,-2.2,57
63218099,RIDER_032,5,13,1,1,Medium,4.3,66
37c261e0,RIDER_017,7,23,1,9,Medium,2.4,94
40faf6a1,RIDER_126,6,8,0,10,Low,5.7,100
290d3487,RIDER_008,10,12,0,1,Medium,1.3,81
ebbd5f49,RIDER_057,2,4,1,3,Medium,-0.0,31
98c2f2f9,RIDER_042,3,16,1,8,High,-5.7,71
0287997d,RIDER_098,4,6,1,4,Medium,5.0,55
212deb47,RIDER_137,5,5,0,1,Low,3.3,44
61de351d,RIDER_120,9,1,1,3,Medium,-0.2,57
8f19f541,RIDER_087,6,14,1,6,Medium,3.8,71
1f0b813f,RIDER_054,1,9,1,4,Medium,-2.0,46
a6b5ffe2,RIDER_084,3,18,1,10,Medium,10.2,78
24b274e3,RIDER_025,7,6,1,7,Medium,-5.2,59
aeec9bf9,RIDER_067,8,15,1,0,Low,0.1,71
31f41f15,RIDER_046,7,16,0,4,Medium,0.8,95
36d6be46,RIDER_022,5,8,1,3,High,0.7,67
0a719930,RIDER_139,10,19,1,2,Low,1.7,85
cc2dc8b6,RIDER_008,8,5,0,6,Low,1.9,93
fcc078db,RIDER_039,9,14,0,9,Low,2.6,100
15b88fb5,RIDER_049,7,7,1,10,High,0.8,73
dcdff5ca,RIDER_046,9,4,1,0,Low,-1.2,61
6f7e54f9,RIDER_038,1,21,0,5,Medium,3.0,90
ffd50b5d,RIDER_136,9,1,1,7,Low,9.9,67
c90ea1e0,RIDER_054,3,4,1,1,Low,-3.0,35
8330f2aa,RIDER_092,6,14,0,5,High,0.3,100
ad8995d5,RIDER_040,8,23,0,10,Medium,4.2,100
49dd2fbf,RIDER_034,3,16,1,0,Medium,7.4,61
6f219b84,RIDER_096,4,7,1,5,Low,15.3,70
b4f0f45c,RIDER_079,7,10,1,5,Low,6.7,66
20ff01ca,RIDER_127,7,10,0,4,Low,-1.0,90
a784786e,RIDER_017,4,4,1,6,Medium,5.5,56
9bd9e18a,RIDER_110,9,12,1,4,Medium,3.5,77
23be4e19,RIDER_052,3,6,0,7,Medium,-1.9,89
682c8134,RIDER_118,8,13,1,1,Medium,0.3,80
89e6c359,RIDER_009,8,21,0,5,Medium,-5.3,100
771b2ad1,RIDER_033,4,1,1,4,High,-4.9,58
61c59ab3,RIDER_113,7,8,1,9,Medium,-0.8,68
8ec1346a,RIDER_149,4,23,1,1,Medium,2.5,78
9b50129b,RIDER_085,1,16,0,10,Medium,6.1,100
d133c602,RIDER_010,1,5,0,6,Medium,0.7,70
8e78babf,RIDER_006,1,7,1,3,High,-1.6,50
ccde76bd,RIDER_115,2,3,0,5,High,9.8,99
bb450f18,RIDER_121,6,24,0,4,Medium,-2.5,100
04a1498a,RIDER_141,10,21,1,3,Medium,-1.8,84
c1b79531,RIDER_065,5,2,1,1,High,0.2,61
79ba1c1f,RIDER_020,2,2,1,6,Medium,8.2,49
c3560e20,RIDER_057,8,20,1,4,Medium,4.9,96
675a1fb1,RIDER_046,9,23,1,2,High,-0.3,96
d06d18ca,RIDER_136,7,10,1,5,Medium,1.3,64
e519b812,RIDER_010,9,20,1,7,Low,1.6,81
f6d9b0d8,RIDER_113,4,9,1,10,Low,-5.0,53
302d22ac,RIDER_139,7,18,1,9,Medium,3.5,84
ba597171,RIDER_012,5,6,1,9,Medium,2.0,52
39b30a6e,RIDER_138,5,20,1,1,High,1.2,83
18c9033b,RIDER_011,3,6,1,10,Low,3.1,43
07c9a2cc,RIDER_118,9,10,0,9,Medium,5.1,100
a163ce9c,RIDER_039,10,9,1,3,Medium,1.8,82
a96d3016,RIDER_053,5,9,1,2,High,1.4,68
cf52d46e,RIDER_056,6,3,1,6,Medium,5.1,59
bd03b881,RIDER_104,3,12,1,9,Medium,-2.7,52
951f91ee,RIDER_129,10,11,0,7,Medium,-3.1,100
d46bb60e,RIDER_056,7,14,1,7,Low,1.3,58
5495f984,RIDER_118,9,19,1,3,High,5.0,100
9fe9db1a,RIDER_132,9,10,1,9,Low,1.7,75
9caae111,RIDER_030,10,19,1,1,Medium,6.1,100
e34fa8fa,RIDER_012,10,5,1,5,Medium,1.0,78
836b41cd,RIDER_035,5,22,1,2,Low,8.5,78
06f39e78,RIDER_077,7,9,1,7,Medium,1.4,72
71fe66ea,RIDER_102,3,1,0,2,Medium,4.7,46
e3fcac12,RIDER_087,6,15,1,1,Low,5.0,62
86a404a7,RIDER_052,8,24,1,8,Medium,3.8,92
b0045bb8,RIDER_080,8,4,1,8,Medium,2.5,61
35e1ceb1,RIDER_135,2,7,0,8,Medium,1.2,97
b62c0c21,RIDER_022,6,6,1,2,Low,3.8,46
93ea6cf7,RIDER_075,7,15,1,1,Medium,6.2,83
dd24da7b,RIDER_058,7,6,1,3,Medium,7.0,73
0270b58c,RIDER_093,3,7,1,1,High,-0.6,56
ff969aef,RIDER_103,9,20,1,7,Medium,-1.3,76
bd35ad5e,RIDER_140,2,22,0,9,Low,-2.4,100
4d847efe,RIDER_007,3,3,1,0,Medium,-2.9,40
8155fe0c,RIDER_128,2,21,0,1,Medium,3.7,65
667d279e,RIDER_055,9,13,1,5,Medium,4.4,85
c868f584,RIDER_106,4,2,0,8,High,7.0,100
b9785cdb,RIDER_062,2,3,1,9,High,2.2,53
14cea46e,RIDER_090,3,13,1,4,Medium,0.6,53
636e793b,RIDER_098,4,9,0,4,Medium,9.6,92
1e5bc23d,RIDER_077,10,22,1,2,Low,0.8,84
0cbb5bc1,RIDER_119,6,19,0,7,Medium,-3.3,100
7131d770,RIDER_036,5,18,1,5,Medium,-0.7,70
91ef57d5,RIDER_089,3,5,0,9,Low,-1.7,94
beda86d3,RIDER_145,10,10,1,1,Low,5.8,80
c37f74d8,RIDER_130,8,14,0,4,High,-1.2,100
37fa8f61,RIDER_141,8,21,1,3,Medium,7.8,88
0ed260ac,RIDER_093,7,17,1,10,Medium,2.2,78
7ffcf51e,RIDER_114,3,3,0,9,Low,3.1,95
0a6bfe8e,RIDER_028,1,7,0,8,Medium,5.8,85
fd5f561f,RIDER_143,5,9,1,3,Low,6.3,63
bb2d6fea,RIDER_033,1,5,1,7,Low,0.9,28
f4dbb00b,RIDER_020,6,4,1,0,Low,6.4,57
fd180540,RIDER_140,7,3,1,4,Medium,2.8,59
ba048b74,RIDER_101,5,13,1,8,Medium,3.8,72
84775426,RIDER_023,4,9,0,2,Low,-4.5,45
c7329b99,RIDER_112,2,23,1,10,Low,4.7,54
f4668a9b,RIDER_014,5,7,1,5,Medium,-1.9,48
0c52b684,RIDER_091,9,8,0,10,Medium,7.4,100
d3c90a01,RIDER_077,4,10,1,9,Medium,10.4,66
06ec50c9,RIDER_085,2,1,1,5,Medium,-3.3,30
ea7b8b31,RIDER_109,6,20,0,10,Medium,7.9,100
b43bf4bc,RIDER_031,8,21,0,5,Medium,4.1,100
88a7a750,RIDER_122,2,21,0,3,Medium,-0.1,74
5fb90216,RIDER_107,9,1,0,6,Medium,-4.6,100
232f6c86,RIDER_054,7,19,1,2,High,-10.6,97
fb2edfc3,RIDER_133,2,2,1,5,High,6.6,51
67a294be,RIDER_141,5,12,0,9,Low,6.9,100
18fdf36f,RIDER_043,5,23,1,4,High,-0.3,81
f6fe5f62,RIDER_089,7,13,1,2,High,-1.2,85
4fc15367,RIDER_115,5,14,0,1,High,2.1,79
9fbf43bf,RIDER_099,6,5,1,0,Medium,1.7,63
60379ef5,RIDER_047,9,3,1,7,High,5.9,83
5a2f884e,RIDER_071,3,24,1,0,Medium,2.0,71
659d3db8,RIDER_067,3,17,0,4,Low,5.9,79
12632523,RIDER_062,8,1,0,4,Medium,-0.7,85
b65907c7,RIDER_109,10,14,1,0,Medium,2.8,85
41e32bbf,RIDER_037,6,6,1,8,Low,4.7,51
afe2c4a7,RIDER_119,10,17,0,4,High,0.7,100
a0a641cf,RIDER_086,3,4,0,8,High,1.7,100
cddddb2c,RIDER_126,2,6,0,10,High,9.8,100
e845d64b,RIDER_136,2,1,0,5,High,7.5,89
b0bbb46f,RIDER_052,2,9,1,6,Medium,-2.7,41
10dd48ed,RIDER_091,5,4,1,6,Medium,3.2,58
eead7240,RIDER_033,5,9,1,1,High,-5.8,65
9484c07a,RIDER_081,1,9,0,4,Low,3.8,65
87364275,RIDER_042,2,22,0,1,High,-1.4,70
7c334bb3,RIDER_112,2,13,1,3,Medium,1.2,62
dd5f6b7c,RIDER_126,4,23,1,2,High,4.3,87
8b9fa1b6,RIDER_136,7,17,0,10,Medium,3.1,100
1dac7cf5,RIDER_106,3,21,1,5,Low,-1.3,46
4b79243f,RIDER_125,5,3,1,10,High,-3.3,66
ed479f28,RIDER_113,9,6,1,4,Medium,3.7,72
5af4af33,RIDER_064,5,20,1,0,Low,-0.9,61
f9b588b3,RIDER_123,9,15,0,1,Low,1.0,73
534fedd3,RIDER_114,1,14,1,6,Medium,-2.9,46
c4cf41ee,RIDER_020,9,13,1,8,Low,-7.2,69
ca5a9099,RIDER_016,5,9,1,0,High,4.5,70
93f2630d,RIDER_145,8,23,0,3,Low,0.1,94
eab52dd9,RIDER_019,5,15,0,10,Medium,-1.1,100
4c7b7e55,RIDER_120,6,14,1,2,Medium,7.5,78
4f93c299,RIDER_136,8,4,1,10,Medium,5.2,76
3c5b91ea,RIDER_038,2,11,0,4,Low,3.6,67
9a8896c1,RIDER_093,3,22,1,4,Medium,2.4,68
a6ba6b9d,RIDER_105,9,2,1,9,Medium,-3.3,69
81391292,RIDER_100,5,16,0,9,Medium,4.2,100
595b1594,RIDER_090,5,19,0,10,High,7.0,100
6c759939,RIDER_044,9,16,0,1,Medium,1.9,90
d28eadc4,RIDER_076,10,7,1,4,Medium,6.7,83
2dce7a03,RIDER_145,3,11,1,3,Medium,-1.5,50
1a2d303e,RIDER_079,4,12,1,0,Medium,-4.0,55
30312744,RIDER_073,7,4,1,0,Low,-0.5,53
3e3c1285,RIDER_140,2,16,1,0,Low,2.9,49
a79477f1,RIDER_096,8,16,1,7,Medium,2.0,84
81e0d985,RIDER_089,5,7,0,2,Low,0.9,47
ba6660b2,RIDER_103,1,13,1,8,High,4.1,63
ffdd3bd7,RIDER_146,3,5,1,9,Medium,1.6,48
ec68818e,RIDER_006,9,1,1,1,High,-3.6,70
88eaeaab,RIDER_122,5,5,1,8,High,4.0,74
f41a478b,RIDER_116,8,22,1,10,High,-0.6,96
22cec9f6,RIDER_062,1,14,0,8,Medium,2.6,100
564cd2f3,RIDER_144,7,11,1,3,Medium,0.5,69
73ebaed3,RIDER_136,7,2,0,3,Medium,-3.7,74
233fefb1,RIDER_089,8,24,1,3,High,3.4,100
d4fbe79d,RIDER_096,3,18,1,0,Medium,-0.6,58
38c8f8a1,RIDER_126,1,15,1,4,Low,-1.7,36
1916f737,RIDER_090,9,14,1,5,Low,0.2,76
76fe30fa,RIDER_086,1,13,0,3,Medium,3.5,71
2a6a1f42,RIDER_138,6,2,0,7,Medium,2.1,99
c811dc6e,RIDER_121,9,19,1,2,Medium,-2.2,94
ce2e8871,RIDER_076,2,8,1,10,Medium,0.6,36
1ee94d9c,RIDER_092,4,22,1,8,Medium,3.9,68
f81219ab,RIDER_070,2,17,0,6,Medium,1.9,93
c716abb9,RIDER_148,4,15,1,7,Low,-1.9,52
b4b14bf1,RIDER_133,2,20,0,6,Medium,4.9,99
0f91306a,RIDER_023,1,21,1,8,Low,7.8,54
0796ab0e,RIDER_137,3,14,1,1,Medium,-0.1,49
25c34270,RIDER_058,8,3,1,3,High,1.6,75
b511da0f,RIDER_046,5,17,1,1,Medium,4.0,65
1d46be9d,RIDER_022,4,3,1,7,Low,1.1,36
ca622c18,RIDER_008,5,13,1,1,High,4.2,77
3530d079,RIDER_123,6,18,1,7,Medium,-3.3,67
d38ad421,RIDER_020,6,1,1,5,Medium,1.9,59
b5ac671d,RIDER_078,5,7,1,6,Medium,5.6,64
eb509f59,RIDER_039,6,23,1,10,Medium,-2.5,82
81723734,RIDER_037,9,5,1,5,Low,1.3,63
3b666ef1,RIDER_075,5,2,1,8,High,-3.2,61
b9138336,RIDER_118,6,17,1,3,Low,1.7,64
982a64e7,RIDER_104,4,21,1,0,Low,5.3,65
72bc4aa4,RIDER_031,3,10,1,8,Medium,0.7,52
26b7e37e,RIDER_123,6,4,0,9,Medium,5.1,100
b21f0b38,RIDER_054,5,9,1,7,Low,6.1,56
c02b0033,RIDER_034,4,21,1,0,Low,-5.1,65
13823f6c,RIDER_122,5,11,1,9,Medium,-0.9,58
15d9b63e,RIDER_113,7,12,0,5,High,-3.3,100
ae1f7fd3,RIDER_062,1,12,0,9,Low,2.4,99
9036b5ce,RIDER_023,1,18,0,3,Low,6.2,74
2f455663,RIDER_046,1,4,0,10,High,3.2,100
aded199c,RIDER_056,2,9,1,1,Medium,3.6,43
18387abc,RIDER_135,9,8,1,2,Medium,0.4,71
0aaa2d0e,RIDER_118,5,19,1,8,Medium,4.6,82
416ccf4a,RIDER_131,9,24,1,4,Medium,2.8,95
da27c739,RIDER_113,5,13,1,6,Medium,6.9,73
4bb21a50,RIDER_044,7,2,1,1,Low,2.7,56
92cf6179,RIDER_128,6,19,1,7,Medium,-3.9,79
ffbea43d,RIDER_108,2,14,1,2,Low,-2.9,37
ecef56bb,RIDER_017,3,5,1,0,Medium,-2.5,43
7de705d7,RIDER_059,5,10,1,7,Low,-0.3,49
25845fbf,RIDER_138,4,24,0,10,Medium,8.0,100
83279607,RIDER_099,6,17,1,10,Medium,6.6,77
bd6a0c27,RIDER_084,8,20,1,8,Medium,3.7,84
4eb69fad,RIDER_146,8,16,1,7,Medium,5.2,93
7f731966,RIDER_045,3,17,1,0,High,4.8,86
4cdc71b7,RIDER_108,4,1,1,6,Medium,6.2,56
0f7a4261,RIDER_062,1,21,0,6,Medium,-2.1,85
3652409e,RIDER_059,2,22,1,3,Low,7.1,57
7be461d6,RIDER_138,9,15,1,7,Low,2.4,73
1c0ba132,RIDER_011,10,17,0,4,Low,3.3,100
77f4db55,RIDER_102,10,11,0,3,High,6.5,100
f7a33a5b,RIDER_070,2,22,1,4,Medium,3.1,64
6065f74a,RIDER_123,6,5,1,10,Medium,-1.5,54
bd0d36b2,RIDER_034,7,4,0,1,Medium,1.3,55
92ce2e12,RIDER_101,6,21,1,3,Medium,4.8,79
35538b4c,RIDER_145,8,24,1,9,Medium,-0.4,95
33fb4a40,RIDER_104,9,9,1,7,Medium,-0.3,74
6258c82c,RIDER_040,8,16,1,6,Medium,3.4,75
2778e76b,RIDER_019,5,12,0,7,Low,2.7,100
ae02bdcc,RIDER_067,8,18,1,6,High,-0.6,92
e393784b,RIDER_082,10,22,0,6,Medium,7.4,100
7d3343a5,RIDER_064,10,3,1,10,Medium,2.8,74
08babf29,RIDER_083,9,15,1,6,Medium,-6.6,76
f48dc809,RIDER_047,8,18,1,1,Medium,3.7,83
66215534,RIDER_006,2,12,0,2,Medium,4.6,62
d7d6a192,RIDER_016,2,13,1,0,Medium,4.8,58
dfd0560e,RIDER_146,3,1,0,1,Medium,0.3,40
d45181ef,RIDER_039,7,4,1,9,Low,-1.7,50
e8563ce8,RIDER_113,9,8,0,5,Low,2.2,100
a8018c0c,RIDER_140,8,19,0,1,High,2.8,100
e1bdfc9a,RIDER_138,9,21,1,0,Low,5.1,88
bb7b0901,RIDER_071,6,21,1,7,Medium,3.4,81
f68a62f7,RIDER_110,1,5,1,8,Medium,6.4,45
fa149158,RIDER_055,4,11,1,6,Low,6.6,51
dc4b703e,RIDER_129,6,24,0,2,Medium,2.1,81
9992424e,RIDER_049,6,24,1,0,Medium,-1.9,73
23308639,RIDER_021,8,17,1,3,Low,6.1,69
b1be6945,RIDER_037,1,17,1,9,Medium,4.3,48
3802b598,RIDER_116,2,2,1,10,High,-2.0,46
e7e6e8a9,RIDER_024,2,24,0,2,Medium,1.1,67
c512fa4f,RIDER_055,6,1,1,10,High,-2.1,64
6fffbb5b,RIDER_025,7,4,1,2,Low,-5.7,53
85318d2e,RIDER_135,2,9,0,1,Medium,-1.9,46
4f5ef761,RIDER_127,5,2,0,10,Low,-6.6,100
dd10b9e1,RIDER_093,6,3,1,9,Low,3.9,54
f1999d37,RIDER_094,4,6,1,2,Medium,2.2,48
2640057a,RIDER_071,1,13,1,10,Low,-1.4,34
61a4d656,RIDER_122,3,15,0,4,Low,4.9,85
f514777e,RIDER_024,10,11,0,3,High,-3.7,100
46365d14,RIDER_011,9,10,1,0,High,7.0,94
08a35f5a,RIDER_073,6,3,1,0,Low,0.2,47
52a02196,RIDER_012,2,20,1,0,Medium,3.7,66
4a44d6b6,RIDER_035,9,9,1,9,Low,-2.2,70
124d50fc,RIDER_141,4,10,1,8,High,2.5,71
09869f2a,RIDER_023,8,21,1,8,Medium,1.6,82
d9801a11,RIDER_083,10,23,1,8,Medium,0.8,92
3065db49,RIDER_088,7,24,0,9,Medium,0.1,100
b17cdd42,RIDER_080,3,23,1,3,Low,3.6,68
084ead6d,RIDER_097,8,12,0,3,Low,-1.6,87
0167a650,RIDER_140,4,8,0,9,Medium,-5.9,100
5533a989,RIDER_034,2,21,0,6,High,1.7,100
f7789b7b,RIDER_075,5,21,1,2,High,6.2,95
ae6c4eba,RIDER_128,1,21,1,9,High,-4.7,69
7ddece9a,RIDER_141,8,17,1,2,Low,2.3,73
7730443d,RIDER_031,8,22,1,3,High,2.0,99
e4fe5efa,RIDER_130,3,5,0,10,Medium,4.2,100
20cce44d,RIDER_103,1,24,1,5,Medium,2.4,55
6637ebf2,RIDER_015,4,8,1,0,High,-0.8,56
3532ab9a,RIDER_057,9,18,1,10,Medium,-4.5,88
e7618e91,RIDER_075,9,11,0,2,Medium,2.3,74
5d68a7c0,RIDER_034,1,22,1,4,Medium,-0.7,57
ed720984,RIDER_103,7,10,1,10,High,-1.4,69
d55ace89,RIDER_075,6,15,0,3,High,2.4,100
96327a41,RIDER_029,7,6,1,7,Low,-2.3,52
20a01324,RIDER_016,7,19,1,8,High,2.5,94
4ac02349,RIDER_077,8,17,1,7,High,4.1,96
468e6ac2,RIDER_037,8,23,1,10,Medium,-4.0,84
5117a82d,RIDER_081,10,10,1,10,Low,5.9,76
68f56d95,RIDER_149,2,5,1,8,Medium,1.9,40
008d043b,RIDER_124,4,16,0,7,Medium,6.1,100
000be1f5,RIDER_019,4,12,0,9,Medium,0.7,100
fb2f593b,RIDER_102,10,21,1,0,Low,9.4,94
0b4a185c,RIDER_136,8,24,1,6,Medium,7.9,98
400957ed,RIDER_077,3,5,1,8,High,2.0,55
0eae6246,RIDER_041,3,21,1,0,High,1.4,77
56b7cbae,RIDER_061,2,1,1,9,Low,-7.7,19
7682a016,RIDER_026,1,2,1,0,Medium,1.2,35
08e5d116,RIDER_071,8,5,1,9,High,3.1,92
388007d6,RIDER_103,9,23,0,1,Low,1.9,86
b2f591c2,RIDER_070,9,19,0,4,Low,2.7,100
0930f877,RIDER_107,8,15,1,7,Medium,3.9,87
ed7e7145,RIDER_107,5,1,1,7,Medium,0.8,43
65f7dfc9,RIDER_103,1,11,1,9,Low,2.9,41
755c1857,RIDER_019,9,18,1,3,High,-0.5,93
e74ffb55,RIDER_068,6,3,1,6,Medium,-2.9,64
4f4cdec6,RIDER_070,7,9,0,6,Medium,8.7,100
04d90336,RIDER_113,8,24,1,8,Medium,-2.8,85
db9f85e4,RIDER_057,5,4,1,8,Medium,0.9,53
94ac0718,RIDER_061,6,24,1,2,Medium,5.0,89
964ae207,RIDER_092,7,13,1,10,Medium,1.0,69
fa157e13,RIDER_030,7,9,1,7,Medium,4.3,76
5c54a105,RIDER_127,2,3,0,4,Medium,6.3,66
4745d8ad,RIDER_115,1,16,0,4,High,2.3,83
fadacbcc,RIDER_006,8,22,1,7,High,3.8,97
f36f955d,RIDER_018,5,8,1,5,High,4.2,74
51da977f,RIDER_010,10,7,0,9,Low,-1.4,100
c35aeeeb,RIDER_092,2,23,1,9,Low,-3.6,46
87d954bc,RIDER_139,3,17,1,0,High,10.1,84
dc173e45,RIDER_077,6,16,1,3,Low,3.7,62
4248f93c,RIDER_101,10,21,1,8,Low,-1.5,86
27ec5db7,RIDER_084,6,22,1,4,Medium,10.4,95
bdac1925,RIDER_052,8,18,0,3,High,-3.9,100
fff0f5e6,RIDER_031,5,16,1,10,High,-1.5,75
4f46ee90,RIDER_145,5,15,0,9,Medium,0.1,100
58c889fc,RIDER_110,7,2,1,0,High,5.9,75
44ba41cd,RIDER_093,10,20,0,8,Medium,0.4,100
42b79051,RIDER_053,5,4,1,7,Medium,1.6,62
7b06943d,RIDER_145,9,5,1,2,Low,-2.9,65
7571ed12,RIDER_086,6,7,0,8,Medium,1.3,100
f21bc427,RIDER_002,7,15,1,0,High,0.9,88
13be1e99,RIDER_086,8,17,1,3,Low,-4.4,61
45b3ec3a,RIDER_133,5,10,0,4,Medium,0.7,81
38e8c5c7,RIDER_004,4,20,1,3,High,-1.6,75
15f425e7,RIDER_006,8,9,0,3,Low,7.8,90
b2194675,RIDER_149,10,16,0,8,Low,3.1,100
dd04eee1,RIDER_118,9,24,1,4,Medium,7.9,100
94277694,RIDER_089,1,3,1,0,Low,-5.6,21
d9b35b27,RIDER_014,3,22,1,6,Medium,-2.1,62
f1a4f6a1,RIDER_056,4,9,0,5,Medium,-0.9,82
882bbcd7,RIDER_081,7,8,1,8,Medium,-1.2,62
cfae79ba,RIDER_149,6,23,1,3,Low,3.2,76
b3fde192,RIDER_046,10,7,1,9,Medium,0.9,80
a670581f,RIDER_144,10,17,0,5,Low,-2.0,100
93787a83,RIDER_016,1,5,1,9,Low,13.4,45
b6e6a8cf,RIDER_120,4,7,0,6,Medium,2.8,92
1d63c36e,RIDER_084,6,13,0,3,Low,-6.1,75
9ba48ee7,RIDER_008,3,18,1,8,Medium,4.9,68
3a1f3629,RIDER_088,2,22,1,0,Low,11.6,64
deae3cf4,RIDER_131,2,14,1,0,Medium,4.9,56
4303ae3a,RIDER_019,10,18,1,2,High,-2.1,100
799fe3d0,RIDER_097,4,3,0,8,Medium,0.2,92
0cf6f680,RIDER_066,1,17,0,4,Medium,5.3,80
ac3e34fb,RIDER_079,10,19,1,0,Medium,-1.8,89
b9e3caa6,RIDER_086,2,7,1,4,Medium,1.4,46
eca00e0d,RIDER_124,10,21,1,5,High,-1.6,100
097a0f86,RIDER_150,2,4,0,3,Medium,4.4,65
ff76e0c2,RIDER_046,4,15,1,6,Low,5.2,52
78c623ca,RIDER_113,4,24,0,10,Medium,7.3,100
c92883da,RIDER_091,1,8,1,2,Medium,6.0,50
7385253d,RIDER_141,7,16,1,4,Low,7.7,73
27f77ec0,RIDER_033,7,1,1,5,Low,8.5,61
8dc1b36e,RIDER_133,10,16,0,6,Medium,-3.6,100
010c1dcd,RIDER_077,10,2,1,9,High,-1.1,85
cc1c7af8,RIDER_121,10,2,1,1,Medium,-1.7,69
172e1c97,RIDER_128,1,8,0,4,Medium,2.7,66
394d1bb0,RIDER_078,8,12,0,6,High,-0.5,100
05eb8f9b,RIDER_067,10,11,0,6,Medium,0.5,100
b60a5282,RIDER_115,7,6,1,2,Medium,6.3,74
c6a85b5e,RIDER_063,7,19,0,7,High,4.2,100
e6b241bb,RIDER_113,6,18,1,0,Low,0.0,59
485fa33a,RIDER_094,4,5,0,3,Low,5.2,69
875bb0b6,RIDER_048,8,15,0,2,High,3.2,90
eec37d0f,RIDER_012,2,8,1,3,High,3.2,59
81fa719c,RIDER_145,7,6,1,10,High,4.7,79
628483e5,RIDER_040,3,12,0,8,Low,-7.8,99
e182f52a,RIDER_085,3,19,1,10,Medium,-1.6,65
fe7816e5,RIDER_057,7,12,0,7,Medium,-2.1,100
1a8f4c4d,RIDER_087,3,12,1,10,Low,2.1,34
4ba12655,RIDER_084,5,9,0,3,Medium,5.1,82
f9599dd5,RIDER_121,8,24,1,7,Medium,-0.1,85
59812298,RIDER_074,4,10,1,0,Low,-1.7,44
011c998b,RIDER_107,7,22,1,7,High,-6.7,96
40d6a381,RIDER_124,7,17,1,9,Medium,3.5,77
587b255b,RIDER_100,2,18,1,1,Medium,-2.7,53
353197f4,RIDER_043,8,16,1,5,Medium,3.2,84
9eed96f4,RIDER_119,10,4,1,5,High,-1.5,86
da327600,RIDER_023,10,18,0,2,Medium,4.2,97
570c7984,RIDER_037,9,3,1,4,Medium,3.5,68
c9a151f9,RIDER_134,6,16,0,1,Low,-5.1,65
be1623c4,RIDER_065,5,14,1,10,Medium,5.5,71
53a8b99f,RIDER_134,1,24,1,7,Medium,3.2,53
af038625,RIDER_022,1,9,1,7,Medium,6.3,43
c33bdadc,RIDER_105,9,6,1,4,Medium,-3.5,70
352229df,RIDER_088,4,4,1,6,Medium,-2.4,47
2d67d0b7,RIDER_125,1,2,1,7,Medium,0.4,33
85e60fbe,RIDER_079,10,23,1,10,Medium,1.4,100
679ee9f8,RIDER_090,3,10,1,3,Low,0.9,41
bba4be76,RIDER_051,6,11,1,1,Medium,-5.8,63
57647266,RIDER_102,8,7,1,4,High,3.1,79
da06d15b,RIDER_106,10,5,1,6,Low,0.9,68
ba9bd0c8,RIDER_060,2,4,0,3,Low,0.5,50
03767733,RIDER_046,8,6,1,3,Low,2.1,64
5117d44c,RIDER_036,1,2,1,3,Low,3.0,29
2905abe6,RIDER_011,2,2,1,8,High,1.5,49
6e5e5d08,RIDER_012,8,16,1,8,Medium,-1.9,79
c5ff9254,RIDER_039,7,23,1,10,Low,-3.5,74
e4ff3ecf,RIDER_139,5,23,0,9,High,5.5,100
cbab1dee,RIDER_036,10,13,0,7,Low,-1.9,100
4ee3ad65,RIDER_052,2,21,1,10,Medium,-3.0,55
7d25b6a1,RIDER_031,9,7,1,7,Medium,2.1,70
c755edae,RIDER_033,5,5,1,6,Low,3.9,46
ce6be402,RIDER_141,8,17,1,0,Medium,7.1,90
407001a3,RIDER_146,4,13,0,7,Low,-1.5,96
60bf1898,RIDER_058,9,15,0,10,Medium,-0.9,100
da48a67c,RIDER_128,10,3,1,10,Low,2.8,76
77a81590,RIDER_031,7,23,0,3,Low,4.6,100
7f529c26,RIDER_055,2,4,1,0,Medium,-0.3,32
36b2ec66,RIDER_010,3,15,1,0,Medium,4.6,59
6b9a0c4a,RIDER_130,2,18,1,2,Medium,-0.4,58
ca826540,RIDER_015,5,3,1,2,Medium,2.5,56
b664cba1,RIDER_003,2,7,0,9,Low,-3.2,92
4da034e3,RIDER_043,5,8,1,0,Low,3.7,48
f80bf66a,RIDER_067,9,11,1,7,Medium,4.0,85
452be0b2,RIDER_056,2,22,1,3,Medium,2.8,62
3a2a6f2b,RIDER_063,9,9,0,3,Medium,-5.5,94
88b15e5a,RIDER_015,7,20,0,5,Medium,0.4,100
9979be17,RIDER_109,7,12,1,8,Low,3.4,64
de255ddc,RIDER_116,5,5,1,8,Medium,-1.2,44
cdf2baff,RIDER_092,8,1,0,7,Medium,6.8,100
a7829d95,RIDER_138,7,14,1,0,Low,11.1,75
1b69a980,RIDER_047,6,3,0,9,Medium,-1.5,100
b612a993,RIDER_057,2,15,1,9,Low,4.5,51
6bc14bc5,RIDER_050,6,10,1,1,Low,1.4,56
d6c1ac46,RIDER_071,2,10,0,2,High,3.8,59
a0c12ff2,RIDER_143,1,24,0,10,High,1.5,100
a91cae82,RIDER_146,9,3,1,4,Medium,1.3,73
0d2ae7fb,RIDER_082,5,6,1,4,Medium,0.2,59
436ce675,RIDER_116,10,5,0,9,Medium,4.1,100
f9308ef3,RIDER_105,10,24,0,7,Low,-4.0,100
b2af337c,RIDER_088,4,19,0,1,Medium,-0.8,57
3fa69e26,RIDER_002,8,14,1,1,Low,2.3,74
3853f7ba,RIDER_104,5,17,0,7,Medium,-0.4,100
6efc67f8,RIDER_084,7,12,1,0,High,6.9,87
20095e70,RIDER_043,3,9,0,8,High,4.2,100
add9e3d6,RIDER_071,8,3,1,1,High,-2.3,73
0a2560cf,RIDER_094,8,18,0,4,Low,1.0,99
422419dd,RIDER_042,3,4,1,2,Medium,5.1,48
4e92f003,RIDER_133,9,14,0,4,High,3.2,100
1243f9d2,RIDER_139,8,24,1,7,Medium,1.5,93
1632960b,RIDER_065,1,6,1,7,Low,1.4,25
4e1b0227,RIDER_034,8,15,0,5,High,6.7,100
d697d600,RIDER_120,4,17,1,8,Medium,-3.3,62
30345829,RIDER_001,6,24,1,6,Low,9.3,81
5d0cbb71,RIDER_130,10,5,0,1,Medium,2.8,82
dfc42c82,RIDER_148,9,6,1,0,Low,8.9,71
62ae252c,RIDER_061,5,21,0,7,Medium,1.9,100
373a155f,RIDER_149,7,5,1,0,Low,12.0,73
3980350f,RIDER_088,1,19,0,7,Medium,-0.5,97
926b3c26,RIDER_068,9,14,0,8,High,2.3,100
420cfdfe,RIDER_127,6,4,1,0,High,5.3,69
6d47c025,RIDER_140,4,5,0,6,Medium,5.1,92
f663bc16,RIDER_022,6,11,1,4,Medium,-1.5,56
51bc509d,RIDER_148,5,2,0,7,Medium,-3.8,94
8d7f01ca,RIDER_082,3,22,0,3,High,-1.4,93
e806aca5,RIDER_129,7,2,1,1,High,1.0,80
bbfef80e,RIDER_030,3,20,1,6,Medium,1.4,66
66a92776,RIDER_126,2,12,0,6,Low,2.4,83
60bc725b,RIDER_097,4,16,1,7,Medium,4.9,72
feebde10,RIDER_024,7,17,1,8,Medium,1.6,74
e06cf097,RIDER_014,5,4,1,5,High,-6.0,64
d54f4778,RIDER_036,9,14,1,2,Medium,5.9,81
2177add6,RIDER_024,10,7,0,4,Medium,6.6,100
103e4109,RIDER_095,7,15,1,2,Low,3.3,72
3ac85f76,RIDER_055,9,16,1,9,Medium,0.9,90
56237cbe,RIDER_024,9,8,0,8,Medium,3.0,100
48b4fe40,RIDER_026,2,2,1,4,High,6.6,55
fcbfe16e,RIDER_080,1,19,0,6,Medium,-2.5,91
cbbd5469,RIDER_065,4,1,0,9,Low,-0.5,91
e86b2121,RIDER_075,4,23,0,6,Medium,-0.5,100
f5650169,RIDER_043,2,4,0,6,Low,-2.5,77
97a39805,RIDER_029,3,24,1,9,Low,12.7,72
54c466b6,RIDER_081,3,21,1,3,Low,2.5,56
70004685,RIDER_054,5,22,1,3,High,-2.5,88
ea0700b7,RIDER_039,1,11,1,2,High,-3.5,44
dfc7d7ba,RIDER_042,9,10,1,3,Medium,5.4,79
9e3b4ceb,RIDER_029,8,18,1,8,Medium,6.6,88
3a279d0d,RIDER_131,8,1,1,4,High,5.8,79
bb0f43dc,RIDER_138,3,17,1,5,Medium,9.5,73
ed3011d6,RIDER_142,2,16,1,3,Medium,0.2,51
9641bfcf,RIDER_042,1,12,1,0,Medium,-3.1,40
6c95774a,RIDER_094,6,16,1,6,Medium,12.3,84
22171ac7,RIDER_032,10,9,1,6,High,-0.7,89
629c7c5f,RIDER_026,1,17,0,5,Medium,4.6,84
82e29414,RIDER_115,5,3,0,3,Medium,-1.4,73
cb291208,RIDER_129,9,18,0,9,Low,6.3,100
eaf949c5,RIDER_056,9,15,0,7,High,-3.1,100
7eeadc9b,RIDER_122,4,15,0,7,Low,12.2,100
3cb1a8a0,RIDER_106,7,16,1,0,High,3.6,97
cfd1b185,RIDER_130,7,20,1,8,High,-3.4,91
062031e2,RIDER_081,4,1,0,7,High,-6.5,98
d4fae910,RIDER_120,5,1,1,1,Medium,1.7,44
abe0ea93,RIDER_052,9,4,1,8,Medium,6.4,75
b5aeae1a,RIDER_091,7,13,1,3,High,0.2,87
eacd259a,RIDER_137,7,4,1,9,High,7.2,81
fc07217e,RIDER_022,10,23,0,5,High,-2.1,100
71b7ed43,RIDER_034,7,8,1,1,Low,5.1,59
fb0252a1,RIDER_110,9,13,1,9,Medium,0.9,83
f818d3fe,RIDER_049,5,24,1,3,High,4.9,84
406fdf39,RIDER_129,6,8,0,1,Medium,-1.3,59
f06770a5,RIDER_073,3,14,0,8,Low,-0.3,94
479dea05,RIDER_084,1,1,1,8,Medium,-3.5,32
c316cf44,RIDER_053,2,9,0,4,Low,6.7,71
f8003f59,RIDER_100,8,24,1,2,High,0.0,100
cae5f7ad,RIDER_124,1,1,0,2,Medium,0.1,26
f13298d8,RIDER_045,10,7,1,0,Medium,-0.0,77
00bd3089,RIDER_137,7,20,0,7,Medium,4.2,100
879f711f,RIDER_105,5,13,1,2,High,-7.0,73
aaee7e59,RIDER_150,6,15,1,3,Low,-3.1,60
9dec7852,RIDER_146,8,9,1,1,Low,7.4,72
edde9983,RIDER_106,4,16,1,7,Medium,2.9,65
a92de23b,RIDER_043,6,17,1,2,Medium,-0.4,68
64640a2e,RIDER_134,3,9,1,10,High,5.5,64
533b87e5,RIDER_048,7,6,1,1,Low,2.8,55
98cb7ba1,RIDER_126,2,20,1,0,Medium,7.4,70
6fb94986,RIDER_007,8,12,1,9,Medium,-0.4,71
4d63c697,RIDER_016,7,16,0,1,Medium,-1.2,78
95214470,RIDER_129,8,21,0,1,High,-3.5,97
b33f9b22,RIDER_115,2,15,0,3,Low,6.3,72
51874f41,RIDER_037,3,7,0,10,Medium,6.3,100
52bcf35d,RIDER_125,4,10,1,0,High,4.8,75
122e62a9,RIDER_081,9,4,1,0,Low,-1.9,58
5de6c247,RIDER_062,5,24,1,5,Medium,-3.7,62
6ae3d9d1,RIDER_072,6,3,1,4,Low,5.6,57
68cb0a03,RIDER_125,1,18,1,0,Medium,3.0,56
0ab8890c,RIDER_066,4,1,1,5,Low,-1.7,32
048fc2cc,RIDER_030,4,13,1,7,Medium,4.5,65
43cbfeb1,RIDER_020,10,22,0,4,Medium,9.5,100
d6e4ca98,RIDER_082,8,18,1,2,Medium,0.6,81
57aaae9c,RIDER_107,8,8,0,2,Medium,1.7,78
20e92439,RIDER_132,10,11,1,10,Medium,5.8,86
1fe3ac15,RIDER_037,6,10,1,1,High,7.0,77
b41e6ac4,RIDER_132,8,4,1,8,Low,2.2,58
810ed352,RIDER_077,9,4,0,8,Medium,-5.0,100
dbb84ac0,RIDER_089,5,4,1,6,Medium,6.3,52
5528460e,RIDER_146,1,12,1,0,Medium,-0.6,41
70d2976a,RIDER_088,1,8,1,0,Medium,3.7,46
6f669e75,RIDER_033,2,13,1,3,Low,6.6,52
ce286071,RIDER_058,2,8,1,1,Medium,4.8,49
5a932ac9,RIDER_028,5,21,1,2,Low,2.4,64
b53de453,RIDER_035,7,3,1,1,High,1.9,74
052d9e5d,RIDER_125,7,12,1,0,Medium,-1.0,73
e90d2546,RIDER_138,4,18,1,2,Low,3.0,56
b1c92940,RIDER_065,4,15,1,6,Medium,-2.3,62
c8ed1c03,RIDER_042,10,14,0,9,High,5.4,100
d358929b,RIDER_085,3,9,1,8,Medium,5.7,55
e61bd7e0,RIDER_137,2,5,1,9,High,1.8,47
dc2d89ba,RIDER_111,3,15,1,8,Medium,-0.8,51
e0da319f,RIDER_015,8,8,0,7,Medium,-5.0,100
8720ced8,RIDER_069,1,23,0,5,Low,-1.3,85
3c61988e,RIDER_105,4,3,1,0,Low,-0.8,38
dcfce11a,RIDER_150,7,12,1,7,Medium,2.3,82
62342f19,RIDER_064,5,5,0,7,Medium,-1.5,97
5b1e01c8,RIDER_041,2,9,0,8,Medium,5.6,98
85eeea3b,RIDER_071,1,20,0,9,Medium,7.7,100
a6da6443,RIDER_056,6,3,1,10,High,2.5,64
9bf5923f,RIDER_025,5,23,0,5,Low,-3.4,99
35df87da,RIDER_105,3,8,1,2,Low,-7.0,36
0b61b59d,RIDER_134,9,21,1,5,Medium,2.2,89
2314738d,RIDER_119,3,13,1,7,Medium,0.4,52
6306d7da,RIDER_009,2,8,1,6,Medium,-2.1,48
86277405,RIDER_060,5,5,1,7,Medium,0.9,60
9941749c,RIDER_125,9,7,1,2,Medium,11.8,90
ae265afd,RIDER_049,8,5,0,7,Low,9.3,100
fe74183d,RIDER_051,6,9,1,4,High,9.1,89
3a8dc11f,RIDER_070,3,5,0,6,Low,0.2,75
8cb02021,RIDER_037,6,8,1,3,Medium,0.8,56
89515740,RIDER_031,5,12,0,2,Low,5.9,63
65c8e523,RIDER_062,1,4,0,5,Low,2.2,58
31786495,RIDER_093,5,9,1,8,Medium,4.4,60
3b6982bb,RIDER_014,7,22,0,3,Medium,-3.0,100
75d3d89e,RIDER_079,9,22,1,8,Medium,3.8,100
ac685935,RIDER_008,1,14,1,2,High,-4.0,57
a176b793,RIDER_036,3,19,1,5,Medium,-7.4,58
f1d9c827,RIDER_048,8,13,1,4,Low,0.5,66
518d4a20,RIDER_085,6,3,1,8,Medium,5.8,65
0aad86ec,RIDER_028,5,4,1,5,Low,3.5,46
2965ad97,RIDER_051,10,1,0,1,Low,1.3,62
6fcb4c40,RIDER_104,2,22,1,3,High,-6.4,68
225a3a95,RIDER_101,3,1,1,4,Medium,-4.5,35
75b6fa21,RIDER_029,2,11,0,10,Medium,0.9,100
558f3724,RIDER_127,1,16,1,10,High,0.6,60
b5adaf30,RIDER_082,7,4,0,8,Medium,1.8,100
f8bf4690,RIDER_010,3,7,1,0,Medium,9.2,59
c51062e5,RIDER_106,7,12,1,8,Medium,2.6,74
f369475b,RIDER_001,7,6,1,9,High,7.4,81
cd20aca6,RIDER_039,8,24,1,0,Low,-0.9,81
0f69fcd7,RIDER_021,1,20,1,0,High,-7.0,65
1f83fd39,RIDER_065,5,9,1,3,Low,6.3,64
e359099c,RIDER_015,10,8,0,5,Medium,7.3,100
f5c60769,RIDER_132,9,14,0,1,Low,7.9,78
5a5f9e92,RIDER_061,7,15,1,0,High,-1.8,87
2795cb62,RIDER_148,1,21,0,3,Medium,-0.3,73
c30c1e37,RIDER_138,8,22,1,7,Medium,-0.2,85
96be4a50,RIDER_087,3,5,1,5,High,4.0,65
ebf2a9d1,RIDER_105,4,15,1,4,Low,-1.8,52
0345a9f4,RIDER_034,4,6,1,0,Medium,3.3,56
6694af7b,RIDER_124,10,1,1,2,Medium,5.7,74
d2cce77b,RIDER_110,8,20,1,6,Low,4.8,84
1b69d604,RIDER_033,1,9,1,9,Medium,-2.0,36
afdf8a76,RIDER_098,8,4,1,2,Medium,5.9,70
8d30040d,RIDER_061,9,2,1,4,Low,2.3,59
6523568a,RIDER_010,9,6,0,5,Medium,-0.3,97
33e0ad71,RIDER_084,5,2,0,8,Medium,6.1,100
4c4ad91d,RIDER_065,4,3,1,10,High,2.3,59
e2636698,RIDER_077,4,7,0,2,High,7.7,70
379d8821,RIDER_001,9,20,1,5,Medium,6.2,100
d7c0d325,RIDER_133,8,17,1,10,High,4.8,98
a212d400,RIDER_080,10,9,1,1,High,1.8,92
b0dfe45f,RIDER_015,10,22,1,8,Medium,-3.7,91
0aff2bff,RIDER_028,7,9,0,8,High,-3.9,100
e7e984e2,RIDER_023,3,19,0,6,High,12.3,100
518673d0,RIDER_109,4,5,1,10,Low,4.1,45
49e1e30b,RIDER_107,9,6,1,8,Medium,7.3,84
a591febe,RIDER_145,8,18,1,3,Low,2.6,71
70084be1,RIDER_113,1,1,1,9,Medium,1.6,29
8e77e1b3,RIDER_098,3,17,1,0,Medium,2.4,61
ce2bf147,RIDER_141,10,14,1,0,High,2.9,100
0f2c809e,RIDER_142,2,15,1,1,Medium,2.2,54
80725cea,RIDER_139,2,5,0,9,Medium,8.5,100
762d4871,RIDER_028,8,17,1,10,Low,5.5,82
1e0f4e3f,RIDER_042,6,21,0,2,Low,3.6,68
702e69e0,RIDER_099,6,21,1,1,Medium,5.4,85
eee4ef9e,RIDER_061,4,23,1,3,High,5.9,89
1ae06b87,RIDER_123,1,23,1,7,Medium,3.4,60
3dbedf7e,RIDER_064,7,11,1,2,High,4.4,87
06046ea7,RIDER_031,8,10,0,3,High,5.0,100
6735e6cf,RIDER_081,2,17,1,1,Low,4.8,50
028469b6,RIDER_010,2,1,1,0,Low,1.9,32
3598e607,RIDER_008,1,5,1,7,Medium,5.3,38
4d66b912,RIDER_149,4,16,0,6,Low,-2.2,91
dd57b1bf,RIDER_059,6,7,0,9,Low,2.6,100
9cbe88ed,RIDER_030,5,12,1,1,Low,2.0,55
89d2ff9c,RIDER_145,4,8,1,7,Low,5.0,40
07b9aefc,RIDER_020,4,18,0,9,Medium,-0.8,100
a689b459,RIDER_048,10,1,1,2,Medium,-0.1,65
416e459a,RIDER_130,7,20,0,6,Low,-1.3,100
03c11aa9,RIDER_037,7,12,1,0,Low,4.6,64
5fdd35bf,RIDER_129,2,4,0,2,Medium,-4.8,38
dddfcf4f,RIDER_132,7,12,1,8,Medium,-1.6,67
3a61102c,RIDER_100,2,22,0,3,High,-6.0,86
2b6b94f5,RIDER_054,4,1,1,0,Low,-0.7,44
ce6be787,RIDER_122,1,1,0,10,Low,2.1,87
a9cc6046,RIDER_025,5,3,1,5,Medium,6.8,53
39636d51,RIDER_131,1,21,1,0,Low,7.3,61
ab5e66a5,RIDER_009,4,12,0,9,Medium,-3.6,100
b83a8e0f,RIDER_034,9,22,1,0,High,0.5,100
c11516f9,RIDER_043,8,21,0,1,Low,3.7,76
6759ba42,RIDER_074,6,13,1,2,Low,0.7,55
e1dcb4ee,RIDER_094,8,13,1,1,Low,-1.3,68
5032ad97,RIDER_022,5,21,1,7,Low,-5.0,61
448e2e27,RIDER_070,7,9,0,5,Low,-2.4,87
5e2bdf40,RIDER_130,8,18,1,0,Medium,7.1,94
56f28c2d,RIDER_094,7,1,1,5,Medium,6.5,60
73476513,RIDER_032,4,6,1,0,Low,12.8,54
21d1c2ac,RIDER_106,5,23,1,8,Low,5.6,74
09836e04,RIDER_144,10,24,0,2,Medium,-1.9,92
d65b3fdd,RIDER_001,6,5,1,0,Medium,3.9,59
f40d83d7,RIDER_072,6,4,1,0,Medium,4.2,61
f111250a,RIDER_050,9,6,0,1,Medium,4.6,74
672200f1,RIDER_141,10,3,0,5,Medium,1.4,100
b0254ded,RIDER_015,2,17,1,0,Medium,0.9,58
52bbaf79,RIDER_053,6,11,0,6,Medium,3.9,100
74e717e7,RIDER_008,3,4,1,10,Low,-1.4,35
6c1d934a,RIDER_074,2,20,0,3,High,6.4,94
25b779c8,RIDER_046,6,1,1,6,Low,-2.3,42
93a15f12,RIDER_069,4,4,1,3,High,-2.7,58
33bf0d30,RIDER_114,5,23,0,10,Medium,0.4,100
2bf9022a,RIDER_147,5,3,1,3,Medium,4.2,56
bca0d59d,RIDER_123,3,10,0,3,Medium,6.1,85
d8deaa60,RIDER_139,4,22,1,9,Medium,3.8,76
07d2788d,RIDER_117,3,1,0,9,Medium,-0.4,98
96070bb0,RIDER_043,7,4,0,7,Medium,1.4,100
92942ff7,RIDER_020,1,19,1,1,Low,0.2,40
22186cec,RIDER_148,6,1,1,7,Medium,6.2,67
274fe5de,RIDER_021,4,16,0,9,Low,2.8,100
f0012ba7,RIDER_082,1,19,1,10,Low,7.6,55
77972acb,RIDER_057,1,20,1,0,Medium,5.1,64
80115f1c,RIDER_074,5,21,1,6,High,0.9,78
901a6764,RIDER_098,5,22,1,6,Medium,1.5,74
0af28973,RIDER_110,10,18,1,5,Medium,2.3,90
f468ab52,RIDER_115,7,2,1,3,Medium,1.8,54
374fb4b0,RIDER_042,4,6,1,4,High,5.1,68
b48033c6,RIDER_068,9,21,1,0,Medium,3.7,92
fad5bfea,RIDER_070,4,1,1,1,Medium,-0.2,46
c36a6b01,RIDER_078,7,19,1,9,Medium,10.2,92
1234604b,RIDER_090,5,5,1,6,Medium,2.8,51
bb11b1a1,RIDER_111,5,2,0,1,Medium,-1.9,47
f38d8479,RIDER_112,6,1,1,7,Low,4.5,48
9bfe8dd5,RIDER_103,8,16,0,6,Medium,-2.2,100
e0f21f62,RIDER_145,5,21,0,9,Medium,3.3,100
fe673f81,RIDER_019,3,2,1,7,Low,1.8,33
7b3d0adf,RIDER_070,6,4,1,3,Medium,2.3,66
b1aaf21b,RIDER_063,2,3,1,0,Medium,-1.4,36
4bf7d6bb,RIDER_075,8,23,0,6,Medium,1.5,100
b8c515d6,RIDER_104,8,17,1,0,Low,1.6,72
4e9eb45e,RIDER_075,3,15,0,6,Medium,2.0,98
685d77a2,RIDER_128,8,10,0,8,Medium,9.4,100
4933d892,RIDER_056,9,12,1,4,Medium,-0.2,90
34073bab,RIDER_022,5,12,1,1,High,2.9,77
54aed059,RIDER_089,5,20,1,10,Low,-3.2,62
58c3c91c,RIDER_019,6,7,1,0,Low,-6.3,43
bf16cfb9,RIDER_026,7,10,1,7,Low,0.7,50
e6a703d6,RIDER_023,3,5,0,3,Medium,7.7,71
418bedc7,RIDER_047,5,20,0,7,Low,-3.0,100
fa487f69,RIDER_013,1,20,1,1,Medium,4.9,56
bc5bdc29,RIDER_066,10,11,1,2,High,6.7,100
1a9128f7,RIDER_144,5,2,1,2,Low,7.7,43
2c8cf23d,RIDER_073,4,24,1,3,High,4.7,91
7c7a252e,RIDER_077,1,16,0,8,Medium,-1.2,98
e04c0087,RIDER_031,7,12,1,8,Low,-2.9,62
eb34d55e,RIDER_085,1,16,0,4,Medium,-5.5,73
dbf5872a,RIDER_059,8,4,0,6,Low,9.5,100
408c9258,RIDER_041,10,2,1,8,Medium,5.5,80
9bcbe022,RIDER_112,2,10,1,0,High,4.6,68
238b44e7,RIDER_096,10,13,1,1,High,-7.5,92
8170bca4,RIDER_122,5,23,1,5,Low,4.5,75
e54a6980,RIDER_105,6,19,1,2,Low,2.8,74
05f120f7,RIDER_074,9,15,0,10,High,3.3,100
e18fffef,RIDER_132,7,23,1,10,Medium,0.3,81
59d1d051,RIDER_099,6,1,0,6,Medium,2.7,93
340649c1,RIDER_126,5,17,0,4,Medium,-2.2,92
65bca5b1,RIDER_138,6,20,0,9,Medium,2.3,100
f9ca4793,RIDER_075,4,4,1,7,Medium,-3.1,43
500b9c3f,RIDER_014,1,20,1,0,High,6.1,74
3d73e3b7,RIDER_038,9,9,0,8,Low,5.4,100
a26a4906,RIDER_140,5,6,1,10,Medium,4.9,64
8913d88f,RIDER_045,8,3,0,9,Medium,-4.0,100
de067f08,RIDER_145,7,22,0,5,High,2.4,100
828c5374,RIDER_075,8,2,1,4,High,4.9,77
d766fbf5,RIDER_029,1,18,0,7,Low,5.1,91
7b63d99f,RIDER_018,9,23,1,3,Medium,9.1,100
1159741a,RIDER_020,1,19,1,8,High,-1.9,55
75bbbfbf,RIDER_014,3,7,1,4,Low,0.8,36
bb056b92,RIDER_054,8,3,1,0,High,3.7,81
6dbaab04,RIDER_031,1,18,1,7,Medium,2.7,57
8780a105,RIDER_058,1,20,1,8,Medium,5.4,57
2aafcbfe,RIDER_104,6,20,0,4,High,-5.4,100
06a904cd,RIDER_128,5,19,1,4,High,0.7,81
66388f46,RIDER_025,6,9,1,5,Low,0.7,51
e24e4a4f,RIDER_019,3,16,1,8,Medium,5.1,61
94cc8734,RIDER_136,10,6,1,4,Low,6.8,80
4dd89792,RIDER_003,10,21,1,1,Medium,3.3,100
2d161f68,RIDER_086,6,12,1,2,Low,10.0,72
b924dc53,RIDER_145,2,6,1,10,Low,1.7,37
6466fa6a,RIDER_142,8,13,1,9,High,-0.5,81
eacf70f9,RIDER_009,6,24,1,2,Medium,8.5,92
f03f4dcb,RIDER_094,4,5,0,8,Medium,1.3,100
dfc15b3f,RIDER_149,4,13,1,7,Low,-1.0,52
52e93549,RIDER_139,7,20,0,5,Medium,6.1,100
5cbecc08,RIDER_020,3,7,1,4,Medium,-0.9,48
3bb1c357,RIDER_035,3,12,1,9,Medium,4.2,58
4ef1bead,RIDER_053,6,21,1,1,Low,7.5,72
eb940029,RIDER_110,9,4,0,8,Low,2.0,100
792d5d7f,RIDER_136,1,5,1,9,High,7.2,59
d846b466,RIDER_004,5,16,0,7,Low,3.7,100
e2e47053,RIDER_102,1,4,1,4,Medium,-4.1,26
971eeded,RIDER_047,1,8,1,5,Medium,5.8,46
5771f1f6,RIDER_094,3,16,0,8,Low,8.2,100
f9598f9f,RIDER_048,3,8,1,0,Low,4.1,33
67070438,RIDER_091,4,17,1,3,High,0.7,73
2f4a7eee,RIDER_084,3,14,1,4,High,3.2,63
233e5546,RIDER_068,6,12,1,8,Medium,-0.0,64
0db212fd,RIDER_139,4,3,1,4,Medium,7.7,55
26b200c5,RIDER_125,8,20,1,4,Medium,3.1,97
4ce4dd1a,RIDER_073,1,2,1,2,Low,3.5,29
dbcf603f,RIDER_004,8,13,1,7,Medium,1.5,78
b08cbd80,RIDER_076,1,21,1,6,Medium,6.4,67
8ec3b2a2,RIDER_073,1,11,0,7,Medium,-1.5,84
f307a7f3,RIDER_077,7,24,1,3,Medium,11.6,99
95a7b17f,RIDER_048,1,12,0,7,Medium,2.3,87
af08266b,RIDER_102,9,18,0,9,High,3.0,100
2c3b57c3,RIDER_106,8,9,1,3,Low,-1.6,62
090e15ac,RIDER_077,1,7,1,0,Low,8.8,38
171c8784,RIDER_039,2,6,1,3,High,4.0,60
bff8ae1a,RIDER_058,2,24,1,4,Low,5.3,55
63e01acd,RIDER_019,2,14,1,9,Medium,-0.1,45
51b1a11e,RIDER_088,6,18,0,7,Medium,7.6,100
597487d6,RIDER_113,4,14,1,9,Low,-0.3,50
300f97b3,RIDER_077,8,5,1,5,Low,5.8,67
39ad6bef,RIDER_077,1,20,1,10,Medium,0.6,51
38038496,RIDER_028,10,24,0,9,Low,-2.7,100
a2a73fec,RIDER_066,4,13,1,4,High,0.2,71
f1584c08,RIDER_010,10,1,1,2,Medium,-2.5,75
590c2cbe,RIDER_126,5,12,1,3,Low,1.9,54
e3d88c4f,RIDER_058,9,19,1,5,Low,8.4,97
14110d89,RIDER_142,5,10,0,5,High,9.3,100
61da0148,RIDER_125,3,24,0,5,Medium,12.0,100
7576d4e9,RIDER_112,4,5,0,1,Medium,1.1,46
4953b827,RIDER_084,10,20,1,10,Low,1.7,81
ae39f9d1,RIDER_143,7,6,0,7,Medium,3.1,100
0e2e37cb,RIDER_096,1,12,1,7,High,-4.5,56
b0b770e1,RIDER_033,6,21,1,5,Medium,-0.2,72
97e07d47,RIDER_145,8,3,1,3,Low,-0.3,51
f4f1e863,RIDER_141,1,14,1,1,High,-1.5,54
e6c01e19,RIDER_047,8,21,1,5,Low,0.7,79
f4721bf9,RIDER_112,7,4,1,5,Medium,-3.7,56
dee2c293,RIDER_144,1,17,1,9,High,2.4,55
597eaa93,RIDER_043,9,17,1,2,High,-4.3,88
b3ff0e97,RIDER_008,3,14,0,1,Medium,-0.4,49
93efa4c1,RIDER_003,2,15,0,3,High,-4.7,81
30001678,RIDER_125,7,7,1,7,Medium,6.6,71
903ebbf5,RIDER_012,3,4,0,4,Low,10.0,73
0d2b560e,RIDER_084,1,17,0,2,Medium,-0.1,53
edb4a5ee,RIDER_016,10,6,0,4,Medium,-1.4,100
2b30aafc,RIDER_078,3,11,1,8,Medium,4.6,52
cb507603,RIDER_059,6,12,0,10,Low,-0.5,100
99267d6b,RIDER_063,3,15,1,7,High,-2.8,70
263c36ee,RIDER_049,5,12,1,9,Low,-4.9,52
7938d123,RIDER_051,9,11,0,6,Medium,-3.0,100
d1dfbf7d,RIDER_033,7,17,0,3,High,6.7,100
f6ef51e3,RIDER_030,2,8,1,1,Medium,6.9,46
68fff19d,RIDER_076,1,12,0,8,Low,-0.0,76
8e8f2336,RIDER_015,7,9,1,2,High,3.8,83
591d77f4,RIDER_082,4,11,1,5,Low,7.2,60
597fc07f,RIDER_092,7,3,1,6,Low,-3.2,52
518774f8,RIDER_023,6,7,0,2,Low,3.0,55
3d6e770c,RIDER_094,7,21,0,2,Medium,-5.1,75
07da73ec,RIDER_045,4,3,0,2,High,1.2,52
07c32193,RIDER_062,3,21,1,2,Low,5.1,64
fc36ad79,RIDER_015,5,16,1,2,High,7.6,83
edf7184a,RIDER_046,3,10,1,6,Low,4.6,44
1fd884d4,RIDER_064,3,23,1,4,Medium,-7.0,61
4c4a5ffd,RIDER_075,4,7,1,3,Medium,-2.4,49
910472e2,RIDER_052,8,24,1,5,High,1.0,100
320fdb6a,RIDER_088,2,20,1,7,Medium,3.0,63
19745f2c,RIDER_057,4,15,0,1,Low,2.7,55
e1f0642d,RIDER_083,3,21,1,2,Medium,-0.8,61
600606d7,RIDER_066,7,21,0,1,Medium,6.0,93
6dc77530,RIDER_150,2,10,1,6,Low,2.3,36
b52318dc,RIDER_020,1,12,1,1,Low,-2.5,33
657920ba,RIDER_033,10,18,1,4,Low,-0.3,77
2b87853a,RIDER_072,1,23,1,10,Medium,12.9,75
dd95f502,RIDER_025,6,23,1,9,Medium,7.2,91
42328b83,RIDER_046,3,9,1,8,Low,5.7,45
05ed2a0c,RIDER_073,7,9,0,7,Low,3.3,100
e512f8fd,RIDER_098,8,4,0,7,Low,-2.0,100
0d9cd56f,RIDER_057,5,5,1,2,Medium,1.7,56
04f80ec7,RIDER_087,5,7,1,0,Low,-0.6,39
5e664683,RIDER_133,2,7,0,1,Low,1.5,40
430af70d,RIDER_055,8,11,0,6,Low,-1.7,100
5a76a452,RIDER_061,10,10,1,3,Medium,4.2,78
0d5c631c,RIDER_089,1,11,0,9,Medium,-1.1,93
aaf3b429,RIDER_008,10,24,1,4,Medium,-0.7,99
062477a4,RIDER_016,9,24,1,0,Low,3.8,93
9a489e27,RIDER_116,1,18,1,10,Medium,9.9,56
1f56eb8e,RIDER_061,1,12,1,1,Low,-2.2,36
86a4fe6e,RIDER_015,1,16,1,8,Low,-0.7,36
7d5b8aab,RIDER_150,7,4,1,5,High,2.2,74
6f19cb11,RIDER_131,4,17,0,6,Medium,0.1,99
883df908,RIDER_102,7,17,1,4,Medium,-6.8,71
c967f061,RIDER_054,5,21,1,8,High,8.4,94
a7c8ef3e,RIDER_014,7,23,1,9,High,-2.2,90
c12833eb,RIDER_036,10,5,1,4,Medium,3.3,76
6f269cec,RIDER_105,7,13,1,5,Low,5.0,64
b75a3c38,RIDER_082,4,3,0,9,Medium,-2.4,100
e072c467,RIDER_067,2,23,0,8,Medium,3.1,100
0ae11b95,RIDER_010,8,17,1,4,Low,4.6,82
d913b779,RIDER_049,2,11,1,3,Medium,-6.2,47
e4cd95b5,RIDER_111,9,1,0,4,Medium,1.3,97
4332d0ce,RIDER_065,5,18,1,10,Low,3.6,62
1e2b7c8f,RIDER_057,9,17,1,4,Low,5.9,83
bcff39f9,RIDER_027,9,9,1,4,Medium,-5.0,74
fbc74d83,RIDER_113,8,20,1,0,High,2.4,93
981facc5,RIDER_133,8,7,1,4,Low,5.7,68
f16cc6ae,RIDER_071,4,5,0,4,Low,3.3,68
ce2f1717,RIDER_083,4,16,1,0,High,5.0,84
b3ac9082,RIDER_057,2,7,1,3,Low,4.9,45
4425ee2b,RIDER_120,4,13,0,7,Medium,-1.6,100
563e9523,RIDER_093,4,13,1,3,Medium,5.7,57
6b6e30bd,RIDER_015,6,15,1,6,Low,5.0,70
247418df,RIDER_111,3,23,1,5,Medium,0.0,62
3b74c034,RIDER_101,2,17,1,4,High,1.7,64
c17c2afc,RIDER_119,8,17,1,8,Medium,5.3,93
226fcc67,RIDER_076,2,19,0,7,High,7.1,100
a0da9828,RIDER_020,8,10,0,4,Low,1.3,91
e86bb4df,RIDER_131,7,2,0,9,High,3.6,100
e798cf26,RIDER_073,3,14,0,6,Low,7.4,85
9b237997,RIDER_122,6,23,0,10,Low,-0.0,100
9b6cb818,RIDER_041,6,3,0,8,Low,8.2,100
f3ab1698,RIDER_130,10,7,0,6,High,-1.5,100
db88c1d5,RIDER_023,5,11,1,2,Medium,1.3,55
b7db0554,RIDER_023,8,17,1,9,Medium,5.1,91
45011112,RIDER_144,5,15,0,10,Medium,6.8,100
05ef662a,RIDER_009,7,19,1,4,High,2.8,89
1d66f3b3,RIDER_013,6,11,0,8,High,-5.4,100
fe1aade6,RIDER_051,7,15,1,8,Medium,1.2,71
0b7f880a,RIDER_064,9,15,1,7,Medium,1.1,81
b82d9ed1,RIDER_052,3,6,0,5,Low,1.5,75
528d1578,RIDER_038,10,15,1,6,Low,6.9,86
97b92012,RIDER_100,7,9,0,6,Low,-2.5,96
d0822c7b,RIDER_146,10,5,0,10,Low,1.7,100
bb78acb3,RIDER_051,3,19,1,0,Low,1.3,55
3b31115a,RIDER_137,2,24,1,7,Medium,1.1,65
f6a2acff,RIDER_141,7,5,1,5,High,-1.7,77
18107e48,RIDER_055,4,22,1,6,High,2.9,87
945d068d,RIDER_109,1,13,0,9,Medium,0.5,92
1e440f7b,RIDER_044,6,18,1,9,Low,-0.7,57
f1c2c10c,RIDER_110,6,20,1,10,Low,0.0,66
8d1a6dc0,RIDER_128,6,17,1,1,High,-0.3,83
d333fb02,RIDER_105,2,15,1,6,Low,-1.8,40
397970a6,RIDER_010,1,14,0,7,Medium,-1.1,93
8cf0a80c,RIDER_100,3,16,1,4,Low,-3.9,53
d18b5f7e,RIDER_148,2,4,1,0,Low,9.0,39
b9b79ef7,RIDER_109,6,17,0,5,Low,2.8,92
ba86a723,RIDER_108,6,20,0,2,Medium,1.6,78
fffe7778,RIDER_140,5,14,0,4,Medium,6.0,94
88800b23,RIDER_146,10,18,0,8,Medium,3.1,100
5f9a970b,RIDER_094,10,6,1,6,Medium,4.5,83
cc023ca2,RIDER_063,5,22,1,7,Low,2.7,69
2d24d6e2,RIDER_084,9,8,0,5,Low,9.0,100
65796690,RIDER_025,5,9,0,8,Medium,12.3,100
4eda0dab,RIDER_012,10,24,1,2,Low,9.5,100
3eeda12a,RIDER_149,6,1,1,0,Low,-10.4,49
0f7a975b,RIDER_025,4,13,0,9,High,-0.4,100
9847901c,RIDER_011,10,3,1,10,Medium,-0.2,65
18bc72f7,RIDER_064,1,6,1,3,Low,7.4,43
bc65863e,RIDER_126,4,17,0,7,High,0.4,100
2b24dd09,RIDER_050,2,8,0,5,Medium,0.7,76
33bfd027,RIDER_089,10,6,0,6,High,0.1,100
419ee5c6,RIDER_099,3,16,0,8,Medium,0.7,100
cf180fa3,RIDER_116,7,1,1,1,Low,1.9,50
2675b52f,RIDER_096,7,10,1,6,Low,4.3,68
dc79f5f8,RIDER_014,1,18,1,3,High,1.6,64
2f3b3fcb,RIDER_001,8,22,0,6,Low,1.4,100
dc6dfe12,RIDER_025,7,14,1,7,Low,0.1,59
cdeb2b82,RIDER_072,1,24,1,1,Medium,2.9,61
ebcec360,RIDER_069,8,5,0,6,Medium,-5.5,100
a1496894,RIDER_133,2,17,1,7,High,-4.9,59
c3d6e458,RIDER_105,8,14,1,0,High,-2.0,85
a934c6df,RIDER_147,3,18,1,10,Medium,4.5,74
26cb68cc,RIDER_023,10,4,1,9,Medium,-4.7,75
098f865b,RIDER_009,7,20,1,4,Medium,5.8,86
232da137,RIDER_118,6,23,0,8,Medium,2.5,100
0ca2b20a,RIDER_094,5,2,1,1,Medium,-2.4,50
74ca1cb2,RIDER_144,10,7,0,5,Medium,4.0,100
8805efd9,RIDER_033,2,7,1,1,Low,-1.7,33
6c5fd1bb,RIDER_130,2,7,1,2,Medium,2.0,40
c5534c21,RIDER_014,1,13,1,10,High,-0.1,58
c5fc72a0,RIDER_001,9,19,0,5,High,6.0,100
d26c94f0,RIDER_090,8,22,1,4,Medium,5.3,96
d18120fb,RIDER_089,8,6,1,3,Low,6.0,70
bbc29f8d,RIDER_144,1,20,0,6,High,7.0,100
7c94e483,RIDER_090,5,17,1,2,Medium,4.9,66
154590a9,RIDER_014,6,18,1,9,Medium,3.2,79
bab1eb62,RIDER_111,2,24,1,6,High,-5.4,75
63fa834b,RIDER_143,10,1,0,8,Medium,2.1,100
3772adfd,RIDER_083,5,23,1,1,High,-6.1,79
600a45e2,RIDER_072,6,13,0,4,Low,-3.1,84
a5366070,RIDER_130,9,19,1,0,High,5.1,100
8e1b799c,RIDER_027,10,16,1,6,Medium,-2.8,93
f25e8bd7,RIDER_074,1,10,0,1,Medium,3.9,50
0364dbff,RIDER_099,10,13,1,10,Medium,1.2,87
d99fe477,RIDER_072,3,10,0,4,Medium,1.2,78
1bb37aa8,RIDER_023,9,14,1,0,Medium,0.6,79
d40dc2f8,RIDER_068,1,9,1,10,Medium,4.0,50
6f1fb3b8,RIDER_142,1,21,1,0,Medium,0.7,54
ac43ba99,RIDER_117,1,11,1,3,High,0.3,57
e1ff37ee,RIDER_106,7,3,1,6,Low,3.6,54
171e5b37,RIDER_093,5,8,1,6,Low,1.7,52
be916907,RIDER_065,6,12,1,7,High,-2.6,75
a855d868,RIDER_068,8,3,1,8,Medium,1.6,58
c579ebb6,RIDER_128,2,7,1,3,Low,-3.2,29
11d1f2c2,RIDER_063,2,14,1,1,Medium,2.0,50
4490b5d8,RIDER_113,3,7,1,9,Medium,6.9,61
6c1d1aa4,RIDER_090,3,7,1,9,Medium,-1.8,40
392ffbda,RIDER_081,3,14,1,2,Low,5.4,49
23f114b0,RIDER_103,4,12,0,8,High,4.5,100
492e9152,RIDER_116,3,1,0,10,Medium,-4.1,100
ac785fd4,RIDER_013,2,5,1,7,Medium,2.4,41
00bcec90,RIDER_124,9,11,1,5,High,6.7,98
53d2065e,RIDER_147,6,1,1,10,Low,-0.4,46
dd75cf10,RIDER_088,3,23,0,2,Medium,-0.6,70
796906b6,RIDER_011,9,13,1,9,High,-1.3,98
69b4d138,RIDER_015,4,24,1,7,Low,3.0,72
dd4d5726,RIDER_010,4,23,1,1,Medium,-4.5,67
c7e2815d,RIDER_041,8,17,0,10,High,-2.8,100
c198a184,RIDER_073,7,3,0,3,Medium,-1.5,76
f62f4a7d,RIDER_052,7,10,1,3,Medium,-5.6,59
1e07d7a0,RIDER_128,10,19,1,8,Medium,-4.6,85
55002296,RIDER_028,7,7,0,7,Medium,-1.6,100
693ed701,RIDER_065,10,20,1,6,Medium,0.6,86
decbf45a,RIDER_017,5,3,1,3,Medium,7.1,55
ac9c9729,RIDER_095,7,22,0,6,Medium,6.2,100
b0c3953c,RIDER_138,4,12,1,0,Medium,3.8,56
54c3963a,RIDER_063,8,22,1,10,Medium,10.5,98
d4287908,RIDER_038,9,10,1,7,Medium,1.7,75
e5f05496,RIDER_070,3,21,0,7,Medium,5.2,100
8ed68ebf,RIDER_104,7,12,1,8,High,0.3,81
72fa6d04,RIDER_053,10,15,0,8,Low,4.6,100
24f81d99,RIDER_119,9,6,1,0,Medium,-0.6,69
af29c8a1,RIDER_074,1,19,0,9,Medium,-5.5,100
18f6ab6a,RIDER_054,2,5,0,6,High,0.9,86
dafbd6db,RIDER_020,7,20,1,0,High,7.2,99
e163601e,RIDER_079,2,2,1,5,Medium,-5.1,30
1ecccecd,RIDER_031,7,21,1,4,Medium,-2.1,77
a175c0f8,RIDER_135,1,19,0,10,Medium,3.0,100
66723a93,RIDER_058,3,19,1,1,Medium,4.3,67
1bc67e1b,RIDER_105,5,4,0,2,Low,5.8,49
c376d180,RIDER_010,6,20,1,7,Medium,6.1,82
08e2a552,RIDER_010,9,5,1,1,Low,2.0,69
df2419e2,RIDER_039,9,7,0,10,Medium,-3.0,100
260a1148,RIDER_037,3,4,1,3,Medium,5.9,51
de9a1916,RIDER_119,8,11,1,2,Medium,-1.5,77
578c3654,RIDER_067,4,23,0,6,Medium,-1.9,100
1873b798,RIDER_043,7,3,1,7,Low,8.4,61
468bfdf1,RIDER_052,6,5,0,3,Medium,0.7,82
cf280883,RIDER_101,8,20,0,5,Low,3.0,100
f617e3de,RIDER_056,6,15,0,2,Low,5.7,70
26d4dca6,RIDER_076,4,21,1,6,Medium,2.4,69
377c824d,RIDER_068,2,18,1,7,High,2.4,64
f2ad25cc,RIDER_137,7,16,1,6,High,8.4,100
a8584797,RIDER_106,4,16,1,3,High,-1.9,76
dbbcd2b4,RIDER_125,9,10,0,9,Low,2.6,100
09738937,RIDER_092,9,1,1,8,Medium,3.6,74
36cf3d59,RIDER_023,7,23,1,9,Low,-6.7,78
4b065a29,RIDER_109,5,11,1,7,Low,-0.8,48
69e74563,RIDER_061,3,17,1,5,High,-3.1,67
2dc6b93c,RIDER_044,3,24,1,1,Medium,5.6,76
31eabc29,RIDER_016,9,15,1,9,Medium,2.4,81
be055932,RIDER_022,9,7,0,6,Medium,1.4,100
71589884,RIDER_057,4,6,1,8,Low,1.1,40
f68bc5e3,RIDER_062,1,15,1,8,Low,6.4,44
f34f349a,RIDER_107,10,15,1,8,Medium,1.5,84
ecc577e7,RIDER_071,5,7,1,8,Low,3.2,49
5e7018a3,RIDER_090,8,3,1,5,Medium,-1.3,63
39e05745,RIDER_072,10,14,1,0,Medium,5.5,90
7e2f49af,RIDER_070,4,9,1,5,Low,6.2,51
aad6f09a,RIDER_030,10,3,1,4,High,-4.5,84
ca9c166e,RIDER_103,10,6,0,6,Medium,-0.1,100
ebe1965c,RIDER_032,4,20,0,7,Medium,-1.9,100
1c4c529e,RIDER_086,9,9,1,0,Low,2.8,72
ca16d172,RIDER_057,9,1,1,9,Medium,2.5,68
9fa9e53a,RIDER_109,7,9,0,3,Low,4.5,91
dfdab4dd,RIDER_009,10,12,1,3,Medium,-0.7,74
094421a6,RIDER_031,8,4,1,0,Medium,1.6,61
5734977d,RIDER_071,4,16,1,10,Medium,0.3,57
73852d59,RIDER_137,8,5,1,3,High,-3.6,80
e1f34e34,RIDER_013,6,17,1,6,Medium,-2.6,68
d625b2fc,RIDER_131,3,17,1,5,Medium,-5.8,60
e9367a58,RIDER_035,7,6,1,3,Low,7.0,53
2a865cf1,RIDER_021,3,15,0,1,High,-3.0,67
c5021ce3,RIDER_064,7,1,1,6,Low,0.4,43
21f8e0c0,RIDER_095,5,13,1,7,Low,8.2,68
67f22ae0,RIDER_034,4,16,1,8,Low,-0.2,47
97b4c663,RIDER_121,3,2,0,8,High,5.4,100
956b768d,RIDER_015,8,19,1,3,Low,0.3,68
366fae1d,RIDER_120,4,23,0,2,Medium,3.1,68
151c6c70,RIDER_096,8,2,1,4,Medium,0.9,62
6c7b1e65,RIDER_006,10,21,0,5,High,-3.0,100
bd89c379,RIDER_109,3,12,0,7,Medium,9.6,100
98aa0ec0,RIDER_097,10,12,0,2,Medium,5.9,84
47f6b4ca,RIDER_032,9,8,1,5,High,1.1,83
cbebc102,RIDER_083,6,12,1,4,Low,-1.8,60
cc36879b,RIDER_118,5,24,1,6,High,-1.5,86
38eda824,RIDER_079,5,11,1,8,Low,0.7,53
e88a9ef5,RIDER_078,3,2,1,6,High,-1.8,56
f2c0b93d,RIDER_147,2,1,1,10,Low,1.9,31
47ce293a,RIDER_107,6,4,0,5,Medium,7.0,100
d26ff7a3,RIDER_126,1,9,0,8,Low,-0.1,83
18865830,RIDER_015,7,7,1,9,Low,7.3,63
17f8c320,RIDER_134,5,22,1,3,Medium,-2.4,72
6e187819,RIDER_073,4,10,1,0,Medium,6.1,62
9815d4fb,RIDER_101,9,20,1,7,High,6.4,100
dddbf69a,RIDER_098,10,14,1,5,Low,6.2,84
967d00ef,RIDER_026,1,1,1,5,Low,3.7,30
2fc5c616,RIDER_092,4,5,1,4,High,1.7,53
fe456936,RIDER_125,3,13,1,9,Medium,5.7,53
4cf0a2aa,RIDER_073,6,6,0,10,Medium,2.6,100
7a4e4ef1,RIDER_123,5,22,1,2,Medium,2.4,72
b7e415e3,RIDER_053,7,17,1,5,Low,-1.9,66
a4bf38e7,RIDER_078,1,15,1,0,Medium,-1.7,52
cfb7b273,RIDER_092,5,7,0,6,Medium,4.0,100
fd54c4fc,RIDER_088,2,8,0,5,Medium,0.6,76
60c9cd89,RIDER_013,2,21,1,4,Medium,4.9,63
8d45210b,RIDER_043,2,2,0,2,Low,5.8,34
48e8642e,RIDER_076,9,18,1,7,High,-3.4,100
1d87b2e3,RIDER_051,10,21,1,3,High,-0.9,100
4dfea07a,RIDER_019,3,23,0,8,Medium,-1.1,100
ac95907f,RIDER_149,4,7,1,8,Low,8.1,55
3cc49293,RIDER_122,5,20,1,4,Low,1.4,64
4606cb1d,RIDER_024,4,16,0,10,Medium,3.4,100
7ba8c2fe,RIDER_026,4,19,1,6,Medium,-1.2,69
1a2399e5,RIDER_120,5,9,1,5,Medium,2.2,61
60b492be,RIDER_082,10,12,1,5,Low,-0.3,73
6071ed0f,RIDER_100,9,14,1,3,Medium,-5.2,73
1ac27931,RIDER_017,9,7,1,9,Medium,-0.4,67
023aa42c,RIDER_068,6,2,1,7,Low,2.9,49
4d8594e6,RIDER_044,3,17,0,10,Medium,15.6,100
8febb1fc,RIDER_061,6,11,0,10,Medium,-3.2,100
e4609d20,RIDER_123,10,18,1,10,Medium,1.6,83
2ecd0ad6,RIDER_093,4,12,1,9,Low,3.0,50
15a9d0bb,RIDER_074,3,3,0,2,High,5.3,60
14bdb58c,RIDER_067,6,21,0,4,Medium,0.5,100
5a2628a0,RIDER_111,6,14,1,0,High,-0.3,77
8d7dcf14,RIDER_002,2,15,1,0,High,5.0,68
f1c98084,RIDER_089,9,19,1,8,Low,4.9,86
5844e2af,RIDER_026,8,10,0,3,Medium,5.5,91
27c8e68e,RIDER_099,6,9,1,8,Low,4.7,58
85c74916,RIDER_027,1,10,0,6,Medium,-4.3,76
cec8ade4,RIDER_089,2,20,1,9,High,4.9,76
21f87e6a,RIDER_146,4,23,0,7,Medium,2.6,100
d64ce514,RIDER_001,7,4,1,10,Low,-6.9,48
81230ac5,RIDER_103,9,19,1,8,Low,4.4,84
8c8cd497,RIDER_131,10,10,1,0,Low,0.3,72
2467b9fc,RIDER_041,5,17,0,6,Medium,6.1,100
0d428221,RIDER_051,10,12,1,7,High,1.1,100
a0880d22,RIDER_015,2,1,1,1,Medium,4.3,38
0868bfb0,RIDER_008,1,11,0,9,Medium,3.9,100
ee5245cc,RIDER_038,10,13,0,8,Medium,-2.3,100
9c39da3d,RIDER_114,1,1,1,0,Medium,7.3,42
026ae661,RIDER_083,5,1,1,2,Medium,-1.3,51
31fca2ea,RIDER_056,7,21,0,10,High,-1.7,100
0d0e1a8f,RIDER_103,9,16,0,8,Low,6.0,100
c5389646,RIDER_138,9,7,1,0,Medium,2.7,81
d2ef6bf8,RIDER_102,8,23,0,3,Medium,10.7,100
9ef54f78,RIDER_078,1,10,0,9,Medium,-2.5,88
5a406983,RIDER_083,5,16,0,5,Low,4.7,99
8bcbcdf9,RIDER_030,6,1,0,5,Medium,3.8,91
517d5be2,RIDER_005,6,22,0,3,Medium,7.1,100
98da9697,RIDER_119,4,9,0,9,High,7.8,100
af576e7e,RIDER_031,1,6,1,9,Medium,5.0,38
bc63747d,RIDER_023,3,15,1,9,Medium,4.1,67
88529cfe,RIDER_048,10,4,1,9,Medium,2.0,80
c2ddc7d2,RIDER_109,4,15,1,0,Medium,2.1,67
3538c5de,RIDER_040,4,10,1,4,High,5.6,72
74d10819,RIDER_006,4,16,1,4,Medium,4.4,67
fb3ab8bd,RIDER_038,5,13,1,2,Low,4.3,62
567f2171,RIDER_100,9,19,0,10,High,1.7,100
bf5d4858,RIDER_027,4,20,0,2,Low,-3.5,57
1d80f0a7,RIDER_069,9,4,0,3,Low,-0.5,83
7451cc8a,RIDER_057,9,20,1,2,Low,-0.3,76
edb4462a,RIDER_017,1,22,1,2,Medium,3.0,64
460d25c2,RIDER_071,5,16,1,2,High,6.4,86
ca9d5a6f,RIDER_047,9,11,1,6,Low,1.7,68
8f059be8,RIDER_079,4,15,0,8,Medium,-1.5,100
27ca0b0d,RIDER_110,5,11,1,10,Medium,-5.2,51
39a61b95,RIDER_013,4,23,1,0,Medium,0.3,71
049c85b7,RIDER_139,2,11,1,7,Low,-1.9,34
afa2dd1a,RIDER_124,10,3,1,9,Low,5.3,71
081bd3d0,RIDER_109,2,24,1,0,Medium,4.8,68
e1cebb57,RIDER_090,2,24,1,8,Medium,-1.1,50
68dc8b8b,RIDER_086,1,17,1,7,Low,3.4,43
61ff8282,RIDER_092,3,5,1,5,Low,2.4,46
36f28cf4,RIDER_024,10,13,1,5,Low,-2.1,78
401c9405,RIDER_073,1,10,1,10,Medium,3.5,45
8f7d0ccd,RIDER_004,4,5,0,9,Low,2.3,99
a959cf1a,RIDER_113,1,12,1,6,High,5.3,50
df41d7b4,RIDER_046,4,8,1,7,Medium,1.6,53
07cd2987,RIDER_018,3,24,0,6,Medium,7.8,100
a565437d,RIDER_043,9,12,1,0,Medium,-0.3,73
fafbb1a3,RIDER_093,1,16,1,9,Low,-3.6,35
cd184ce3,RIDER_103,8,2,1,3,Medium,2.8,63
cebd9e45,RIDER_124,9,3,1,3,High,6.8,90
36e4cfa5,RIDER_010,7,18,1,8,Low,-2.4,61
331c3f98,RIDER_073,1,17,1,8,Low,1.0,33
91b4bc90,RIDER_031,4,2,0,2,Low,4.4,44
1fc8bef8,RIDER_060,10,22,1,10,Medium,-6.8,92
0a2c2bb4,RIDER_131,1,12,0,8,Low,10.8,100
b1422dd8,RIDER_118,4,17,0,4,Medium,3.1,87
b9379276,RIDER_014,3,6,0,10,Medium,0.3,100
c2514d0f,RIDER_143,2,17,0,5,Medium,5.4,97
9811f475,RIDER_002,1,2,1,6,Low,2.2,30
d754bf37,RIDER_024,6,8,0,2,Medium,-0.1,59
e25d8c10,RIDER_064,7,14,1,3,Low,5.1,66
3c0fbbb0,RIDER_100,6,6,0,4,Low,3.5,73
a3ddbe1f,RIDER_114,9,9,1,0,Medium,-5.7,73
9c672032,RIDER_024,9,1,1,7,Medium,0.6,69
9601a0b0,RIDER_091,2,5,0,10,High,-0.2,100
940e4382,RIDER_026,2,7,1,6,High,0.6,56
967e8aa8,RIDER_065,9,9,1,10,Medium,3.3,72
f5e41333,RIDER_120,1,14,1,1,Medium,-6.9,44
647be3b6,RIDER_004,5,9,0,6,Medium,5.9,100
2be974e9,RIDER_001,1,4,1,8,Medium,-0.2,36
98ed64e2,RIDER_050,7,20,0,4,Low,5.1,100
e7fc04bd,RIDER_110,9,15,0,10,Medium,-0.2,100
dc2ed3b4,RIDER_139,6,4,1,5,High,0.7,65
a239f8c9,RIDER_074,2,3,1,4,Medium,9.5,43
d2a45da3,RIDER_062,6,24,1,0,Medium,-2.1,76
bd9de4ad,RIDER_081,9,21,1,5,Medium,-0.1,94
7434bae3,RIDER_056,3,23,1,6,Medium,-0.6,63
4c705df8,RIDER_111,9,22,1,4,Medium,8.4,100
a50d430b,RIDER_021,8,14,1,2,Medium,-3.3,76
6640fd14,RIDER_141,7,9,1,5,Medium,5.5,72
4edcc75c,RIDER_009,8,19,1,10,High,-4.5,97
37a25a17,RIDER_139,10,6,1,6,Medium,-3.1,75
2b335cb9,RIDER_070,6,3,1,9,Medium,-1.2,52
e11b8c96,RIDER_129,3,18,1,9,Medium,0.6,56
59c0b916,RIDER_118,7,16,0,8,Medium,6.1,100
505ca5d6,RIDER_056,4,3,0,6,High,1.0,97
98920a74,RIDER_031,10,2,1,2,Medium,4.1,76
3c27e940,RIDER_037,5,2,1,0,Medium,-0.6,47
ac3a7d62,RIDER_091,8,23,0,6,Medium,2.3,100
22f6b3e5,RIDER_114,7,10,1,7,Medium,6.1,71
5abb4466,RIDER_128,7,15,0,10,High,4.5,100
16b15050,RIDER_122,8,3,1,0,Low,4.2,62
e01ddc68,RIDER_069,10,8,0,4,Medium,-5.4,100
76aac975,RIDER_036,3,18,1,7,High,-0.5,64
74f8eb93,RIDER_032,3,11,1,9,Low,2.5,48
ad19d6d0,RIDER_064,2,7,0,6,Low,1.1,78
31137e5a,RIDER_048,1,19,0,1,Low,-0.1,33
dfe9a89f,RIDER_081,10,7,1,3,High,-1.5,85
f186407a,RIDER_149,6,2,0,5,Low,5.9,85
77433836,RIDER_060,6,6,1,6,Low,3.4,64
cc664fca,RIDER_141,10,5,0,6,Medium,5.5,100
26191d07,RIDER_001,8,14,1,2,Medium,11.5,91
79d984b6,RIDER_065,6,18,1,7,Medium,-5.4,72
c1cb096b,RIDER_033,6,4,0,6,Low,3.1,86
f7c1c27b,RIDER_038,1,4,1,3,High,1.1,45
50d09822,RIDER_025,7,24,1,9,Low,6.7,84
c8f64439,RIDER_059,7,13,1,3,Low,6.0,76
5ca250e8,RIDER_101,10,23,1,3,Medium,1.4,97
90183286,RIDER_127,9,21,0,4,Medium,2.5,100
3bfedf54,RIDER_041,7,1,1,10,Medium,6.1,59
fca89462,RIDER_057,8,20,0,1,High,4.9,100
7e7e5df8,RIDER_048,4,5,1,8,Medium,9.3,61
c02f5369,RIDER_072,9,24,1,5,High,3.1,100
d6f50dab,RIDER_056,1,3,1,7,Low,0.7,18
86bb088b,RIDER_065,8,21,1,10,High,-1.5,97
8d0f088f,RIDER_012,3,19,1,0,Low,2.8,48
8c0609bf,RIDER_069,1,13,1,5,Medium,-1.7,38
7b495476,RIDER_134,2,7,1,5,Medium,2.5,41
2220634c,RIDER_089,6,10,0,7,Medium,8.9,100
d12ae0d2,RIDER_025,5,3,1,0,High,5.9,72
661061ad,RIDER_001,3,23,0,4,Medium,-3.5,91
b38bf0a8,RIDER_131,9,2,1,2,Low,-5.3,56
c3c77cc4,RIDER_049,8,7,1,5,Low,-4.8,63
71bd2155,RIDER_147,3,9,1,8,High,-0.4,57
dfda9024,RIDER_060,2,21,1,9,Medium,0.7,54
3e588d8e,RIDER_002,8,12,1,2,Medium,6.5,86
f8856c62,RIDER_073,5,22,0,8,High,5.2,100
6d94e561,RIDER_145,9,10,1,8,High,4.3,94
23b7aad5,RIDER_110,1,19,1,0,Medium,-0.4,47
4edd36b8,RIDER_061,10,13,1,1,Medium,-0.3,86
3aaab018,RIDER_017,3,10,1,10,Low,-0.7,41
4cd67afe,RIDER_049,5,5,1,3,Medium,7.6,62
7be848d0,RIDER_076,2,15,0,10,High,-0.5,100
b6bc24ec,RIDER_148,3,21,1,10,High,-3.9,73
76e3f2d2,RIDER_131,4,3,0,6,Medium,1.3,86
efdf582d,RIDER_043,4,8,1,1,Medium,8.2,61
7b0334c9,RIDER_057,9,6,1,6,Medium,1.7,73
a59dd15c,RIDER_050,1,19,1,4,High,1.8,67
08394f29,RIDER_037,9,17,1,9,Low,-3.3,73
8c67a71a,RIDER_046,9,10,1,6,Medium,4.2,75
5dccc0af,RIDER_015,6,1,1,8,Medium,6.0,63
489c5be4,RIDER_080,1,13,1,8,High,1.3,59
65f3bceb,RIDER_139,6,10,0,2,Low,5.0,64
115b9857,RIDER_148,8,12,1,2,High,-10.0,82
30c314a3,RIDER_024,5,2,0,6,Low,8.4,91
b7e1ce5e,RIDER_125,5,10,1,4,Low,2.4,54
bcd9a7f1,RIDER_118,1,21,0,4,Medium,-0.8,81
4a45abfe,RIDER_080,1,23,1,4,High,0.4,69
1dad5b13,RIDER_094,8,1,1,8,Medium,10.7,73
24447104,RIDER_065,5,1,0,3,Low,2.9,62
c619e5df,RIDER_088,8,20,1,5,Low,3.5,75
74bbfdfe,RIDER_088,10,15,1,5,Low,2.2,81
f865e370,RIDER_145,2,22,1,6,Low,-0.2,57
a3edf9c8,RIDER_126,4,1,1,1,Medium,-3.8,34
12410c1e,RIDER_089,10,21,0,5,Medium,5.0,100
9b97a762,RIDER_061,9,9,0,8,Medium,0.6,100
90aecd36,RIDER_015,3,24,0,2,Low,1.6,60
0b1b422c,RIDER_094,6,7,0,1,High,6.3,78
57e87fc2,RIDER_051,7,16,1,7,Medium,5.0,76
92787769,RIDER_027,3,16,1,0,Medium,0.2,57
8be8b211,RIDER_074,1,13,0,10,Medium,4.0,100
d52f88ed,RIDER_061,2,10,1,7,Low,5.0,48
2428ebcf,RIDER_031,10,18,1,4,Low,-1.0,83
ddf786e7,RIDER_012,7,9,1,8,Low,0.3,61
79f3a194,RIDER_046,7,12,0,8,Medium,3.2,100
0a3126b2,RIDER_032,1,24,1,3,Low,5.0,53
39690908,RIDER_061,10,13,1,0,Medium,3.6,81
5a6d82b7,RIDER_046,7,11,1,4,Medium,3.6,76
d0f2309f,RIDER_085,10,15,1,6,Medium,0.3,85
628081a6,RIDER_080,6,10,0,8,Medium,-1.6,100
5e03ef6d,RIDER_135,6,10,0,9,Low,4.0,100
11a439a5,RIDER_004,7,9,1,8,Medium,-0.7,69
254ff05e,RIDER_052,7,3,1,8,Medium,0.2,56
0538843e,RIDER_112,1,23,1,5,Medium,-5.3,52
6f9dcae2,RIDER_036,10,16,0,1,Medium,-0.3,85
2116f1c0,RIDER_054,5,12,1,4,Medium,0.3,56
cb7846c3,RIDER_119,8,17,1,2,Medium,-1.9,79
b5320564,RIDER_127,8,15,0,5,Medium,-1.6,100
7e599187,RIDER_017,3,3,1,10,High,2.3,48
60f049ec,RIDER_075,3,5,1,4,Medium,4.1,47
2818f549,RIDER_105,7,13,0,9,Medium,4.2,100
26bdaf6d,RIDER_150,4,24,0,10,Medium,4.5,100
4e2a187a,RIDER_117,6,6,1,0,Medium,6.0,64
7559977e,RIDER_043,9,9,1,9,Low,7.0,81
baef0645,RIDER_112,10,19,0,9,Medium,1.3,100
4aa6b951,RIDER_115,2,7,0,1,Low,0.2,35
90eede42,RIDER_027,2,13,1,10,Medium,5.0,55
a3b1de5f,RIDER_037,6,22,1,4,Low,-3.7,68
043e921d,RIDER_046,3,5,1,5,Medium,1.6,47
0a46651a,RIDER_113,1,16,1,0,Low,-1.4,41
1dabdd3a,RIDER_035,2,4,0,6,High,-1.2,90
f2c9113f,RIDER_132,7,5,0,2,Medium,-0.1,64
817b43e1,RIDER_080,4,20,1,0,High,4.8,81
570b0133,RIDER_080,2,19,1,6,Medium,10.6,69
2593be4c,RIDER_121,8,23,1,6,High,5.1,100
3aec6e43,RIDER_147,4,6,0,9,Low,-5.4,96
65954804,RIDER_122,4,4,0,2,Medium,1.1,56
f92b7f2e,RIDER_081,2,1,1,5,Medium,-0.6,35
764107c8,RIDER_150,1,17,1,3,Low,-2.1,38
43b33109,RIDER_119,1,9,0,3,Medium,1.3,66
d367d49b,RIDER_058,3,16,1,8,Low,-0.9,50
88c95926,RIDER_063,6,23,0,6,Medium,-1.2,100
439f12b6,RIDER_100,7,2,1,5,Low,4.7,56
6fa9e159,RIDER_066,9,11,0,8,Low,2.7,100
28c630df,RIDER_145,5,5,1,2,Low,8.5,57
a7b44459,RIDER_085,9,13,1,3,High,-2.9,86
53343c05,RIDER_137,8,20,0,8,Medium,-3.8,100
1aa26b33,RIDER_144,1,17,1,3,High,0.7,60
9d8b0ca6,RIDER_123,3,15,1,6,High,0.0,68
59392b17,RIDER_002,8,22,0,8,Medium,4.6,100
8e5dae5a,RIDER_106,9,12,1,3,Medium,3.7,85
02bf7db4,RIDER_108,4,6,0,8,High,4.4,100
339ecb73,RIDER_072,6,20,1,6,Medium,-4.2,69
f2f5ccaf,RIDER_126,4,13,1,3,High,1.0,70
051afed4,RIDER_057,9,18,1,2,Medium,-5.6,83
b75f6e13,RIDER_081,2,24,1,5,Medium,6.3,76
c5fb4d92,RIDER_141,6,15,0,2,Low,-1.3,62
12cf8f97,RIDER_019,3,15,0,6,Low,1.9,81
c8d63f20,RIDER_007,10,8,1,0,Medium,-3.9,78
3cb5f76e,RIDER_137,4,19,1,6,Medium,-1.3,73
750b91bf,RIDER_054,2,23,0,2,Low,0.8,49
a34a89fa,RIDER_104,8,14,1,8,Low,1.5,72
7d55ed46,RIDER_086,10,7,1,5,Medium,2.4,78
ff7bd82e,RIDER_082,8,14,1,6,Medium,4.8,89
71e01e2a,RIDER_061,1,5,1,8,High,6.2,52
08f61d14,RIDER_087,10,15,1,5,High,4.7,100
189e88cc,RIDER_002,6,21,1,9,High,2.5,93
9dbdc032,RIDER_031,1,15,1,10,Medium,-0.5,40
abf6d327,RIDER_033,6,24,0,1,Medium,0.9,79
8b1805df,RIDER_080,7,4,1,5,High,1.8,76
83536d4d,RIDER_011,2,1,1,5,Low,3.4,21
d5826063,RIDER_128,9,17,1,1,Low,-1.4,79
c66f4a8b,RIDER_135,8,20,0,6,Low,1.4,100
66e9ae64,RIDER_128,9,1,1,8,High,5.5,80
7032c889,RIDER_031,10,16,1,9,Medium,5.8,100
ebbbd029,RIDER_126,4,13,0,3,Medium,0.3,74
5872ff82,RIDER_047,4,18,1,10,High,-0.2,67
fcfeac9a,RIDER_107,8,10,1,4,Medium,2.5,75
cad1f02e,RIDER_019,1,23,0,5,High,1.7,100
3e01bb92,RIDER_081,8,18,1,0,Medium,-5.3,77
c775636e,RIDER_123,7,17,1,7,Medium,8.9,89
7f794ac0,RIDER_134,7,9,1,8,Medium,-0.7,65
dafa873f,RIDER_107,9,14,1,0,Low,0.1,68
b320ca52,RIDER_049,10,21,1,3,Low,-3.0,81
b7a1636d,RIDER_073,7,13,0,5,Low,6.1,100
04d8b57b,RIDER_050,2,20,0,9,Medium,-0.8,100
e12a49f6,RIDER_081,1,20,1,0,Low,3.7,49
fc9c2ab6,RIDER_095,1,14,0,2,Medium,4.5,39
499a3879,RIDER_012,7,11,1,6,Medium,-0.6,75
8f1fdf82,RIDER_023,5,13,1,7,Medium,-1.1,67
2bbdc922,RIDER_054,4,17,0,7,Medium,3.0,100
a1d7e121,RIDER_118,5,3,1,4,Low,-6.0,36
4cef75e1,RIDER_059,10,1,1,0,High,4.7,83
da56a29f,RIDER_003,10,21,1,0,Low,1.0,86
2afffbd6,RIDER_058,6,5,0,7,Medium,-0.9,99
14066ae2,RIDER_057,10,13,1,4,High,-0.2,100
884e8749,RIDER_145,6,24,0,10,High,1.1,100
2eb491f3,RIDER_090,1,5,1,8,Medium,0.3,28
ae4b086b,RIDER_055,2,5,1,0,Medium,7.5,53
15a29df8,RIDER_045,3,23,0,1,Medium,-2.6,63
760f0c26,RIDER_001,4,12,1,3,Medium,-1.8,52
ff0d499d,RIDER_021,6,2,1,9,Low,2.1,47
7ad33e9e,RIDER_021,9,23,0,10,Medium,6.5,100
afb756b3,RIDER_052,2,16,0,6,High,0.5,100
54d66e99,RIDER_082,8,17,1,3,Medium,-1.8,78
9d86ddde,RIDER_067,9,5,1,7,Medium,2.3,77
b501d730,RIDER_113,2,12,1,6,Low,4.7,49
04a8c9dd,RIDER_044,9,15,1,4,Low,4.5,78
507e5113,RIDER_010,7,6,0,6,Medium,-3.4,100
32291cef,RIDER_064,9,13,1,7,Low,4.5,74
ce5fc518,RIDER_069,6,11,0,2,High,0.2,80
f9336d52,RIDER_068,2,17,0,2,High,-3.8,62
be0d9c44,RIDER_028,8,9,0,1,Medium,5.8,81
b46c51c3,RIDER_116,10,16,1,3,High,-4.4,100
15403443,RIDER_051,9,17,0,10,Low,-3.5,100
b6bb51f6,RIDER_004,8,20,0,3,High,6.1,100
f5ef8702,RIDER_079,2,24,1,3,Medium,-3.8,59
d181d8fe,RIDER_017,8,18,1,1,Medium,-0.6,86
1cd0f729,RIDER_108,3,13,0,6,Medium,-1.7,95
b13442c5,RIDER_074,3,11,1,9,Medium,1.1,45
b68bdd5e,RIDER_023,9,13,0,2,Medium,-0.9,83
5b9df8ae,RIDER_018,9,24,1,9,Medium,-2.1,94
322b8078,RIDER_129,9,13,1,0,Medium,3.8,84
38f56d28,RIDER_035,4,12,1,1,Low,4.6,53
5913a7a2,RIDER_064,7,14,1,4,Medium,-1.5,71
8b73bcac,RIDER_059,8,13,1,8,Medium,3.4,78
f8b6019d,RIDER_001,5,9,1,3,Low,12.1,68
07e827e8,RIDER_131,1,14,1,5,Low,1.9,43
a2155e40,RIDER_067,9,1,1,2,Low,2.0,55
ee414e96,RIDER_037,6,9,1,8,Medium,1.7,55
47bbf018,RIDER_029,3,4,0,1,Medium,2.2,44
62a65be4,RIDER_089,3,12,1,7,High,1.8,69
f86c0b39,RIDER_100,10,24,0,10,Medium,-5.2,100
f717d90e,RIDER_122,1,14,0,2,Medium,3.2,47
f3fc9fa6,RIDER_090,8,9,1,7,High,-0.6,80
e1dbf5be,RIDER_132,2,3,1,2,High,-2.4,40
834fbaa2,RIDER_014,1,6,0,10,Low,-3.6,97
4ea3dee7,RIDER_150,7,3,0,3,High,-2.6,87
139b539c,RIDER_131,9,1,1,7,Medium,8.7,78
533c4256,RIDER_085,6,22,0,9,Medium,-0.5,100
50e7fbb2,RIDER_021,8,21,1,3,Medium,-0.1,80
e274802f,RIDER_026,8,3,1,10,Medium,5.8,68
461000a7,RIDER_041,9,14,1,8,Medium,5.4,86
58bab9be,RIDER_122,7,20,1,8,Low,-0.4,67
483d3af3,RIDER_038,9,2,0,5,Low,-2.0,93
244b4982,RIDER_088,9,12,1,0,Medium,7.9,92
0a704c80,RIDER_011,1,10,1,8,Low,4.0,36
174c6114,RIDER_029,6,13,1,8,Medium,-0.4,66
8c9be2b2,RIDER_060,8,20,1,6,High,7.8,100
624e3195,RIDER_061,10,4,1,8,Medium,0.3,66
86cb4149,RIDER_147,9,19,1,7,High,-0.9,100
01fcc8fa,RIDER_022,4,22,1,8,Medium,-2.4,73
882eb28f,RIDER_078,2,1,1,8,Low,-3.3,28
fe269b0f,RIDER_113,9,11,1,6,High,2.6,94
408006f8,RIDER_123,9,16,0,5,Low,-11.1,100
97e1aed1,RIDER_142,8,19,0,1,High,-3.0,87
7d7fda14,RIDER_044,3,19,1,6,Medium,1.8,64
d3149e4a,RIDER_144,5,12,1,0,High,6.7,86
2f9e8d82,RIDER_097,2,3,1,5,Low,4.4,29
ddc8b7f9,RIDER_077,3,23,1,5,High,6.9,82
b47889b4,RIDER_140,1,24,0,6,Medium,1.4,100
cd18ac93,RIDER_055,4,18,0,1,Low,10.2,68
3504ed56,RIDER_051,5,17,1,3,High,-4.7,81
2c97c590,RIDER_102,2,5,1,1,High,-1.0,46
6d496d74,RIDER_029,3,16,0,3,Medium,5.3,85
a693715d,RIDER_069,6,24,1,2,Medium,2.6,85
bcbfcc50,RIDER_080,6,14,1,1,Medium,-1.5,58
02915a61,RIDER_031,7,19,0,1,Medium,3.1,85
ceb56e1e,RIDER_112,9,6,1,2,High,-0.5,80
6e7e818a,RIDER_046,4,3,1,9,Medium,0.1,46
f6a9c1da,RIDER_097,5,6,1,3,Low,9.5,57
fb922e47,RIDER_052,2,12,0,6,Medium,6.0,98
213f4ef1,RIDER_138,6,20,0,3,Medium,4.5,100
18a9a060,RIDER_074,4,11,1,10,Medium,4.2,66
38ea9b1d,RIDER_041,5,7,1,6,Medium,-2.5,59
c0a1ec92,RIDER_077,7,1,1,3,Low,-1.9,51
ecfdc240,RIDER_131,6,16,1,2,Low,4.4,67
5267e9b3,RIDER_114,8,16,1,7,Medium,5.8,86
ade530a6,RIDER_052,6,17,1,2,Medium,5.9,77
3aca9651,RIDER_087,10,15,1,10,Medium,0.1,83
4f40f7a5,RIDER_109,8,21,0,7,High,-1.5,100
90d3568e,RIDER_141,4,9,1,1,Medium,3.7,59
cb573ab2,RIDER_069,7,5,1,2,Medium,-3.8,60
95e3b9ef,RIDER_120,3,20,1,3,Medium,0.1,61
92f65c6a,RIDER_067,1,8,0,2,Medium,6.5,49
b1d6404e,RIDER_061,9,21,1,5,Low,-0.3,80
4b57b608,RIDER_071,9,1,1,8,High,4.9,82
7ee4906a,RIDER_030,6,7,0,9,Low,-6.3,100
76e78738,RIDER_146,2,11,0,7,Medium,1.1,89
d31c0bf3,RIDER_096,8,20,0,3,Medium,-2.5,100
1133ef48,RIDER_056,10,21,1,1,Low,-5.9,79
0c6a3be8,RIDER_053,6,13,1,9,High,-0.8,79
572e1801,RIDER_007,7,22,1,0,Low,1.5,75
12a891e2,RIDER_097,1,13,1,10,Medium,0.6,38
5f6ecbeb,RIDER_113,3,7,1,3,Medium,2.6,48
779cefa0,RIDER_125,1,11,0,4,High,4.0,87
0add802d,RIDER_132,10,18,0,1,Low,3.5,86
285b9cc1,RIDER_121,1,1,0,2,Medium,1.8,28
3b378c73,RIDER_038,1,12,0,3,Low,3.3,58
b8eda9cc,RIDER_122,4,3,1,2,Medium,-3.8,38
d1b97f1d,RIDER_026,7,1,0,7,Medium,-3.1,98
60af45df,RIDER_129,7,4,1,10,Low,-2.4,46
5395f4c1,RIDER_004,5,6,0,1,Low,2.0,48
3cfb4877,RIDER_039,6,5,1,8,Low,5.3,60
d4431e04,RIDER_054,2,11,1,10,High,8.6,71
b2dc312a,RIDER_033,5,20,1,5,High,3.6,93
b04a9ee5,RIDER_020,7,23,1,0,Medium,-4.5,86
c993a4a0,RIDER_016,9,13,1,7,High,3.3,92
40aca241,RIDER_149,6,11,1,9,Medium,5.1,70
90215e88,RIDER_127,10,6,1,5,Medium,-0.1,76
73e815f9,RIDER_087,4,19,1,3,Medium,0.7,61
0ad34c94,RIDER_082,3,15,1,5,Medium,5.6,64
6b3b92ce,RIDER_062,9,21,1,1,Low,1.4,84
4b328680,RIDER_031,7,13,1,0,Medium,2.4,74
567d1a92,RIDER_042,6,10,0,5,High,0.5,100
26042179,RIDER_012,7,1,1,7,High,6.4,73
c5f24b80,RIDER_065,8,13,1,4,Low,-4.1,68
609b5be1,RIDER_073,5,6,1,7,Medium,0.9,54
fd7b7412,RIDER_131,3,21,0,2,Low,0.1,50
d31cf370,RIDER_115,3,24,0,5,Low,-0.3,90
47f1e4ae,RIDER_137,2,20,1,0,Low,-2.6,46
37768ec8,RIDER_106,8,12,0,2,Medium,7.3,86
9a32b287,RIDER_016,1,17,0,3,Medium,0.6,70
d73ad0f5,RIDER_078,8,18,0,4,Low,-0.9,96
ce33df88,RIDER_125,3,24,1,2,Low,5.2,64
4f46ec77,RIDER_131,9,8,0,7,Medium,2.0,100
d71b255f,RIDER_141,2,14,1,4,Low,-4.9,46
fc9bd7b0,RIDER_130,10,5,0,6,Low,-5.7,100
2115c826,RIDER_112,9,22,0,4,High,1.4,100
577ed61a,RIDER_127,6,2,0,7,Medium,4.1,100
0e342435,RIDER_021,1,22,1,0,Medium,1.6,46
a5609ae3,RIDER_147,5,11,0,2,Medium,-3.7,61
725c98d0,RIDER_089,10,3,1,2,Low,5.7,74
3aeccaaf,RIDER_047,9,22,1,9,Medium,-1.2,87
47bd6ddd,RIDER_150,6,16,1,9,High,10.5,91
ebf460fb,RIDER_085,7,21,0,2,Low,1.3,71
f7b71865,RIDER_128,4,16,1,5,High,4.0,77
68575782,RIDER_072,1,9,1,8,Medium,6.5,49
58478d44,RIDER_042,5,13,1,5,High,3.1,72
1d62e065,RIDER_009,2,10,1,4,High,1.8,54
a15784c8,RIDER_025,8,17,1,0,High,4.9,96
62789513,RIDER_002,4,21,0,1,Low,0.8,67
64664b69,RIDER_019,1,17,1,10,Low,2.8,42
086b9ef0,RIDER_020,10,10,1,0,Medium,1.2,78
eb80e46a,RIDER_070,7,8,0,5,Medium,2.1,100
e1b4e11d,RIDER_017,2,7,0,2,Medium,5.3,41
04389241,RIDER_124,3,14,0,4,Low,-2.8,67
71388a0d,RIDER_089,9,22,0,5,Medium,0.2,100
2b3a1919,RIDER_094,9,18,0,4,Low,-0.0,100
864bf687,RIDER_084,2,21,1,2,Medium,5.9,63
99329056,RIDER_131,3,19,1,1,Medium,1.5,66
ea566d0f,RIDER_087,9,18,0,1,High,-1.7,97
223688f5,RIDER_051,1,14,1,1,Medium,-5.9,44
a262a919,RIDER_082,2,10,1,9,High,6.6,61
50010a8e,RIDER_008,2,1,1,3,High,1.9,47
96253e8e,RIDER_121,10,9,1,3,Medium,1.2,84
61012140,RIDER_004,3,18,1,2,Low,1.6,48
20d0e448,RIDER_086,10,13,0,7,Low,6.5,100
c4706245,RIDER_128,3,17,0,3,High,3.7,89
2c12a356,RIDER_110,10,23,1,7,Medium,-5.5,94
ee849fb3,RIDER_099,2,22,1,10,Medium,4.4,67
25e0d7bc,RIDER_037,8,16,1,2,Low,-5.1,72
2551ab54,RIDER_071,8,24,1,10,Low,4.9,83
69277481,RIDER_033,8,11,1,1,Low,0.1,62
bf34ad5f,RIDER_031,2,23,0,7,Medium,4.9,100
c3e6cfdd,RIDER_125,9,9,0,5,Medium,5.2,100
83bbee66,RIDER_012,7,7,1,1,Medium,-0.5,69
b1f4b543,RIDER_011,5,22,1,6,High,1.9,91
bdc5b7e1,RIDER_088,7,1,0,9,Medium,2.9,100
991f07bb,RIDER_072,8,9,0,6,High,-0.9,100
54464215,RIDER_032,9,10,0,3,Low,-0.9,91
f51395a0,RIDER_057,2,16,1,7,Medium,3.8,52
44d5acbe,RIDER_086,6,21,1,2,Low,7.1,73
5339dfac,RIDER_019,9,18,1,8,High,-2.7,98
36c5f26d,RIDER_116,6,14,1,10,Low,4.0,64
dff3951e,RIDER_014,2,11,0,4,High,1.1,84
950de50e,RIDER_033,1,24,1,2,High,4.7,70
c5d73701,RIDER_010,3,4,0,8,Medium,3.8,97
7349b02a,RIDER_080,5,19,1,1,Medium,3.2,67
ecfa3816,RIDER_064,7,13,0,1,Medium,-3.8,74
416adc7f,RIDER_068,10,1,1,2,Medium,9.5,75
4c479d3e,RIDER_092,10,21,1,8,Medium,1.6,97
e1edacbc,RIDER_125,3,19,1,10,Low,0.9,51
55b6ec2c,RIDER_080,9,15,1,9,Medium,4.7,83
a42c2966,RIDER_059,10,20,0,2,Low,-5.4,86
d6a8deaa,RIDER_097,4,15,1,4,Medium,5.1,69
45316da7,RIDER_019,10,11,0,8,Low,5.9,100
1da15db3,RIDER_149,2,23,1,9,High,-2.9,77
e4128320,RIDER_022,3,5,1,5,Medium,3.7,45
5ccac0f1,RIDER_009,5,24,0,5,Medium,1.7,100
b7a4195b,RIDER_009,3,22,0,10,Low,3.5,100
86a0aeda,RIDER_027,5,10,1,0,High,-4.0,62
0c20f55d,RIDER_017,4,18,0,10,Low,7.0,100
6d86f10e,RIDER_045,10,7,1,1,Medium,4.8,84
1c2dfd84,RIDER_008,3,1,1,8,High,-2.2,51
08e62487,RIDER_146,6,3,0,7,Low,0.0,85
777b109b,RIDER_125,8,1,1,1,Medium,6.1,76
5a9462cb,RIDER_123,4,17,1,4,Low,3.5,58
93909d61,RIDER_033,9,15,0,4,Medium,-0.6,100
2a8fe86b,RIDER_001,6,5,1,5,Medium,2.9,61
1a9f6d17,RIDER_006,5,22,1,3,High,0.4,83
855893e3,RIDER_041,3,16,1,8,Low,-2.9,49
0045aa1c,RIDER_005,5,12,0,4,Medium,1.1,83
771d78af,RIDER_080,5,19,0,3,High,3.9,100
f4e8bb7f,RIDER_018,4,14,1,8,High,-0.6,75
bc7f80b6,RIDER_082,6,3,0,1,Medium,4.1,61
f547b92d,RIDER_065,3,19,1,10,Low,5.7,62
d40dee5e,RIDER_083,10,1,0,10,Medium,5.0,100
0a6baf31,RIDER_136,1,21,0,1,Medium,3.9,54
4a03b04b,RIDER_131,7,1,0,2,Low,-2.9,47
55959014,RIDER_025,7,10,1,9,Medium,1.0,64
f9930de1,RIDER_069,4,3,0,3,Medium,2.8,56
a2d4440f,RIDER_082,9,13,1,9,Low,1.8,75
9daabdfe,RIDER_117,2,6,1,8,Medium,5.2,53
ca1f43c9,RIDER_095,1,11,1,4,Medium,1.6,45
b6f135a2,RIDER_033,3,6,1,1,Medium,6.2,52
cd97f2cb,RIDER_111,7,3,1,2,Medium,5.6,71
3fc58339,RIDER_146,9,16,1,7,Low,0.0,76
5b62772e,RIDER_125,2,9,1,5,Medium,-2.6,39
95d7b03c,RIDER_016,6,8,0,4,High,5.4,100
e3ea09cc,RIDER_080,3,3,1,3,Medium,7.1,46
0fa7df90,RIDER_038,5,5,1,3,Medium,0.6,50
327fd3d9,RIDER_135,9,21,1,7,Medium,3.7,97
ee869eba,RIDER_078,3,14,0,5,Low,5.8,88
415fefa4,RIDER_063,1,5,1,4,Medium,-3.8,39
265d8a18,RIDER_112,5,19,1,4,High,8.1,91
61eafe90,RIDER_089,1,5,1,5,Medium,0.6,31
97c87ca8,RIDER_038,8,21,0,10,High,8.3,100
743d43cc,RIDER_150,7,20,1,10,Low,5.0,75
2ab3068b,RIDER_144,2,20,1,2,Medium,3.4,62
3b592211,RIDER_052,9,2,0,6,High,8.8,100
ffd16f58,RIDER_029,5,7,1,0,Low,3.4,59
f6d0064d,RIDER_144,7,1,1,4,High,7.1,76
7c6cbc7e,RIDER_076,4,21,1,5,Medium,5.1,78
cd669a42,RIDER_145,1,18,0,1,High,0.2,60
74b62433,RIDER_064,8,10,1,1,High,-2.2,87
f5ec25e4,RIDER_091,1,6,1,8,Medium,7.5,44
aac5b1c5,RIDER_089,3,7,1,1,Medium,2.5,51
6e5c5004,RIDER_013,6,12,0,2,Medium,4.7,81
98fc1ea6,RIDER_072,8,18,1,0,High,3.8,93
477c68be,RIDER_005,8,11,1,8,Medium,4.1,82
66f9bd15,RIDER_012,2,22,1,0,High,5.0,82
0166286c,RIDER_003,9,19,0,3,Low,1.8,98
857dec1c,RIDER_033,4,4,0,6,Medium,8.0,100
19bd57ec,RIDER_121,4,19,1,1,Low,6.9,61
4228a3dd,RIDER_050,2,13,1,7,Low,0.2,43
00e859f4,RIDER_137,1,19,1,7,Medium,0.2,52
46fb10b4,RIDER_029,10,2,1,2,Medium,-2.3,74
6b1e6068,RIDER_039,7,9,0,3,Low,9.5,90
e97d6494,RIDER_091,10,8,0,10,Medium,0.8,100
02df68a0,RIDER_100,3,21,1,6,High,4.1,84
888ede31,RIDER_017,4,14,0,4,Medium,0.3,76
b74c609b,RIDER_056,9,9,0,4,Medium,3.7,100
05658bfe,RIDER_046,6,13,0,1,High,5.3,85
5b9eaca4,RIDER_067,1,18,0,5,Medium,6.9,90
f5f518ef,RIDER_142,9,6,1,3,Low,6.0,73
a65a5947,RIDER_067,9,23,1,4,Medium,-3.7,83
0dfe8ddf,RIDER_023,5,22,1,10,Low,5.0,70
2f4bd835,RIDER_094,8,3,1,4,Low,9.6,69
80931dd1,RIDER_054,7,10,1,1,Medium,0.8,68
f2c99cce,RIDER_138,8,10,1,7,Medium,7.1,77
0c540d48,RIDER_077,9,10,1,10,Medium,-1.9,83
292fd188,RIDER_016,2,9,1,0,Medium,4.2,45
ef589276,RIDER_041,10,12,1,1,Medium,2.1,86
50ecd95b,RIDER_098,5,24,1,6,Medium,-5.6,72
df632111,RIDER_128,8,8,1,6,Low,-0.1,64
8f995892,RIDER_061,3,24,1,1,Low,6.1,72
b9ca0730,RIDER_086,6,9,1,0,Low,4.3,60
9cc33c19,RIDER_118,6,17,0,9,Medium,1.7,100
3b84c2a1,RIDER_100,7,8,1,0,High,5.2,81
485919de,RIDER_049,3,18,1,0,Medium,-3.9,55
6df3526d,RIDER_002,8,20,1,5,High,1.2,87
8a7cce49,RIDER_120,8,17,1,9,Low,-1.5,68
7ddfe549,RIDER_123,9,6,0,6,High,-5.0,100
5e52fe80,RIDER_086,8,10,1,1,High,5.6,92
5f92a009,RIDER_077,3,1,0,5,Medium,3.8,70
a07db281,RIDER_136,6,21,0,3,Low,0.8,85
ec98913e,RIDER_059,9,1,1,8,Medium,0.0,68
e2b60224,RIDER_012,1,9,1,10,Low,-3.6,26
256ad56c,RIDER_004,3,20,1,7,Medium,1.4,58
3ca49dde,RIDER_117,2,3,1,7,Medium,4.5,49
c256c65c,RIDER_095,8,24,0,1,Medium,-0.3,95
3945c8fc,RIDER_125,6,6,1,10,Medium,6.7,66
0ac023c9,RIDER_041,10,7,1,4,Medium,-3.9,79
ff97c679,RIDER_123,8,9,1,1,High,-6.0,84
994c7194,RIDER_007,2,5,1,2,Low,2.3,36
772db128,RIDER_069,6,16,0,7,High,4.6,100
185c4d7a,RIDER_069,7,2,1,4,Medium,4.1,64
cbd5bf17,RIDER_081,8,3,1,3,Low,-3.2,55
c0b81487,RIDER_030,9,3,1,4,Low,1.1,62
5c9cf18b,RIDER_073,5,20,1,7,Low,3.2,66
a94e016c,RIDER_006,3,23,1,9,Low,5.3,65
5db52c44,RIDER_089,2,10,1,6,Medium,-5.5,41
3bc07397,RIDER_147,8,22,1,5,Medium,1.9,85
48d2d71e,RIDER_066,1,3,1,1,Medium,3.2,39
293124d9,RIDER_010,10,15,1,9,Low,-2.2,77
7c497630,RIDER_144,6,14,1,4,Medium,3.0,68
27bb67c3,RIDER_037,2,23,1,9,Medium,-1.1,69
43ec8b28,RIDER_077,3,4,1,8,High,4.8,69
662a5585,RIDER_077,8,10,0,8,Low,6.8,100
a4c07b50,RIDER_032,1,11,1,8,High,-2.0,51
9f8cf8f1,RIDER_047,6,11,0,2,Low,-2.0,61
fba6a3f0,RIDER_110,3,8,0,8,Low,6.6,96
1d3f6934,RIDER_120,6,23,1,8,Medium,3.5,79
02f1aeac,RIDER_010,3,23,0,4,Medium,3.8,96
4ba090b0,RIDER_097,8,9,0,5,Low,-2.6,96
8783c3a9,RIDER_005,5,8,1,6,Low,3.7,48
79435ec5,RIDER_077,4,12,0,9,Medium,2.2,100
23668eaa,RIDER_001,9,17,1,9,Medium,5.6,98
f25ec35c,RIDER_131,5,23,1,9,Low,4.6,68
6d4b52be,RIDER_067,4,15,0,5,High,1.2,100
e121b86f,RIDER_015,8,19,1,4,Medium,-0.7,84
18a5cbe8,RIDER_093,8,20,1,0,Medium,5.1,88
14f85421,RIDER_030,8,6,0,3,Medium,3.8,82
7e08d473,RIDER_103,4,5,0,7,Low,-4.4,83
04ddd541,RIDER_082,1,8,1,7,Low,-1.4,27
900d39af,RIDER_075,2,18,0,5,High,5.5,100
4325ce9a,RIDER_060,4,21,1,2,Low,-5.3,62
4e7c8703,RIDER_040,10,21,1,7,Medium,-1.7,92
aca00389,RIDER_074,2,15,1,6,Low,6.3,55
94241996,RIDER_121,10,3,1,10,Low,-1.7,55
e5d2aa50,RIDER_147,3,14,1,8,Low,-4.7,35
a50161cf,RIDER_003,9,15,1,2,Medium,-1.0,84
7a4a3d0a,RIDER_036,9,13,1,10,Medium,-0.8,72
98fcd2ca,RIDER_043,9,21,1,5,Medium,-0.2,83
eed5e3e3,RIDER_143,7,20,1,0,Medium,0.6,75
c3f4594e,RIDER_115,4,21,1,7,Medium,3.6,78
e2cfb898,RIDER_109,1,9,1,1,Medium,7.4,52
2f312f59,RIDER_090,3,23,0,4,Medium,-2.7,82
0e28aad6,RIDER_084,8,17,1,5,Medium,-2.1,77
ac60e754,RIDER_077,4,19,0,3,High,5.5,100
f4a484f8,RIDER_005,10,4,1,8,Medium,8.3,79
a13eb052,RIDER_078,10,20,1,2,Low,-3.7,82
6d4db4c2,RIDER_091,2,10,1,1,Medium,2.6,44
3baf45f7,RIDER_087,8,22,1,2,Low,4.1,89
37a7f358,RIDER_014,7,3,0,4,Low,1.5,77
6c765324,RIDER_104,10,19,1,0,Low,-4.7,76
6263bed8,RIDER_083,9,9,0,9,Medium,8.3,100
ae59bca7,RIDER_054,2,5,1,3,Medium,-7.8,39
eff732b2,RIDER_132,5,14,1,0,Low,-7.0,51
02396b53,RIDER_095,6,7,0,8,High,3.3,100
669d9c1e,RIDER_009,2,21,1,2,Medium,0.5,58
96b43e93,RIDER_053,2,6,0,1,Medium,5.3,44
2a79051c,RIDER_077,10,24,1,4,Medium,-4.8,95
32c87d25,RIDER_060,4,8,1,0,High,2.8,66
28eb31b4,RIDER_046,8,2,0,9,Medium,9.4,100
5ca5be43,RIDER_054,5,14,1,6,Medium,-0.6,61
66d7b530,RIDER_074,9,22,1,8,High,4.9,100
3085c077,RIDER_112,4,7,1,0,Medium,4.4,54
7a1df622,RIDER_095,3,3,1,7,Medium,1.0,45
f8a9c872,RIDER_023,10,20,1,7,High,8.8,100
92329de5,RIDER_027,8,22,1,6,Low,2.1,74
4870a6d2,RIDER_070,1,23,1,9,Low,-0.2,41
6f9459a2,RIDER_109,9,6,1,3,High,2.3,86
f8ff90c2,RIDER_077,4,21,1,6,Medium,-7.5,67
009205fd,RIDER_050,9,14,1,1,Medium,-5.6,75
73855c61,RIDER_124,8,12,1,5,Low,1.7,68
e4537905,RIDER_019,3,18,0,10,Low,4.2,100
123c5864,RIDER_001,3,12,1,4,Medium,-2.4,49
8422e255,RIDER_040,9,7,1,4,Low,-5.4,61
123155fd,RIDER_022,3,5,0,10,Low,-0.6,100
45d3fdfe,RIDER_112,4,12,0,7,Medium,1.2,93
f1577ca0,RIDER_040,9,9,1,0,Low,9.7,72
4c0ae70d,RIDER_038,4,11,0,7,Medium,3.8,100
78a61e5e,RIDER_048,3,4,1,3,Medium,4.5,50
d5de44d3,RIDER_075,7,14,1,9,High,8.6,97
9b2109aa,RIDER_107,6,12,0,5,Medium,9.9,100
7c950151,RIDER_008,1,18,0,5,Low,5.4,83
f80c9955,RIDER_086,10,7,1,0,Low,5.5,67
4a3a6596,RIDER_068,8,23,1,7,Medium,-0.9,82
13e3fad4,RIDER_075,1,1,1,3,Low,0.8,29
565d552f,RIDER_137,4,13,1,8,High,-0.9,66
a53c177e,RIDER_090,6,16,0,6,Medium,4.8,100
bbdef72f,RIDER_130,6,5,1,10,Medium,4.0,52
1ca39bdd,RIDER_080,7,19,1,3,Medium,7.1,83
1d89d5ab,RIDER_095,5,9,1,0,Low,5.9,56
a688261c,RIDER_070,5,23,0,8,Medium,0.4,100
f1aa4854,RIDER_090,4,9,1,9,Low,3.8,43
84a3d14c,RIDER_059,6,12,0,5,High,9.5,100
a49b0e6e,RIDER_147,7,18,0,5,Medium,1.5,100
0b3ae4d6,RIDER_028,10,24,1,0,Medium,2.4,100
dd6b50d8,RIDER_072,10,10,0,4,High,1.0,100
5aa73585,RIDER_014,1,17,0,3,Medium,2.8,67
6750a13b,RIDER_024,9,19,1,10,Medium,3.1,90
eb0ac239,RIDER_112,8,24,1,0,Medium,5.9,100
c0adb680,RIDER_044,7,11,1,6,Medium,-0.2,64
eccd6e33,RIDER_056,9,16,1,3,Medium,3.1,87
194ef4d0,RIDER_120,3,8,1,2,Medium,-2.9,42
8584deb9,RIDER_032,10,24,1,1,Low,-2.6,94
caa54e2b,RIDER_025,4,15,0,7,Medium,6.0,100
b2f1b61c,RIDER_116,7,11,1,4,Medium,-3.7,71
7013687e,RIDER_066,6,7,1,9,Low,4.1,58
95ff9c6b,RIDER_042,2,2,1,8,High,-1.4,38
526a4128,RIDER_076,2,19,0,4,High,-3.1,95
cb6a09fa,RIDER_137,10,9,1,9,Medium,3.8,81
afbc1255,RIDER_038,7,18,1,0,High,11.3,100
b0d4b9a0,RIDER_061,9,13,1,9,High,3.8,92
99a7a62a,RIDER_089,9,23,1,4,High,0.3,100
d959c572,RIDER_018,7,1,1,4,Low,-0.6,49
7ecebbdc,RIDER_070,8,19,1,7,Low,-1.5,77
0d7f7200,RIDER_082,10,13,0,5,Medium,1.1,100
9e2eb262,RIDER_116,3,14,0,10,High,5.5,100
fe1b578a,RIDER_080,1,17,1,4,High,2.5,55
51b144e8,RIDER_015,7,22,1,7,Medium,1.3,84
64b4e8ca,RIDER_013,8,20,1,0,Medium,-4.6,77
ac162d77,RIDER_119,2,1,1,4,Low,-3.2,22
2e60b12a,RIDER_043,9,5,0,2,Low,-2.2,58
1020897f,RIDER_057,4,20,0,4,Medium,0.6,85
7a4c71ce,RIDER_017,10,14,0,2,High,1.6,97
e1577577,RIDER_032,9,18,1,3,Medium,8.7,100
a9387bee,RIDER_150,3,13,1,10,Medium,2.9,50
3ddbb860,RIDER_055,8,23,1,8,High,0.4,100
bd7cd8c2,RIDER_013,2,12,1,1,Low,5.3,46
d065d830,RIDER_047,3,15,1,9,High,5.8,74
21f30d0a,RIDER_087,1,24,1,0,Medium,2.5,51
6d85f179,RIDER_062,5,4,1,3,Medium,1.3,49
db4d7093,RIDER_029,4,9,0,7,Medium,7.6,100
db4d280c,RIDER_022,1,3,0,4,Low,2.9,50
71f81167,RIDER_065,10,22,1,8,Medium,-2.9,96
3e5e2175,RIDER_029,9,11,1,9,Low,0.6,67
571ee6b9,RIDER_048,6,15,1,2,Low,3.6,59
86f8bae7,RIDER_005,6,16,1,8,Medium,0.4,67
7304ce55,RIDER_101,2,7,1,0,Low,4.2,44
be044430,RIDER_071,7,7,1,1,Medium,-3.9,67
481598c6,RIDER_141,9,22,0,8,Medium,5.5,100
00862198,RIDER_138,6,9,1,8,Medium,0.4,58
2258f55e,RIDER_066,8,17,1,9,High,-0.3,86
88dcb310,RIDER_072,5,13,0,4,Low,5.3,84
9c21d80b,RIDER_025,2,9,1,9,Low,1.8,39
0ec64fbf,RIDER_060,4,9,1,3,Medium,-0.3,52
ab39e164,RIDER_040,1,20,1,8,Medium,1.4,58
0af08f94,RIDER_007,1,12,1,9,High,1.4,65
7986da90,RIDER_046,6,21,1,1,Low,-0.0,68
7b93c668,RIDER_086,2,19,0,2,Medium,3.3,63
7198cfb6,RIDER_141,6,23,1,7,Low,1.7,80
9110ee7a,RIDER_021,1,15,1,0,Medium,5.3,49
e3303719,RIDER_001,10,18,1,1,Medium,-4.5,95
981d8908,RIDER_123,3,8,0,4,Low,2.2,65
b8fa4a39,RIDER_147,9,6,1,6,Low,7.4,76
ee0efe0c,RIDER_125,2,6,1,9,Medium,-0.1,35
4bcc63d7,RIDER_033,8,3,1,8,High,1.1,82
72a8c645,RIDER_004,6,3,1,2,Low,7.4,58
14c953f0,RIDER_003,6,2,1,10,Low,-7.3,43
4090645c,RIDER_091,7,5,0,3,High,8.3,100
a7297b25,RIDER_052,5,20,0,9,Medium,4.1,100
008c0249,RIDER_028,4,12,1,0,Low,2.0,50
517960e4,RIDER_070,6,6,1,0,Medium,5.8,59
42564345,RIDER_057,8,16,1,0,Medium,0.8,77
b080298b,RIDER_108,4,5,0,3,High,-2.2,82
2cbc1a28,RIDER_144,5,6,1,8,Low,0.6,53
6af1b73d,RIDER_024,7,4,0,7,High,0.5,100
65800750,RIDER_077,6,14,0,3,Low,0.3,72
54c2db5c,RIDER_076,4,3,1,7,Medium,3.1,46
14d91ff0,RIDER_069,4,17,0,6,Medium,2.3,100
e1777032,RIDER_101,10,5,0,5,Medium,2.9,100
234432f4,RIDER_092,4,22,1,9,Medium,7.8,79
7529b6d3,RIDER_092,1,21,1,1,High,0.9,69
e15f9528,RIDER_030,5,21,1,2,Medium,7.6,79
e0a90e9b,RIDER_018,8,6,1,3,Medium,7.1,76
ee21b914,RIDER_044,7,20,1,6,Medium,-6.3,75
1e35b5b6,RIDER_099,5,4,1,7,Low,-2.7,43
1295ce2a,RIDER_121,3,13,1,10,Low,-3.0,40
019b7f90,RIDER_115,1,8,1,7,Low,8.3,43
00dd468f,RIDER_060,7,11,0,3,Medium,1.8,92
8b36f064,RIDER_146,3,24,0,8,Low,0.3,100
5663a55e,RIDER_056,4,19,0,7,High,-3.1,100
ce1b98d5,RIDER_031,5,23,1,10,Medium,6.1,87
53e31f53,RIDER_101,8,5,0,4,High,0.5,100
9195b9cc,RIDER_059,7,5,0,2,High,-6.4,76
4363b24a,RIDER_124,9,3,1,1,Low,8.8,80
0362c322,RIDER_130,3,2,0,8,Low,1.9,92
b8e2909c,RIDER_097,10,3,1,0,Low,6.9,72
e8ea03ad,RIDER_107,1,15,0,6,High,2.0,100
b31597d6,RIDER_018,1,7,0,10,Medium,-0.0,100
62352b1d,RIDER_145,10,3,0,6,Low,1.9,100
c6619be7,RIDER_071,1,15,1,0,High,3.7,58
8739984f,RIDER_106,2,11,1,6,Medium,-0.9,43
4caa22c6,RIDER_054,2,16,1,0,Medium,-5.3,55
a86cf3fa,RIDER_094,7,13,1,1,Low,-7.0,66
89d0e135,RIDER_076,9,2,1,8,Medium,2.2,71
a1ff3555,RIDER_035,8,20,1,7,Medium,3.5,89
cdf891a8,RIDER_011,4,12,0,8,Medium,1.3,100
bbb74344,RIDER_061,2,21,1,8,Medium,-2.0,56
74c350d6,RIDER_044,3,7,0,3,High,-0.1,78
04b151da,RIDER_121,10,1,1,4,Low,2.3,65
3ccbe1ee,RIDER_068,5,14,1,9,Low,3.2,55
59035d3e,RIDER_025,9,24,1,6,Medium,1.6,96
28dcd496,RIDER_084,8,10,1,5,Medium,-0.7,67
a184081f,RIDER_114,3,3,1,8,Medium,7.4,56
ffd84a9e,RIDER_132,9,11,0,1,High,-1.6,85
d6a1191b,RIDER_001,10,22,1,7,Medium,-1.9,90
139916a4,RIDER_131,3,20,0,1,Medium,0.6,60
14dea041,RIDER_086,10,21,0,1,Medium,6.7,100
446acaa3,RIDER_062,8,15,1,2,Medium,4.7,82
1e083b9d,RIDER_064,1,6,0,3,High,1.8,68
c32ef6b0,RIDER_145,4,18,0,5,Medium,-2.2,97
1ac7da79,RIDER_126,4,13,0,5,High,-1.5,99
6344eb17,RIDER_105,6,15,0,1,Medium,0.9,58
cec9663f,RIDER_062,2,3,0,5,Low,0.3,60
a4f7a3ae,RIDER_035,7,15,1,7,Medium,0.0,71
7e43abb4,RIDER_013,5,24,1,4,Medium,7.6,84
73e525a1,RIDER_043,10,24,1,0,Medium,14.3,100
82467327,RIDER_130,6,1,0,7,Low,-1.1,88
78d1f07f,RIDER_111,6,10,1,5,Medium,4.6,66
51b426ef,RIDER_128,6,24,1,1,Low,5.6,78
90beaf72,RIDER_051,10,18,0,6,Medium,-0.1,100
a35c07f1,RIDER_144,8,8,1,7,High,-1.1,85
72527c01,RIDER_146,10,12,1,1,Medium,-1.7,80
05f33f60,RIDER_135,4,5,1,0,Low,4.2,49
c9b4fbd5,RIDER_045,10,1,0,5,Medium,4.3,100
d19c3af8,RIDER_042,8,8,1,5,Medium,6.4,72
6a4c7cb4,RIDER_135,9,5,1,7,Medium,10.5,87
292219e3,RIDER_015,4,17,0,6,Medium,4.2,100
8a43dd3f,RIDER_060,1,15,0,7,High,2.4,100
9673d1e7,RIDER_040,3,4,1,9,High,-1.7,50
a7e5dd0c,RIDER_112,1,13,1,9,Medium,5.1,45
ee597357,RIDER_077,7,17,1,4,Medium,-9.7,67
016c6f84,RIDER_105,1,13,0,1,Low,0.4,36
f688885f,RIDER_107,4,2,1,4,Medium,-6.3,46
7c8b0e8b,RIDER_122,1,24,1,1,Low,0.7,51
f41be1af,RIDER_080,2,4,0,8,Low,5.2,91
8c282457,RIDER_125,1,2,0,4,High,9.0,87
c8d6f52e,RIDER_134,5,12,1,0,High,-7.5,73
8e4721c5,RIDER_032,7,19,1,8,High,6.9,98
8b815320,RIDER_108,3,18,1,9,Medium,0.9,66
0c1c49cc,RIDER_114,8,10,1,4,Medium,1.9,71
3c31db5f,RIDER_146,5,5,1,10,Medium,5.4,56
cd50af1e,RIDER_068,5,11,1,0,High,1.4,77
d86ec0be,RIDER_127,5,1,1,8,Medium,-1.0,39
13557467,RIDER_135,8,3,1,8,Low,-0.3,50
e17495a5,RIDER_114,2,17,0,9,Medium,-1.4,100
5f97b752,RIDER_008,2,15,1,9,Medium,2.5,49
5b13858a,RIDER_064,8,14,1,8,Medium,7.0,86
cc637f12,RIDER_135,9,24,0,5,Medium,5.4,100
cac061ad,RIDER_041,10,15,1,9,Medium,2.4,88
57124a38,RIDER_040,10,16,0,9,Low,-0.6,100
cdcb08e3,RIDER_003,2,4,1,1,Low,3.2,27
101798b8,RIDER_145,4,19,1,6,Medium,9.2,79
995e80bd,RIDER_110,8,24,1,1,Low,-1.7,79
5d65fbce,RIDER_114,2,8,1,3,Low,5.0,44
9e9777c6,RIDER_112,4,6,1,3,High,3.7,66
9005c32c,RIDER_150,10,16,0,9,High,-0.9,100
2fc3a07a,RIDER_004,1,3,1,6,Low,3.0,23
0cc55e05,RIDER_134,2,8,0,5,Low,0.3,63
d8dbe452,RIDER_026,7,5,1,10,Medium,-1.5,60
842e5580,RIDER_139,1,5,0,9,High,-1.9,97
3a6d2515,RIDER_017,1,12,1,6,Medium,-0.9,36
b50da709,RIDER_092,2,1,0,5,Medium,-2.7,65
48896a28,RIDER_031,4,7,1,0,Low,9.8,54
f9a7df93,RIDER_144,7,24,0,10,Medium,-1.8,100
7c65ea4f,RIDER_107,4,11,1,3,Medium,8.2,65
25d95292,RIDER_146,5,10,0,2,Low,3.5,52
8b461206,RIDER_111,4,3,1,6,Medium,-4.9,46
278af497,RIDER_101,4,8,0,6,Medium,-1.3,89
aaac3420,RIDER_112,9,1,0,10,High,3.4,100
0181afaa,RIDER_062,6,8,0,3,Medium,-0.7,67
fe9cf282,RIDER_112,3,23,1,6,Medium,2.8,66
97deceed,RIDER_116,6,20,0,3,Medium,-5.5,92
40fbe247,RIDER_035,7,11,1,8,Low,2.2,64
34adbe17,RIDER_028,7,7,1,2,High,1.5,82
781555c2,RIDER_103,8,16,1,9,Medium,9.6,88
7c63721f,RIDER_125,4,7,1,1,Medium,-0.7,46
4255c443,RIDER_102,1,13,0,4,Medium,4.8,80
22f76857,RIDER_137,6,10,1,8,High,7.2,84
bb3c9795,RIDER_143,8,17,1,10,Low,6.3,81
ecfd4698,RIDER_021,5,3,1,2,Medium,6.6,54
cd0f75d2,RIDER_052,3,7,1,0,Medium,1.7,45
dc371827,RIDER_097,4,11,1,8,Low,3.7,50
cc8895f5,RIDER_051,8,13,0,4,High,-0.4,100
6feb33d0,RIDER_083,6,5,1,1,High,4.4,77
0bdd9abd,RIDER_055,5,23,0,5,Low,-2.4,95
34a6192a,RIDER_077,9,19,0,2,Medium,-1.2,85
d430eb3d,RIDER_127,10,15,1,8,Low,10.2,93
4495ac3b,RIDER_093,3,1,1,2,Medium,5.8,44
96302035,RIDER_088,7,5,0,1,Medium,-4.2,60
a42841a0,RIDER_080,9,13,0,2,Medium,3.4,91
c1e3c671,RIDER_092,4,10,1,5,Low,-2.0,49
cb1cef0a,RIDER_047,10,5,1,2,Medium,4.8,80
7cfc336a,RIDER_038,10,23,0,8,Low,3.5,100
82058be7,RIDER_139,3,1,1,8,Medium,2.8,37
5ef8a477,RIDER_015,1,10,1,8,Low,-0.6,35
4d64bce4,RIDER_001,9,18,0,1,Medium,7.8,91
bbdca289,RIDER_135,1,22,1,6,High,-0.6,58
fe062022,RIDER_001,2,8,1,1,Low,2.9,38
9ef2f615,RIDER_049,9,20,1,0,Medium,1.1,89
33e0737f,RIDER_096,5,3,1,4,Medium,-3.6,51
d906ece9,RIDER_026,4,19,0,10,Medium,0.6,100
36882159,RIDER_087,9,19,0,10,Medium,-4.8,100
8bbd17ed,RIDER_093,9,2,0,7,Low,4.3,100
d49f3a84,RIDER_102,2,17,0,2,Low,-0.5,44
2f089d16,RIDER_071,3,16,1,6,High,0.6,73
d25de740,RIDER_140,3,21,1,5,High,4.5,75
ce002c5d,RIDER_095,5,10,1,10,Medium,-0.4,56
51ef8368,RIDER_118,3,21,1,0,Medium,-6.7,58
332b2500,RIDER_148,10,16,1,6,Medium,3.4,88
7a284e5d,RIDER_119,6,5,1,2,Medium,-0.7,57
5590cb92,RIDER_051,2,20,1,3,Low,0.7,45
6782d168,RIDER_081,6,3,1,9,High,4.2,69
f04e5e71,RIDER_036,6,3,0,1,Low,-2.0,45
1acea660,RIDER_067,2,2,0,10,Medium,3.4,100
650a658c,RIDER_129,6,21,1,0,Medium,2.2,83
d4647cbe,RIDER_114,6,4,1,4,Medium,1.8,61
828a0e5f,RIDER_111,6,22,1,5,Low,1.0,73
2bd41306,RIDER_142,5,18,1,10,Medium,3.0,68
8290490f,RIDER_100,7,2,0,1,Medium,4.5,71
dc857b28,RIDER_109,5,24,0,9,Low,-4.9,100
defbbdd7,RIDER_120,1,6,1,5,High,5.1,51
00664d2a,RIDER_079,9,3,1,5,High,0.6,77
f8a52c84,RIDER_134,3,21,1,7,Medium,-4.8,53
fb1b83d4,RIDER_019,2,3,1,7,Medium,1.2,39
5d946f66,RIDER_127,10,2,0,5,Medium,-2.1,95
e7429912,RIDER_029,6,3,1,6,Medium,6.3,57
6c085855,RIDER_024,8,17,0,3,High,-3.8,100
ab98f3af,RIDER_010,2,14,1,4,Medium,2.8,58
60eb1980,RIDER_105,4,7,1,5,Medium,2.9,48
7398e883,RIDER_145,2,22,1,5,Low,3.5,51
8529c0f8,RIDER_055,9,21,1,2,Medium,4.6,98
7aa1ebd0,RIDER_147,10,6,0,8,Medium,-0.0,100
15999519,RIDER_002,2,8,0,3,Medium,-2.7,59
3e0339ae,RIDER_147,10,19,0,7,Medium,-6.4,100
62821c0d,RIDER_135,2,19,1,3,Low,2.6,44
a4d64073,RIDER_111,5,12,0,5,Medium,-0.2,87
fae540e4,RIDER_038,5,5,1,0,High,6.7,65
abafac8e,RIDER_131,7,5,1,1,Medium,4.5,68
54073495,RIDER_102,1,14,1,5,Medium,7.6,53
f331c910,RIDER_095,2,17,1,2,Medium,-3.9,43
2b07cb23,RIDER_092,6,16,0,10,Medium,-1.9,100
efb97592,RIDER_071,2,4,0,6,Low,3.8,76
3df86c8c,RIDER_024,4,8,1,0,Low,7.3,54
51a7b060,RIDER_068,10,3,1,2,Medium,11.7,94
ea1a1edd,RIDER_128,6,21,1,2,Low,3.7,76
a7737cc1,RIDER_093,7,5,1,0,Medium,2.1,65
967689a8,RIDER_044,10,23,1,3,Medium,5.4,100
a75401cb,RIDER_133,5,24,0,7,Low,-0.5,100
acf08ebf,RIDER_055,8,7,1,10,Low,-1.2,58
51e11b40,RIDER_029,6,18,0,6,High,4.3,100
fd826cd7,RIDER_037,5,24,1,6,High,4.8,94
b2785d25,RIDER_115,4,8,1,4,Medium,1.8,53
606d91de,RIDER_003,6,11,1,3,Medium,-1.4,64
7e680de0,RIDER_122,6,14,0,9,Low,6.0,100
eabb792b,RIDER_043,6,18,1,5,Medium,-3.3,67
109c2b4a,RIDER_007,1,13,1,1,Medium,2.4,42
c7646e1b,RIDER_125,6,6,1,0,High,3.6,77
e8e0b47b,RIDER_049,1,13,1,6,Medium,-0.4,42
1eda5599,RIDER_121,5,1,0,3,Medium,7.9,71
7b1f01d5,RIDER_073,7,11,1,6,Medium,1.7,66
8de3234b,RIDER_041,1,7,0,5,Medium,0.2,62
7ca033da,RIDER_106,1,10,1,10,High,-6.6,52
4dd6f817,RIDER_077,6,2,1,8,Medium,14.6,75
fdc7c194,RIDER_127,7,16,1,9,Low,1.4,62
c7847fd1,RIDER_091,6,5,1,5,Low,-4.3,43
2e021aec,RIDER_008,5,16,0,2,Low,-1.9,57
c5a6d063,RIDER_032,6,23,0,6,Low,6.5,100
9adda891,RIDER_064,3,16,1,8,Low,-2.1,42
ed7325b5,RIDER_138,9,15,1,10,Medium,3.6,89
9bf1f03f,RIDER_013,5,9,1,9,Low,4.4,54
778894de,RIDER_093,2,1,0,5,High,0.6,69
a242b817,RIDER_061,10,9,1,6,Medium,-0.9,77
c879a045,RIDER_008,10,11,1,7,High,2.9,100
ced31c73,RIDER_029,7,5,0,3,Medium,4.2,87
f825d443,RIDER_095,3,6,1,4,High,-4.4,56
945552c6,RIDER_041,1,8,1,3,Medium,-6.8,38
b772b69e,RIDER_149,3,15,1,0,Low,6.5,53
acfc6c7b,RIDER_011,9,16,0,5,Medium,4.3,100
5c233f7f,RIDER_002,5,18,1,6,Low,3.3,57
9a466eb8,RIDER_131,7,12,0,1,Medium,-1.0,64
ff78acf4,RIDER_080,3,23,1,5,Medium,6.5,78
0ef995b0,RIDER_087,4,4,1,10,Medium,6.4,54
202d096b,RIDER_106,1,22,0,1,High,2.2,73
efe0d0a4,RIDER_139,3,16,1,9,High,0.8,60
8e696d9a,RIDER_017,7,23,1,4,Medium,3.5,86
47b33b61,RIDER_023,4,11,1,0,High,3.1,79
5c64b05f,RIDER_048,2,22,1,2,Low,-0.4,49
53d92b4e,RIDER_020,5,24,0,3,Low,-4.3,87
ecd3273e,RIDER_002,5,22,1,3,Medium,3.0,72
a7f32977,RIDER_088,2,7,0,1,Medium,1.4,40
36873fe1,RIDER_031,6,24,1,7,Medium,4.8,84
12c8e597,RIDER_130,10,15,0,5,High,8.8,100
6b0455fe,RIDER_078,4,17,0,8,Low,-3.0,100
37a756f9,RIDER_004,1,15,1,5,Medium,3.9,52
c8b8c726,RIDER_141,3,10,1,2,Low,-3.7,32
4701c6e9,RIDER_128,9,4,1,1,Medium,7.7,87
117541bb,RIDER_134,10,22,1,8,Low,-1.9,84
2bdc1604,RIDER_031,7,17,0,2,Medium,-0.9,70
f0ce476f,RIDER_138,6,4,0,5,Low,-0.3,77
847a2c9b,RIDER_021,1,22,1,9,High,3.1,66
3b93cadf,RIDER_023,9,23,0,1,Low,3.2,84
aa7e5223,RIDER_131,9,22,1,6,Medium,4.4,95
1fe43164,RIDER_148,1,11,1,0,High,6.9,66
51e54e87,RIDER_029,6,4,1,8,Medium,0.8,60
3c09c968,RIDER_105,7,12,1,0,Medium,-0.7,70
0e52a9fd,RIDER_052,2,23,1,8,High,-1.8,68
2ed96912,RIDER_115,10,10,1,10,Medium,2.6,83
128b941d,RIDER_101,8,14,1,0,Low,2.0,66
add499b0,RIDER_084,8,18,1,0,Medium,-3.5,81
d16725fa,RIDER_061,6,6,0,7,Medium,4.9,100
be8c977e,RIDER_125,9,5,1,0,Medium,0.3,74
7d193dbb,RIDER_071,3,2,1,7,Medium,8.1,51
65d1a4eb,RIDER_070,2,13,1,2,High,1.4,60
22b50635,RIDER_139,2,23,0,3,Low,-2.3,72
30a67051,RIDER_108,6,14,0,1,Medium,3.1,69
7ca07aac,RIDER_021,7,3,0,5,Medium,6.2,98
2d3a256b,RIDER_131,6,23,1,6,Low,3.7,78
2d0ca20f,RIDER_082,3,11,1,9,Medium,7.0,61
440d7d99,RIDER_088,5,22,1,2,Medium,-1.1,71
2f0a82ee,RIDER_111,8,23,1,8,High,4.6,100
7e119994,RIDER_010,6,4,1,2,Medium,6.9,62
0b51947b,RIDER_012,2,13,0,6,Medium,3.4,96
dac0eb61,RIDER_007,7,8,1,3,Low,6.3,69
b44a0079,RIDER_145,8,8,1,4,Low,2.4,68
5f2da470,RIDER_114,4,23,0,8,Low,6.6,100
f0313747,RIDER_026,1,13,1,2,Low,4.8,43
d84765dd,RIDER_015,2,23,0,2,High,0.8,74
d7da786c,RIDER_033,4,10,1,8,Low,0.5,47
6533ff63,RIDER_062,7,13,1,8,High,4.4,84
89acb56f,RIDER_047,2,13,1,3,High,0.5,67
b0f19b33,RIDER_095,6,24,1,0,Medium,2.9,73
9e373026,RIDER_035,2,17,1,0,High,2.1,62
af4ce45b,RIDER_076,7,6,1,8,High,-1.5,67
7208ed0e,RIDER_123,2,2,1,5,Medium,1.7,36
ba9977b6,RIDER_083,3,17,0,4,Medium,-0.0,83
55b9f25b,RIDER_025,9,12,1,9,High,3.1,94
f6a02125,RIDER_057,4,23,0,2,High,2.8,77
cca38a9f,RIDER_032,5,6,0,2,Low,1.0,48
8053ab8a,RIDER_063,9,5,0,1,Medium,1.4,70
a7d6c98f,RIDER_012,7,5,0,6,Medium,-3.5,99
9cac465d,RIDER_063,8,9,1,8,Medium,5.1,86
26f39b28,RIDER_077,3,22,1,5,Medium,0.0,61
54327047,RIDER_092,4,3,1,9,Medium,6.0,53
43bb8ae6,RIDER_001,7,23,1,0,Low,-5.5,70
46d40a3c,RIDER_070,4,20,0,5,Medium,5.0,100
06f68bfc,RIDER_136,2,5,1,10,Medium,0.7,43
be51fc87,RIDER_133,10,7,0,7,Medium,7.4,100
cd09d4ef,RIDER_086,6,12,0,7,Medium,7.0,100
873e8332,RIDER_039,9,7,1,9,Low,11.3,80
56e62809,RIDER_023,2,10,1,2,Medium,5.8,60
127c7c36,RIDER_068,1,8,1,0,Medium,-1.1,39
6d7e12d8,RIDER_004,8,17,1,4,Medium,5.8,83
0de38116,RIDER_126,1,5,1,5,Medium,2.9,39
ee669f0e,RIDER_021,1,15,1,9,High,-0.9,57
10f242fe,RIDER_105,3,9,1,8,Low,5.7,48
82f8fc54,RIDER_066,5,23,0,1,Low,2.3,67
39f8b6e8,RIDER_007,9,11,1,0,Medium,12.4,96
57a606d6,RIDER_049,10,13,1,6,Medium,3.7,89
db25ec9c,RIDER_016,2,18,0,1,Medium,1.1,54
cd61e2d7,RIDER_145,1,17,1,10,Low,-6.3,41
597b8a3b,RIDER_084,1,24,1,1,Medium,-6.2,56
105e4b17,RIDER_087,8,9,0,2,Medium,0.4,76
c15abe7b,RIDER_098,10,10,0,3,Medium,4.9,100
c3ea935f,RIDER_075,10,5,0,6,High,6.3,100
d0552722,RIDER_034,10,11,1,0,Medium,5.8,92
48516356,RIDER_026,2,22,1,5,Medium,-5.7,62
c842b6fc,RIDER_066,9,15,1,10,Low,-0.7,66
7cbe22ee,RIDER_125,9,2,0,6,High,-1.4,100
c29e50df,RIDER_063,2,21,1,2,Medium,5.4,64
d3783435,RIDER_087,3,20,1,2,Medium,0.7,63
c7837b5a,RIDER_041,2,24,0,1,Medium,7.0,73
dae45915,RIDER_098,6,24,0,4,Low,2.2,100
1aa40a6a,RIDER_124,7,14,0,6,Medium,0.7,100
99024eed,RIDER_079,6,5,1,10,High,1.4,72
25a51cf7,RIDER_010,3,24,1,2,Medium,-3.5,71
2eff64d3,RIDER_015,3,6,0,6,Medium,-0.1,82
70b90ee4,RIDER_042,2,22,1,7,Low,4.1,56
36a6f7a1,RIDER_093,2,15,1,2,High,1.5,62
61f84086,RIDER_017,5,4,1,10,High,-3.8,60
cc88812e,RIDER_009,8,10,1,0,Medium,-8.7,70
fdbc37e4,RIDER_114,6,19,1,2,Medium,-3.4,76
a7c37128,RIDER_036,9,9,0,5,Low,-2.3,98
3d318cae,RIDER_036,5,21,1,0,Low,5.7,72
f1065516,RIDER_048,10,10,1,8,Medium,-2.9,85
0fee08d7,RIDER_051,4,4,0,2,Medium,0.1,49
e8a8e125,RIDER_097,9,22,1,2,Medium,-2.9,86
245a7688,RIDER_119,10,4,0,6,Medium,3.4,100
fd47a10a,RIDER_095,5,6,1,6,Medium,4.8,51
6266b63e,RIDER_070,1,8,1,5,High,4.4,59
9cf94fe8,RIDER_074,5,16,0,6,Low,1.7,86
bee33165,RIDER_080,5,8,0,4,Medium,2.8,82
d41233b4,RIDER_068,5,16,0,7,Low,5.7,100
a7ffd464,RIDER_150,2,6,1,9,Medium,0.6,41
72646674,RIDER_077,6,17,1,1,Medium,1.3,70
8128ec9a,RIDER_116,5,1,0,4,Low,6.1,66
9368720d,RIDER_006,2,19,1,10,Low,1.6,51
2c6947fd,RIDER_075,10,18,0,8,Medium,2.3,100
d87a7d81,RIDER_088,8,17,1,3,Low,7.3,81
b341353f,RIDER_003,6,17,0,7,Low,0.5,100
f47203a5,RIDER_052,10,12,0,2,Low,5.2,83
efbadd19,RIDER_074,3,12,1,5,Low,4.8,49
20056f30,RIDER_125,9,6,0,7,Medium,2.9,100
bc469f79,RIDER_065,4,7,1,8,Medium,2.6,53
d4343852,RIDER_052,3,8,1,6,High,-4.0,51
688efc16,RIDER_076,7,3,1,5,Medium,9.5,64
06861fea,RIDER_142,8,17,1,10,High,1.2,91
d80c221b,RIDER_089,7,21,1,5,Low,4.5,83
26b21c0f,RIDER_072,1,8,1,5,Low,6.0,33
2bccb75b,RIDER_068,1,11,1,9,High,3.5,62
025b874f,RIDER_138,5,20,1,8,Medium,7.0,82
6c410d5f,RIDER_115,8,18,1,2,Medium,5.7,98
a9a506c6,RIDER_057,10,16,1,3,High,-5.3,100
0434dc5e,RIDER_066,3,13,0,2,Medium,1.9,52
9e9a04d8,RIDER_090,8,9,1,8,High,-6.5,76
b7b87e86,RIDER_050,3,19,0,4,Low,0.9,80
060fc7c7,RIDER_014,4,7,1,9,High,-1.4,59
c6da43af,RIDER_016,10,17,1,7,Medium,-1.7,85
178a7c70,RIDER_042,7,8,1,7,Medium,2.6,65
cfcd79be,RIDER_110,3,8,0,8,Medium,4.6,100
55f64f89,RIDER_022,4,3,1,9,Low,-4.5,33
ab84a1ad,RIDER_068,8,16,0,6,Medium,10.7,100
730367f2,RIDER_019,4,12,1,2,Medium,3.8,69
53e392ac,RIDER_066,9,15,1,4,Medium,1.7,81
9eb1f839,RIDER_073,4,21,0,2,Medium,1.7,69
c49ceb5e,RIDER_147,4,4,1,1,Medium,-4.9,44
61c6b192,RIDER_144,5,23,1,2,Medium,-0.6,68
bdabfd8a,RIDER_054,1,7,1,9,Medium,-2.3,38
a340c267,RIDER_112,7,11,1,8,Low,-0.8,61
6d0a92d8,RIDER_018,9,24,1,8,Medium,4.5,97
e54b1318,RIDER_117,9,5,1,7,Medium,-1.2,72
cedf3ba0,RIDER_085,1,13,0,6,High,3.5,98
27c56b2a,RIDER_139,6,11,1,0,Medium,4.4,70
361cdfc5,RIDER_039,3,5,1,8,High,2.9,62
d1cef860,RIDER_105,4,8,1,9,Low,10.0,56
d6597e2d,RIDER_068,8,21,1,1,Low,3.2,87
51a9ca3d,RIDER_025,4,17,0,5,Medium,7.8,100
762f9c87,RIDER_123,8,11,1,9,Medium,9.5,89
22ffa4b3,RIDER_121,4,19,1,4,Medium,1.5,66
92043317,RIDER_061,9,18,1,5,Medium,14.0,100
6155e532,RIDER_100,6,10,1,7,Medium,7.2,76
3210b484,RIDER_051,1,5,0,7,Medium,-2.1,81
8ee7354d,RIDER_098,10,24,1,9,Low,7.0,94
e048ca73,RIDER_137,2,1,0,1,High,-0.6,43
ae59a607,RIDER_002,7,17,1,6,Medium,4.1,79
0b01a905,RIDER_005,10,17,1,1,High,6.5,100
c3596867,RIDER_086,7,1,1,0,Medium,5.5,66
7c01d94d,RIDER_133,3,1,1,7,Medium,-0.5,31
d8a7bfbf,RIDER_068,1,23,1,8,High,-1.4,69
20e56575,RIDER_009,8,22,1,6,High,-2.2,98
a34c8447,RIDER_093,10,9,1,3,High,8.3,100
f2834a3d,RIDER_150,10,4,0,6,Medium,5.6,100
32f6cf15,RIDER_138,7,9,1,3,Low,7.0,68
6b745eb5,RIDER_125,10,14,1,6,Medium,-5.0,85
4d30192a,RIDER_061,8,15,0,3,Medium,5.1,97
57969850,RIDER_051,1,16,1,8,High,-0.6,56
e7ee6b35,RIDER_010,3,16,0,4,Medium,-2.5,77
018ca2fd,RIDER_134,2,13,0,6,Low,-3.3,76
27025394,RIDER_062,1,14,1,10,Low,2.3,43
0560cdbf,RIDER_113,5,22,1,7,Low,1.0,69
dc7b55ea,RIDER_133,3,21,0,4,Medium,4.1,93
d2f2cfa0,RIDER_122,10,9,1,0,High,2.5,100
6c4a8ccd,RIDER_123,8,23,1,3,Medium,4.7,92
31e32aab,RIDER_063,6,9,1,2,Low,1.4,50
e8c8311c,RIDER_111,10,21,1,6,Medium,-1.2,95
950cabff,RIDER_089,9,4,0,5,Medium,5.9,100
acdc372b,RIDER_051,9,10,1,5,Medium,4.3,81
82508e8b,RIDER_132,6,3,0,1,Medium,2.0,55
f2742b44,RIDER_104,2,21,0,5,Low,2.1,84
35b0caa0,RIDER_123,9,9,0,7,High,0.3,100
d1f3872b,RIDER_048,2,19,0,4,Medium,4.5,89
fc2cdb2a,RIDER_032,3,16,1,8,Medium,4.5,65
0b272a52,RIDER_120,6,16,1,10,High,-2.0,80
fc0d37ce,RIDER_099,2,17,1,1,High,8.5,76
f45399af,RIDER_074,5,18,1,6,High,1.3,81
a4eb06d8,RIDER_034,2,10,1,5,Low,0.4,33
aa46d0dc,RIDER_070,4,21,0,10,High,6.8,100
d7d7322b,RIDER_110,3,19,1,10,Medium,4.7,71
76365906,RIDER_016,5,22,0,5,Low,4.2,100
322d5a1f,RIDER_059,6,15,1,3,High,4.5,83
a319f9aa,RIDER_019,7,15,1,9,Low,6.8,72
9bbc0602,RIDER_095,10,11,1,8,High,-2.3,91
8324f1ae,RIDER_113,8,8,0,5,Low,-0.4,95
0f131b92,RIDER_041,9,22,0,7,Medium,8.2,100
042246cd,RIDER_081,4,16,1,7,Low,-0.8,50
3377dbf8,RIDER_103,4,10,1,3,High,-2.3,57
b8d5bcb0,RIDER_054,7,9,0,4,Low,3.6,90
555c868b,RIDER_095,10,15,1,1,Medium,0.3,80
94786680,RIDER_147,10,22,1,3,Medium,4.5,99
9af54d69,RIDER_062,9,5,1,5,Medium,1.4,77
f4ef22a6,RIDER_099,2,20,1,1,Medium,0.3,50
fc62e625,RIDER_093,6,2,1,1,Low,-1.9,41
38c024d8,RIDER_065,10,22,1,9,Medium,4.0,95
b96cc75a,RIDER_068,10,16,1,6,Medium,1.1,83
9aaa9cc6,RIDER_028,8,18,1,9,High,2.7,94
ca6f6490,RIDER_018,5,16,1,4,Medium,-1.2,63
277444b8,RIDER_026,5,5,1,2,Medium,3.8,61
77193d27,RIDER_104,8,1,1,2,Medium,1.9,60
ebe84cb4,RIDER_147,1,19,1,6,High,1.7,66
08a5a8cb,RIDER_055,6,10,1,2,Low,4.0,66
afd95711,RIDER_119,10,21,1,9,Low,-6.3,93
46b2969e,RIDER_124,9,13,1,4,Medium,-2.2,76
8d08c939,RIDER_134,6,23,1,1,Medium,1.3,85
d644bf06,RIDER_129,7,24,1,2,Medium,2.5,89
7b076b17,RIDER_008,4,23,1,3,Medium,3.4,78
9f0cd9f6,RIDER_051,10,23,1,0,Low,-0.6,83
8180f362,RIDER_085,1,11,1,3,Low,3.2,36
279e0330,RIDER_025,9,15,0,3,Low,0.4,95
65e5a1d7,RIDER_083,6,2,1,2,Medium,-1.1,46
af25226b,RIDER_093,3,6,0,9,High,4.3,100
921a8b24,RIDER_117,4,21,0,8,Medium,5.0,100
0361b992,RIDER_138,10,11,0,2,High,4.7,98
0457d927,RIDER_056,6,15,1,1,Low,2.7,63
057101eb,RIDER_012,6,9,1,6,Low,3.4,69
095cb6db,RIDER_120,9,12,0,8,Low,3.4,100
2cf46d1e,RIDER_071,4,4,1,5,Medium,5.7,48
3d154f51,RIDER_017,5,23,1,4,Low,8.0,77
1fe503b6,RIDER_122,5,24,1,0,Medium,6.3,73
26eda2ec,RIDER_124,3,14,0,2,Low,-3.6,48
1a64a96b,RIDER_010,2,22,1,8,Medium,0.1,61
47fc5758,RIDER_031,8,3,1,7,Medium,8.9,70
c4597e80,RIDER_060,10,21,0,8,Low,-4.4,100
83a3d622,RIDER_070,9,17,1,7,Medium,0.3,83
aa438160,RIDER_017,10,13,1,0,Medium,9.6,94
0968dae3,RIDER_050,9,8,1,7,Low,-2.7,70
3a5cf66f,RIDER_037,5,12,0,7,High,-1.1,100
007b3bf9,RIDER_118,9,12,1,4,Medium,1.6,81
b8d689a7,RIDER_080,4,12,0,5,Low,-3.4,78
a70f288f,RIDER_011,2,2,0,1,Medium,5.4,48
0ce47319,RIDER_134,3,10,1,0,Low,4.1,45
6b31b385,RIDER_123,1,23,0,7,High,6.6,100
1524f86e,RIDER_035,5,9,1,6,Medium,-4.4,56
59248704,RIDER_033,1,1,0,3,Medium,4.1,49
1973f646,RIDER_018,1,4,1,10,Low,1.9,34
8354972e,RIDER_013,7,23,0,6,High,-4.3,100
3f15e8cb,RIDER_090,2,14,0,1,Low,9.9,54
c16ae926,RIDER_110,8,16,1,10,Medium,-2.0,75
8ef95103,RIDER_001,6,18,1,1,Medium,3.8,75
0ffea36e,RIDER_063,4,2,1,6,Medium,0.6,39
4286c031,RIDER_034,9,6,0,2,High,4.3,86
de02abae,RIDER_103,10,3,1,5,High,-0.2,81
3b493d30,RIDER_010,8,20,1,6,Low,5.5,78
792e9002,RIDER_128,10,19,0,6,Medium,8.2,100
1c3ac8fb,RIDER_007,3,13,0,9,Low,2.5,100
6501e90d,RIDER_056,3,17,0,3,Medium,-4.5,78
6f1a22e6,RIDER_080,4,14,0,2,Medium,-2.9,56
ecdb1bc2,RIDER_012,9,22,1,0,Medium,9.2,99
b36dd018,RIDER_145,9,11,0,6,Medium,4.3,100
8bfaa392,RIDER_048,5,16,1,8,Medium,1.2,63
f02e1d58,RIDER_026,9,11,1,0,Medium,6.4,90
d6f4f6f2,RIDER_112,6,18,0,4,Medium,0.8,100
c835c2dc,RIDER_122,8,2,0,3,Low,5.6,76
53c4574f,RIDER_012,8,23,0,9,Medium,-5.6,100
3b15efa4,RIDER_149,10,21,1,1,Low,0.3,85
36bec289,RIDER_042,7,8,1,6,Medium,-1.4,61
f9101259,RIDER_061,4,14,0,6,Medium,-3.7,95
f8b38b59,RIDER_058,4,2,1,7,Low,-0.8,35
5de697a6,RIDER_034,6,13,1,2,Low,1.3,54
a5badf37,RIDER_007,9,10,1,5,Medium,-0.4,76
c1293049,RIDER_109,7,8,1,3,Medium,4.0,71
93d315ad,RIDER_035,5,7,0,10,Medium,2.4,100
018e38dd,RIDER_015,5,13,1,2,Medium,-0.0,66
af958111,RIDER_025,8,24,1,3,Medium,6.6,97
2e8206da,RIDER_059,6,19,1,0,Medium,5.0,85
0da4b323,RIDER_079,1,24,1,6,Medium,3.5,62
368e428c,RIDER_086,1,15,0,6,Medium,-2.9,84
44587133,RIDER_134,9,22,1,6,Medium,3.3,98
154a8e65,RIDER_088,8,2,1,1,Medium,4.5,69
621e79b3,RIDER_149,6,22,1,0,Medium,5.4,79
c49603d6,RIDER_071,1,5,0,8,Medium,0.2,86
bc7a5476,RIDER_121,2,19,0,1,Medium,6.9,66
608d3e21,RIDER_093,10,1,0,4,Medium,6.4,100
f37ccf28,RIDER_096,3,7,1,4,Low,8.2,54
b71c94da,RIDER_032,10,18,1,10,Medium,-3.2,88
92668c8a,RIDER_053,3,1,0,7,Medium,0.4,84
ab4670e6,RIDER_059,2,1,1,0,Low,-3.3,24
30c2e597,RIDER_069,2,7,1,10,Medium,-1.2,44
85ac7ac0,RIDER_132,6,17,1,6,Medium,-3.5,73
25a2217e,RIDER_086,7,6,1,2,Low,-2.3,53
23a9bd33,RIDER_018,4,20,1,1,Low,4.6,60
99b63d25,RIDER_081,1,12,1,4,Low,0.3,29
f10a636d,RIDER_114,6,20,1,3,Medium,-2.6,72
a15e2a35,RIDER_024,7,15,1,8,Low,10.0,79
46d7ff37,RIDER_066,4,13,0,10,Medium,3.4,100
49536f4a,RIDER_141,6,12,1,0,Medium,-2.4,63
8f43dd0b,RIDER_062,9,21,1,10,Medium,1.0,87
6fcc20d1,RIDER_054,4,2,1,2,High,2.8,53
a950add3,RIDER_143,10,21,1,2,High,0.8,100
bf07688e,RIDER_131,4,18,1,3,Medium,-0.1,58
63091716,RIDER_037,10,4,0,6,Low,-0.4,100
bd7f366c,RIDER_037,5,10,0,4,Low,4.9,83
4ac7b464,RIDER_131,3,11,1,10,High,4.6,73
c86edf6c,RIDER_035,10,21,1,9,Low,-2.0,83
7ed17bec,RIDER_124,2,6,1,5,High,-4.9,45
6e2bb739,RIDER_018,9,6,0,2,Medium,-1.5,69
99d1a688,RIDER_122,1,9,0,4,Low,7.0,67
58444d79,RIDER_048,5,20,1,10,High,0.8,87
c21ada86,RIDER_017,5,13,1,1,High,0.6,78
268da269,RIDER_135,8,5,1,3,Medium,4.0,70
3d6984a6,RIDER_057,6,6,1,2,Medium,-3.0,55
75826e7e,RIDER_008,6,4,0,2,Medium,2.7,53
7be2813d,RIDER_128,6,6,1,3,Medium,0.5,56
35d5f691,RIDER_117,4,18,1,7,Medium,-0.1,64
b84b52af,RIDER_056,1,13,1,7,Medium,-1.6,48
146c9647,RIDER_126,3,23,1,0,Low,6.9,68
963731ac,RIDER_059,10,3,1,4,Low,2.6,64
4844b60b,RIDER_058,6,10,0,1,Low,4.0,54
163d2fbf,RIDER_140,5,4,1,9,Medium,0.6,52
44c52930,RIDER_108,10,15,1,5,Medium,5.5,92
b86cbe7c,RIDER_074,1,12,0,2,Low,6.7,45
2b615b42,RIDER_148,5,15,1,9,Medium,1.7,62
8c8c1e70,RIDER_101,2,21,1,9,Low,-2.4,55
4f877637,RIDER_048,1,10,1,8,Medium,4.5,44
77b218f8,RIDER_071,4,12,0,8,High,-4.4,100
cde81aee,RIDER_116,6,22,1,7,High,0.1,91
8d7a8e07,RIDER_122,7,8,0,1,High,2.8,82
68e393ed,RIDER_078,9,21,1,10,Medium,1.9,87
297799fb,RIDER_029,5,21,1,1,Medium,10.9,81
889f4ae2,RIDER_093,8,3,0,10,High,3.7,100
3e38415b,RIDER_073,8,7,1,1,Low,4.0,60
17e61316,RIDER_100,9,18,0,4,High,3.4,100
b48f8e6c,RIDER_074,3,3,1,9,Medium,1.7,46
0209f183,RIDER_095,3,15,1,8,Medium,3.9,61
c4551fa9,RIDER_017,9,2,0,6,Medium,2.4,100
da8eb0bc,RIDER_137,7,15,1,6,Medium,-0.7,76
a7aca10c,RIDER_097,4,13,1,2,High,8.4,80
49f17e85,RIDER_009,1,24,1,2,Low,1.2,46
58fb2a7d,RIDER_135,7,20,1,9,Medium,-4.3,77
78ddda01,RIDER_144,10,10,1,2,Medium,-6.3,79
7f86e57d,RIDER_019,6,24,1,0,Medium,-0.2,80
7aa92c88,RIDER_134,3,24,0,7,Medium,3.1,100
4b5930ef,RIDER_114,5,24,0,10,High,3.3,100
f154a4de,RIDER_139,3,24,0,1,Medium,-6.7,72
7ed27b45,RIDER_125,8,8,1,10,Medium,7.3,80
ee2266d3,RIDER_061,5,16,1,6,Medium,3.1,70
f2bea7a8,RIDER_042,10,16,1,8,Medium,2.4,92
628634dd,RIDER_013,10,2,0,1,Medium,5.3,79
d6f2b755,RIDER_140,6,9,1,0,High,4.7,82
18acfdc2,RIDER_085,2,8,1,4,Low,6.1,55
35635e1b,RIDER_020,8,11,1,9,Low,-0.9,71
3e376f88,RIDER_050,9,1,1,4,Medium,4.5,70
6a02a3e1,RIDER_092,3,21,1,0,Medium,6.2,77
585dd9c7,RIDER_088,6,11,1,8,Medium,2.4,69
bc91b660,RIDER_069,6,18,0,2,High,1.0,80
7ba72c61,RIDER_037,2,21,1,1,Low,2.7,48
8e1aaf94,RIDER_140,10,15,0,6,Medium,4.5,100
ea1bc837,RIDER_099,8,24,1,4,High,5.8,100
1c4a5491,RIDER_125,5,9,0,3,High,-6.0,88
31cb9ddf,RIDER_054,8,9,1,3,Medium,2.0,77
f3cd81ed,RIDER_130,8,1,0,8,Medium,2.9,100
f395b74b,RIDER_041,3,7,1,8,High,1.6,61
ff299284,RIDER_045,5,12,1,0,Medium,2.4,62
9464604a,RIDER_103,7,24,0,9,Medium,1.4,100
2c649835,RIDER_106,5,10,1,6,Medium,-0.3,55
d24e5578,RIDER_137,6,19,1,10,Low,0.4,68
ca844f04,RIDER_128,2,16,1,7,Medium,-1.4,51
e572774b,RIDER_086,8,6,1,4,Medium,0.2,66
5b99b5a8,RIDER_047,5,11,1,6,Low,9.0,61
0b4561e4,RIDER_005,6,19,0,7,High,4.8,100
4300842a,RIDER_001,1,19,1,7,Medium,0.7,54
2c0aee31,RIDER_044,10,18,0,8,Medium,0.1,100
ecc0ea23,RIDER_150,2,15,0,4,Low,2.5,72
71a38d53,RIDER_038,4,16,0,1,Low,-0.5,59
7155a690,RIDER_019,9,14,1,5,Low,8.0,82
faed6480,RIDER_115,6,8,1,0,Medium,3.7,59
1f9dfa04,RIDER_087,8,8,1,9,Low,-4.0,57
c54b24a2,RIDER_123,2,2,1,5,Medium,-3.8,37
98b1bf12,RIDER_082,10,6,1,2,High,-2.0,82
d1f99ea7,RIDER_141,5,13,0,2,Low,1.0,53
f57a302a,RIDER_058,1,13,0,6,High,-4.3,95
af1edac5,RIDER_146,4,21,1,3,Low,3.1,66
333f8762,RIDER_067,10,12,1,4,Medium,1.0,79
70e31ebe,RIDER_122,1,2,1,5,Medium,-0.6,33
a5f31e2d,RIDER_087,9,21,0,9,Low,2.6,100
a357b0c3,RIDER_131,2,20,0,5,Medium,10.7,100
bf3759d0,RIDER_055,7,12,1,1,Low,-0.9,63
0b53e7fc,RIDER_089,3,17,1,2,Medium,9.3,69
ef9391fb,RIDER_058,2,6,1,0,Medium,0.5,35
d839ebdc,RIDER_063,4,7,1,2,Low,-0.4,45
c54d2689,RIDER_091,7,6,1,7,Medium,-0.6,57
21c2f3d7,RIDER_052,7,21,0,3,Low,6.1,100
95d6fd45,RIDER_126,9,4,1,1,High,1.9,82
d37de831,RIDER_024,3,21,0,3,Medium,0.5,78
1ece5bfc,RIDER_072,7,9,1,6,Low,-7.9,54
860778db,RIDER_009,6,5,0,8,Low,-3.7,99
9e18f2af,RIDER_110,10,10,0,4,Low,6.1,100
7fed0a1c,RIDER_094,7,15,1,4,Low,7.1,75
b7b1caf6,RIDER_117,7,8,0,4,Medium,7.6,99
c3164399,RIDER_083,10,23,1,9,High,-2.1,100
d74913b8,RIDER_080,5,4,1,8,Low,4.3,53
bfedb5b4,RIDER_149,9,5,1,6,Medium,-1.4,66
4cc95f0b,RIDER_100,7,7,1,2,Medium,7.1,70
3ee61aec,RIDER_040,7,6,1,1,Low,5.3,62
41efbf92,RIDER_103,3,13,0,8,Low,2.7,98
7d9531f4,RIDER_062,1,19,1,2,Low,-2.0,41
209ad195,RIDER_069,5,10,1,10,High,7.0,79
7bdaa6dc,RIDER_142,8,15,0,7,Medium,2.7,100
6520ef44,RIDER_109,5,3,0,3,Medium,4.7,74
fcd8fa5d,RIDER_004,10,18,1,4,High,-3.9,96
9985a0af,RIDER_072,3,14,1,7,High,-2.7,65
d8982547,RIDER_017,9,3,1,4,Medium,0.2,77
c12ac81e,RIDER_114,2,11,1,9,Medium,13.7,63
909f7604,RIDER_085,3,10,0,1,Medium,-3.2,44
8eb2ba35,RIDER_057,4,17,1,5,Low,0.1,46
dcf06bed,RIDER_107,10,13,1,6,Medium,0.8,83
7f6352cb,RIDER_048,1,2,1,0,Medium,7.5,39
aeccd015,RIDER_117,4,13,1,9,Medium,3.2,59
8eee6616,RIDER_031,4,19,1,8,Low,-4.2,62
09211338,RIDER_112,9,5,0,5,Medium,0.4,100
28cffbd1,RIDER_047,8,16,0,3,Medium,0.0,100
cbebc4c2,RIDER_134,2,10,1,1,Low,-4.0,39
f8139f09,RIDER_108,7,12,0,8,Low,2.0,100
c17a9ccc,RIDER_072,6,20,1,5,Medium,3.1,82
0d7eda11,RIDER_071,7,13,0,8,Medium,6.3,100
5a3124f9,RIDER_108,4,21,0,1,Low,4.0,58
9df7768a,RIDER_053,5,16,1,4,Low,-2.7,53
ddf5dfe2,RIDER_142,6,22,1,5,High,1.3,94
e7e46646,RIDER_016,9,21,1,10,Low,9.0,93
21b10f23,RIDER_116,2,1,0,4,Low,3.6,54
caaffc88,RIDER_073,9,22,0,5,Medium,3.9,100
78847386,RIDER_074,10,9,1,2,Low,-1.3,76
9486d89f,RIDER_081,1,16,0,8,Medium,-0.5,100
c83386ba,RIDER_012,4,19,0,1,Medium,-1.3,62
58e86df1,RIDER_128,5,15,0,1,Low,2.1,63
b71cf92b,RIDER_070,9,18,0,4,Low,2.7,99
08b6aebb,RIDER_147,6,22,1,10,Low,2.5,72
63f0352b,RIDER_041,4,12,1,9,Medium,6.4,69
7c19d846,RIDER_059,2,14,0,2,Medium,2.7,57
0eacae50,RIDER_089,5,3,0,1,Medium,-6.0,56
a49b27cc,RIDER_024,8,4,1,5,Medium,0.2,69
593a23df,RIDER_144,8,6,1,5,Low,1.5,61
9a3a4a4b,RIDER_080,6,16,0,6,High,-0.1,100
a7444dd1,RIDER_134,1,13,0,3,Medium,1.1,63
9e4523ab,RIDER_132,8,12,1,7,Medium,-0.7,72
7cc7fcf9,RIDER_092,4,22,1,2,Low,7.0,66
16bc3f22,RIDER_092,2,12,0,9,Low,-3.4,85
6892156f,RIDER_081,1,2,1,0,High,-3.3,42
e33aee0c,RIDER_142,7,13,0,4,Medium,-4.2,92
57501754,RIDER_071,2,3,0,5,Medium,5.1,76
60557876,RIDER_065,4,13,1,10,Low,-4.1,43
9758b9e3,RIDER_052,4,2,0,2,Medium,4.2,44
39ec057f,RIDER_030,10,19,0,1,High,1.5,100
ac761888,RIDER_099,1,9,1,2,High,0.9,55
91a5b4e4,RIDER_098,2,20,0,2,Medium,3.6,62
1c1bfece,RIDER_042,1,1,0,6,Medium,8.9,83
79bb2986,RIDER_139,6,13,1,0,High,-2.9,73
4eee59b5,RIDER_027,3,2,1,10,High,-0.9,51
4e83154e,RIDER_072,1,15,1,3,High,-4.3,53
f8566348,RIDER_018,8,19,1,10,High,2.8,100
5c4679ff,RIDER_077,4,16,1,2,Medium,-0.0,65
9d5f4242,RIDER_045,10,11,1,9,Medium,-2.4,79
44a6b189,RIDER_115,7,15,1,10,Medium,0.1,78
d7b0d03e,RIDER_087,10,6,1,6,Medium,-2.1,74
eb34f6b7,RIDER_140,2,14,1,0,Medium,5.2,63
1783cf6b,RIDER_092,6,6,1,7,Low,-5.9,44
6c6b5141,RIDER_022,6,19,1,9,Low,7.7,71
5932a34a,RIDER_092,7,5,1,6,Low,7.5,65
078c8d33,RIDER_077,1,11,1,7,Medium,-1.4,37
af2d7985,RIDER_025,1,4,0,7,Low,3.2,76
4799144f,RIDER_108,2,9,1,10,Medium,11.6,56
414acb99,RIDER_135,2,9,1,8,High,2.9,54
b565740f,RIDER_109,5,17,1,0,High,-2.1,81
3579ce31,RIDER_134,1,8,1,8,Medium,5.8,54
fd9957e7,RIDER_024,2,15,1,0,Medium,4.3,55
ff100ea7,RIDER_019,6,9,1,2,High,-2.2,75
7bf02acc,RIDER_083,3,5,1,6,High,-1.6,53
a9f56798,RIDER_115,4,4,1,7,Medium,1.1,49
59a16b7f,RIDER_009,1,20,0,4,Medium,8.6,77
16c54a2e,RIDER_112,5,18,1,0,Medium,-2.6,64
6d81dea3,RIDER_102,4,9,1,2,Low,0.7,52
94d265cf,RIDER_048,8,21,1,6,High,8.7,100
fb257888,RIDER_069,3,3,0,1,Medium,0.1,40
cc00c328,RIDER_119,10,22,1,1,Medium,6.2,100
4628bab9,RIDER_045,1,9,1,8,Medium,1.4,44
1d65c1c6,RIDER_125,10,9,0,5,Low,8.3,100
95630deb,RIDER_014,5,21,1,3,Medium,6.2,78
084b0b88,RIDER_134,1,24,1,9,Medium,2.7,55
7e522756,RIDER_135,5,4,1,8,Low,1.7,53
2da9ed5b,RIDER_037,9,21,0,6,Low,-1.6,100
2e3cc37f,RIDER_053,5,7,1,6,High,-4.9,65
5b171baa,RIDER_018,2,7,1,7,Medium,1.9,45
601c973e,RIDER_038,2,23,0,2,Medium,3.7,67
9cdd53dc,RIDER_129,10,8,1,1,Low,5.2,73
4263ae6f,RIDER_044,9,21,1,0,Low,11.0,93
a1268214,RIDER_047,5,1,1,1,Medium,-3.5,43
0bd8820f,RIDER_035,8,9,1,2,Medium,1.4,69
0e74d66d,RIDER_060,10,23,1,4,High,3.9,100
c8331301,RIDER_090,4,12,0,7,Low,-2.0,95
c5aacfd8,RIDER_052,2,6,1,10,High,4.3,55
df62533b,RIDER_008,4,13,1,10,Medium,3.2,62
7da7bf68,RIDER_107,4,5,1,2,Medium,0.5,45
5c364e48,RIDER_131,9,21,1,6,Medium,-4.1,90
8ded1b5e,RIDER_142,10,19,1,10,High,1.7,100
dd934fbf,RIDER_096,6,1,1,10,Low,3.7,47
aeda13e4,RIDER_026,10,22,1,4,High,-5.2,100
3e15b0a9,RIDER_111,6,24,1,4,Low,0.6,69
48e8c852,RIDER_123,5,18,0,7,High,0.7,100
35859fd2,RIDER_051,6,8,1,9,Medium,5.7,68
629b5aa3,RIDER_123,1,24,1,4,High,-2.5,71
e9910ded,RIDER_005,5,8,1,9,Medium,3.9,62
96b38d39,RIDER_077,6,15,1,6,Low,4.5,70
941767f3,RIDER_001,8,19,1,9,Low,2.7,73
059cbb1a,RIDER_011,4,10,0,7,Low,5.6,98
664488c8,RIDER_008,5,24,1,7,Medium,10.1,86
3923fd80,RIDER_032,4,16,1,2,Medium,5.8,69
229f1931,RIDER_028,7,11,0,3,Low,0.2,81
41389226,RIDER_131,10,12,1,7,Low,4.4,79
a4dcc3ad,RIDER_128,6,16,0,4,Medium,6.6,98
ee7d369e,RIDER_062,4,16,1,0,Low,-1.1,48
56aa0769,RIDER_027,6,20,0,6,Medium,4.5,100
d706373c,RIDER_045,4,3,0,2,Medium,2.9,49
7be9d4cf,RIDER_105,8,9,0,1,High,4.3,86
97570318,RIDER_092,3,8,1,9,Low,-3.5,35
75c2c670,RIDER_025,8,10,1,4,High,1.4,79
8685f977,RIDER_044,2,13,1,0,Medium,-0.5,45
b7ca071d,RIDER_142,6,18,1,8,Low,3.2,67
aa0468b6,RIDER_136,8,13,0,9,High,4.9,100
58cbb489,RIDER_142,1,13,1,4,Low,-5.2,38
e2120cd3,RIDER_080,6,15,0,5,High,3.5,100
cc458ec9,RIDER_082,9,13,0,6,Medium,8.0,100
a082a03f,RIDER_135,10,16,0,8,Medium,8.1,100
bf043fde,RIDER_088,10,8,1,10,High,8.4,100
e5a1ec31,RIDER_127,2,19,0,4,Low,5.4,84
31bba0af,RIDER_055,1,10,1,3,High,7.3,61
56685e31,RIDER_141,2,12,0,2,Medium,0.5,46
c74321a4,RIDER_056,5,14,1,4,Medium,1.8,63
fd7e0203,RIDER_015,6,6,0,9,Medium,-4.0,100
78089b0e,RIDER_058,1,21,1,9,Medium,0.0,48
89ba650c,RIDER_088,7,24,1,2,Low,5.6,86
b3950e62,RIDER_097,4,9,1,4,Low,4.2,46
5a2fb2ba,RIDER_144,9,7,0,7,Medium,-8.3,100
a8d3b5ed,RIDER_008,6,6,0,1,Medium,2.4,63
49731f72,RIDER_040,9,22,1,3,Medium,0.2,93
ccc9857b,RIDER_014,1,1,1,7,Medium,1.0,32
ff84f830,RIDER_053,4,21,1,4,Medium,7.9,79
71e57a41,RIDER_127,2,14,1,7,Medium,-2.2,57
4421a697,RIDER_080,6,24,1,5,Medium,-1.7,73
28056eaf,RIDER_115,4,6,1,0,Medium,9.0,67
6e216254,RIDER_134,9,12,0,4,High,1.3,100
396e77cd,RIDER_055,3,17,1,9,High,6.1,76
a29ba4da,RIDER_044,1,5,0,1,Low,2.7,33
7e2752cd,RIDER_018,1,11,1,6,Medium,2.4,51
d94681d4,RIDER_016,9,5,1,9,Medium,-1.5,69
5e90846f,RIDER_012,9,12,1,3,High,6.5,99
1541d49c,RIDER_148,5,3,1,1,Medium,5.2,53
393de91e,RIDER_045,2,24,1,0,Medium,0.4,70
2941eb0c,RIDER_093,9,9,1,4,Medium,2.0,82
5f910b99,RIDER_022,8,6,1,10,Low,4.5,61
853d1190,RIDER_097,10,22,1,9,Medium,-1.3,97
bfe94c57,RIDER_047,10,2,1,7,Medium,-4.7,69
35293924,RIDER_029,6,2,1,7,Medium,2.5,50
e666a68a,RIDER_045,7,22,1,9,Medium,-1.0,92
82ae00c9,RIDER_077,6,12,1,1,High,5.5,81
4179215f,RIDER_009,5,8,1,5,Low,0.9,46
72255c07,RIDER_024,4,2,1,6,Medium,-3.3,42
ab031960,RIDER_015,7,9,1,9,Medium,2.8,67
460b0c1a,RIDER_013,4,16,1,0,Low,-3.0,51
6b1b3076,RIDER_091,10,15,0,4,Medium,3.8,100
f8acbfba,RIDER_101,10,14,1,5,Medium,-6.4,83
a00db607,RIDER_071,10,20,1,6,Low,2.1,89
70f3c988,RIDER_122,9,4,1,10,Medium,3.6,74
cb939a5c,RIDER_076,5,4,1,8,High,-2.8,57
483579d5,RIDER_116,8,11,1,2,Medium,7.1,84
4c2cd691,RIDER_061,6,21,1,7,High,-4.2,86
d94c9f5c,RIDER_126,4,24,0,9,Low,3.2,100
c4bf5d4d,RIDER_001,3,18,0,2,Low,-4.3,45
fdef6b50,RIDER_068,6,5,0,10,Low,-2.3,100
88a65b43,RIDER_088,1,2,1,8,Low,3.3,36
a8512cc7,RIDER_021,2,15,1,7,Medium,3.9,56
92ffbd7a,RIDER_135,7,11,1,8,Medium,2.6,59
475896a6,RIDER_003,4,24,1,4,Low,5.0,71
0fca48f7,RIDER_051,5,17,0,10,Medium,-3.0,100
9482febf,RIDER_079,10,16,1,8,Medium,-4.1,85
2388995c,RIDER_095,1,15,1,2,Low,4.6,52
92b3c40f,RIDER_123,2,23,1,6,Low,-5.0,48
bece8124,RIDER_006,4,3,1,2,Low,-2.9,38
8bf134a3,RIDER_017,8,20,1,5,Low,1.5,77
5468519f,RIDER_117,10,15,1,7,Medium,3.2,91
c263a080,RIDER_060,4,24,1,1,Low,3.1,59
a26a010a,RIDER_150,3,19,0,7,Medium,-3.3,100
19cb29b1,RIDER_125,3,13,1,0,Low,2.1,52
4a089edc,RIDER_081,5,16,1,3,Medium,-2.3,59
34782c8c,RIDER_085,3,23,1,6,Medium,3.4,74
68fbc012,RIDER_051,8,12,1,0,Medium,2.6,73
2803caad,RIDER_139,5,17,1,5,Medium,5.5,78
b5c8ab6d,RIDER_071,7,16,0,9,Medium,1.1,100
92dd3e74,RIDER_039,8,9,1,5,Medium,0.1,65
96661a41,RIDER_069,5,6,1,6,Medium,8.9,68
