Delivery_ID,Rider_ID,Shift_Hour,Cumulative_Deliveries,Has_Elevator,Building_Floor,Traffic_Density,Delay_From_Target_Min,Burnout_Score
f98707cc,RIDER_103,9,14,1,7,Medium,-2.0,87
1a059f97,RIDER_093,5,2,1,10,Medium,4.2,47
09d083f7,RIDER_015,2,21,0,5,Medium,-1.0,85
1b288c51,RIDER_107,3,4,1,5,Low,3.1,36
067ac1d9,RIDER_072,4,19,1,1,Low,5.3,61
f62b6fea,RIDER_021,5,21,0,3,Medium,5.7,100
2a71162a,RIDER_103,3,16,0,4,Medium,12.5,100
f1d2abf8,RIDER_122,7,22,1,10,Medium,2.0,80
81e8c2d4,RIDER_075,5,17,1,9,Low,0.8,57
da9ccf7e,RIDER_088,5,2,1,4,Low,-0.5,42
7fd76021,RIDER_117,6,17,1,2,High,4.5,80
ecd573cb,RIDER_100,7,19,0,9,High,1.5,100
77a6cb30,RIDER_104,8,8,1,4,Medium,-1.4,67
b6e76825,RIDER_131,9,24,1,4,High,-1.5,100
98ef2d5b,RIDER_150,4,20,1,1,Medium,7.0,75
15a7a62f,RIDER_053,5,6,0,4,High,5.5,99
79c033ec,RIDER_002,5,12,1,2,Medium,7.3,70
bce528c5,RIDER_088,8,23,1,2,Medium,-3.7,89
724d1eb5,RIDER_038,9,18,0,4,Medium,0.6,100
70a0a76f,RIDER_130,7,2,1,8,Low,-1.7,45
4f6189ad,RIDER_021,5,19,1,1,Low,2.5,59
ae5a0016,RIDER_058,3,24,1,8,Medium,-1.2,64
3fc1419f,RIDER_022,1,10,1,2,Low,7.6,42
889495f7,RIDER_089,9,3,1,6,Medium,0.6,66
b3007bbc,RIDER_049,5,12,1,0,Medium,9.4,67
12a8c17b,RIDER_059,9,16,1,0,Low,5.4,83
c7bdd459,RIDER_015,4,12,1,7,Medium,5.6,63
e931a6d3,RIDER_051,5,8,1,8,Low,8.9,62
cc73cd95,RIDER_108,4,5,1,2,Low,2.3,41
cf03d0ed,RIDER_055,2,11,1,5,Medium,5.4,49
532212d2,RIDER_064,1,10,1,2,Medium,3.3,43
87504dbc,RIDER_131,8,3,0,5,Low,-1.2,94
aebda1f4,RIDER_051,4,23,1,6,Low,-0.5,57
05015913,RIDER_135,5,9,1,4,Medium,1.2,56
0291fb5e,RIDER_021,6,12,0,2,Low,3.8,58
cd6d8fb1,RIDER_073,8,6,1,7,High,5.0,85
72aac815,RIDER_018,8,19,0,4,High,4.2,100
2ecc5912,RIDER_132,7,16,1,0,Low,4.3,70
69dab0c6,RIDER_089,4,21,0,8,High,0.9,100
6902263d,RIDER_060,6,23,0,2,Medium,-6.9,80
6ac74e79,RIDER_014,4,24,1,1,Medium,5.1,76
44b430a6,RIDER_009,7,14,0,2,Low,-1.2,62
28e4fca9,RIDER_090,1,4,1,6,Low,10.6,43
7eb8fc37,RIDER_053,5,18,1,10,High,3.4,76
4ecec233,RIDER_130,4,10,0,9,Medium,7.5,100
c527b8e0,RIDER_084,7,18,1,7,Medium,-2.4,81
e7c0d043,RIDER_092,9,12,0,1,Low,6.5,82
579fe945,RIDER_111,5,19,1,6,High,4.9,86
3dd07b07,RIDER_008,4,8,1,10,Medium,3.5,47
68287120,RIDER_035,9,1,1,4,Medium,-2.2,57
9a967f0f,RIDER_081,5,14,1,8,Low,-0.8,47
b145ae8b,RIDER_050,9,23,1,6,High,4.6,100
baa50d5f,RIDER_104,8,6,1,0,Medium,-0.8,62
d4508dfa,RIDER_132,4,14,1,0,Low,-1.3,53
dbd99675,RIDER_002,7,2,0,5,Medium,-0.0,83
5ef9b12e,RIDER_134,5,9,1,8,Medium,4.0,59
3e6a0d0a,RIDER_054,4,12,1,0,Medium,7.7,69
d92f9801,RIDER_106,5,5,1,2,Medium,3.7,57
cf07917f,RIDER_004,5,2,1,4,Medium,6.9,59
2a95a05f,RIDER_054,9,19,1,3,Medium,1.4,88
80f773ce,RIDER_146,9,7,1,0,Medium,10.2,91
ab7dfcbe,RIDER_044,6,7,1,9,Medium,7.3,71
58c995a9,RIDER_014,4,10,1,3,Medium,5.6,56
535c9f89,RIDER_095,2,17,0,3,Low,3.8,66
6faff1d4,RIDER_048,3,14,1,10,High,3.6,71
b850acb4,RIDER_015,2,11,0,9,Medium,-4.0,100
a232bec5,RIDER_040,5,20,1,3,Medium,-4.2,73
b3d51d69,RIDER_082,6,6,1,2,Low,4.6,60
aea92c6d,RIDER_111,5,8,1,6,Medium,2.3,62
6f402fed,RIDER_053,2,19,1,0,Medium,4.2,60
8b3b5ee6,RIDER_024,5,19,0,1,Low,-2.5,64
815a4a5e,RIDER_124,9,24,1,0,High,8.1,100
94f729e9,RIDER_041,4,24,1,3,Low,1.2,64
4b0026c3,RIDER_015,2,24,0,4,Medium,3.5,85
654aa0f8,RIDER_045,3,17,1,10,Medium,-0.0,52
adf0edd8,RIDER_065,3,24,1,9,High,3.3,80
059cfdf1,RIDER_089,9,24,1,4,Low,11.5,99
e7e7ec67,RIDER_071,4,18,1,1,Medium,6.6,69
97f64a83,RIDER_009,1,12,1,10,Medium,-0.3,40
05e82bd7,RIDER_088,1,9,1,2,Low,-2.0,32
af3f2dfe,RIDER_129,7,23,1,3,High,3.4,100
b2d7d4e8,RIDER_136,7,24,0,9,Medium,0.7,100
f445cc7a,RIDER_063,2,16,0,5,Medium,-0.7,85
74a610cd,RIDER_139,9,18,1,5,High,10.0,100
83a62ed9,RIDER_081,9,16,1,1,Medium,-5.9,84
de154b9d,RIDER_136,5,16,1,1,Medium,4.8,72
9ff25e28,RIDER_033,3,4,0,8,Medium,9.8,100
01baa73e,RIDER_123,3,23,1,1,Medium,-2.6,63
99cb3ec0,RIDER_005,3,22,1,1,Medium,0.3,62
03c48baa,RIDER_041,6,7,0,2,Medium,0.7,62
1c605328,RIDER_028,4,1,1,8,Medium,8.4,58
5f1c53de,RIDER_135,8,24,1,5,Medium,1.9,87
576f1200,RIDER_072,5,23,1,10,High,10.2,100
ef58bc2d,RIDER_012,1,20,1,5,Medium,5.4,55
c88a7b5a,RIDER_033,9,1,0,9,Low,0.6,100
88b6694e,RIDER_048,1,8,1,4,Medium,-2.5,39
a6d4eb98,RIDER_062,6,23,1,6,Medium,-2.0,78
65c1eb94,RIDER_037,1,8,1,10,Low,4.7,32
a49ebdec,RIDER_099,3,10,1,3,High,12.3,79
0b378c5b,RIDER_104,5,1,1,9,Low,0.1,44
28c919c5,RIDER_035,7,21,1,9,Medium,-0.6,78
4489589e,RIDER_101,8,21,1,2,High,4.6,97
625c2d4d,RIDER_131,9,14,1,6,Medium,1.2,76
af093b16,RIDER_001,6,14,1,9,Medium,0.1,71
ae59b4e3,RIDER_005,9,10,1,0,High,8.2,98
ce4fe16c,RIDER_142,8,19,0,5,Medium,8.1,100
881c0ad6,RIDER_103,9,16,1,10,High,3.1,100
ea1473b6,RIDER_027,4,9,0,10,Medium,-0.6,100
604de537,RIDER_137,9,20,1,10,Medium,3.6,97
f7a00b81,RIDER_015,7,16,0,1,Medium,6.1,90
3803b27b,RIDER_090,5,20,1,1,Low,7.4,70
ccc364fc,RIDER_042,5,8,1,10,High,6.5,76
593c8d41,RIDER_124,1,7,1,7,High,-8.4,50
3efd0498,RIDER_063,2,11,1,2,Medium,4.0,49
2f0deebc,RIDER_096,3,21,0,8,Low,5.1,100
7ea96542,RIDER_052,8,6,1,3,Low,5.7,68
c97ada40,RIDER_096,6,15,1,5,Low,3.4,70
f5eb28d6,RIDER_132,5,19,1,0,Medium,2.2,66
572fb4c3,RIDER_143,1,14,1,10,Medium,0.8,46
d78dc86f,RIDER_029,9,15,1,9,High,-1.2,95
56261f19,RIDER_036,3,6,1,9,High,-0.5,58
f21cd2e8,RIDER_013,3,24,1,2,Medium,7.5,76
21e6f8ed,RIDER_071,2,10,0,3,Medium,4.9,67
5eccacd3,RIDER_086,4,14,1,4,Medium,5.3,59
48c26b79,RIDER_028,2,16,1,0,Low,-0.3,41
e2f599b2,RIDER_066,9,13,1,3,High,4.1,94
8ddb6185,RIDER_045,7,11,1,4,Low,9.4,72
7d3607a0,RIDER_062,8,3,1,3,High,2.6,77
ba15ee17,RIDER_134,3,8,1,9,Medium,5.2,48
23761fa5,RIDER_028,6,3,1,9,Medium,-0.0,49
e54bb934,RIDER_028,6,2,0,6,High,0.4,100
a2fd8b6f,RIDER_108,1,21,1,7,Medium,3.1,58
0e4dfb76,RIDER_044,6,14,1,7,High,-0.8,76
9f04acc6,RIDER_084,3,20,1,2,Medium,-1.0,62
be1e78da,RIDER_030,3,21,0,4,High,1.3,100
16645119,RIDER_075,3,22,1,9,Medium,2.8,66
f793add5,RIDER_128,8,15,0,7,Medium,-0.4,100
6a7262eb,RIDER_092,5,3,0,6,Medium,2.7,96
78807299,RIDER_129,4,1,0,8,Medium,-2.5,96
9631180c,RIDER_121,9,15,1,9,High,2.7,95
aac4cb30,RIDER_027,9,20,1,6,High,-5.6,98
c382311e,RIDER_121,1,22,1,1,Medium,6.3,66
0fe961b4,RIDER_116,2,2,0,3,High,-4.2,66
1ccc773b,RIDER_003,8,18,0,7,Medium,8.2,100
b95db9f3,RIDER_103,5,1,0,8,Low,3.7,94
28eec854,RIDER_137,7,9,1,6,Medium,4.4,71
cd21d56f,RIDER_062,1,3,1,4,Medium,0.2,38
34d570a8,RIDER_051,5,2,1,0,Low,4.2,42
4ba0787e,RIDER_059,3,4,1,8,Medium,2.8,53
1e4f4f91,RIDER_118,2,16,1,5,Medium,-2.6,42
1d54b2d7,RIDER_096,2,22,1,1,Low,5.1,54
9901b1b7,RIDER_113,9,1,0,10,Medium,-1.3,100
15697db6,RIDER_062,4,9,1,9,Low,11.4,54
2ab3709a,RIDER_052,4,8,0,9,Medium,-1.1,100
6af640de,RIDER_012,7,6,0,1,High,-4.5,71
cae8c413,RIDER_039,2,20,1,9,Low,8.8,61
01655890,RIDER_130,3,18,1,0,Medium,5.1,57
8b00a00c,RIDER_131,3,16,1,3,Medium,3.8,68
438e4e27,RIDER_113,6,8,1,9,High,-0.2,69
5379eb52,RIDER_101,3,23,1,10,Medium,2.3,68
7ed1ef1b,RIDER_113,5,4,1,1,Low,1.4,41
408fe9a1,RIDER_081,4,3,0,9,High,5.6,100
0921497b,RIDER_113,3,15,1,10,Medium,-0.4,55
fd214e8f,RIDER_002,8,6,0,8,Medium,-0.0,100
f7ed3666,RIDER_130,3,1,0,1,Low,4.9,30
0a82bdb9,RIDER_054,6,18,1,10,High,7.3,100
48a60057,RIDER_087,7,23,1,8,Medium,0.5,72
e702c68a,RIDER_129,7,11,1,0,High,4.6,87
a002305c,RIDER_147,2,3,1,6,Low,6.2,38
fc037e04,RIDER_126,3,13,1,5,Medium,-1.7,49
24c81bc1,RIDER_130,4,17,0,5,Low,0.9,86
eb619206,RIDER_053,7,18,1,1,Medium,-4.9,76
231cae40,RIDER_068,2,14,1,0,High,10.2,72
3d53fee2,RIDER_123,3,7,1,9,Low,3.0,30
b55b516e,RIDER_145,7,7,1,7,Low,5.6,61
13bf2307,RIDER_038,7,14,0,7,Medium,0.4,100
2cdcdbe1,RIDER_024,3,24,0,1,Low,0.0,53
9734e348,RIDER_069,1,15,1,3,Medium,1.6,45
127aa85c,RIDER_116,3,12,0,3,Medium,1.3,70
5ebd0a43,RIDER_098,5,12,0,1,High,11.5,87
98a4f078,RIDER_139,7,8,1,10,Low,3.6,55
4b283415,RIDER_144,4,16,1,8,High,4.7,82
bf5df32b,RIDER_097,1,9,1,3,Medium,2.1,42
80d8c336,RIDER_124,6,2,1,3,Low,2.3,46
ffb7b36c,RIDER_070,2,14,1,3,Low,4.7,43
b3a462f6,RIDER_093,3,24,1,4,High,1.9,77
d9a72a48,RIDER_003,4,24,1,9,Medium,7.6,83
b8ee9e1b,RIDER_148,6,16,0,7,Medium,-1.3,100
b51e9c9e,RIDER_147,6,5,0,3,Low,6.9,77
3f5478dd,RIDER_090,7,5,1,2,Low,6.7,64
0230fa49,RIDER_147,5,20,0,10,Medium,10.3,100
1cec0c43,RIDER_148,7,21,1,0,Medium,-5.0,84
4204a388,RIDER_096,2,18,1,1,Medium,6.3,57
b13d2e33,RIDER_052,1,18,1,3,High,-0.7,67
f44b3440,RIDER_128,8,5,0,8,Medium,5.6,100
1e921685,RIDER_039,1,11,1,0,Low,5.6,44
8a665871,RIDER_082,2,13,0,5,Medium,-1.4,78
70a636b2,RIDER_104,6,3,0,5,Medium,4.9,86
a1c51631,RIDER_129,1,17,1,9,High,0.6,61
58480b73,RIDER_011,3,18,0,2,Medium,-0.8,63
581e2e03,RIDER_042,7,14,1,9,Medium,-5.5,67
e1346acf,RIDER_099,8,12,1,8,Medium,7.6,83
6bcfb541,RIDER_007,4,14,0,9,Low,1.6,100
c51ea5c3,RIDER_144,3,18,0,2,Medium,-2.2,63
2f62b543,RIDER_090,1,20,1,0,Medium,3.3,60
e7ff8898,RIDER_112,9,2,1,1,Medium,2.4,72
889da23b,RIDER_060,6,7,1,3,Medium,-1.7,59
bc007e2d,RIDER_113,6,15,1,3,High,-1.6,76
2181100c,RIDER_002,9,10,1,1,Low,6.4,75
c1a2281f,RIDER_129,1,15,1,9,Low,2.8,46
1370fd6c,RIDER_048,6,17,1,5,Medium,-0.6,69
389fb700,RIDER_140,5,11,0,5,Medium,0.5,84
3d9bbcd6,RIDER_037,6,2,0,2,Medium,0.5,53
6cb4f6c3,RIDER_009,8,21,1,0,Medium,-4.7,76
1d9cfe5c,RIDER_099,5,18,0,9,Medium,5.8,100
49b0cf11,RIDER_147,2,4,1,8,Low,0.5,22
6a27a784,RIDER_048,2,9,1,3,Low,1.4,36
d9518005,RIDER_131,5,17,1,8,Medium,4.2,73
36e95738,RIDER_148,3,17,1,4,Low,7.0,65
a879276e,RIDER_054,3,17,1,6,Low,2.8,55
40ff51a9,RIDER_120,8,16,1,2,Low,-2.4,68
ffa102b9,RIDER_116,7,20,1,2,Medium,1.0,76
6faeabbc,RIDER_075,1,8,1,7,High,1.7,53
ed26e206,RIDER_113,5,23,1,0,High,-5.3,78
020b7913,RIDER_104,9,15,1,7,High,3.9,100
62ab3acf,RIDER_084,4,1,0,7,Low,4.6,88
e2947524,RIDER_112,1,19,1,2,High,2.4,61
146707fa,RIDER_099,8,15,1,0,Medium,-1.3,73
f5dbbee4,RIDER_093,5,9,1,8,High,2.8,70
345ebc52,RIDER_146,2,5,0,3,High,6.1,78
14ac6953,RIDER_128,1,16,0,6,Medium,1.1,88
ab600035,RIDER_110,3,13,1,8,Low,5.2,50
2f3657ea,RIDER_082,9,16,0,2,Medium,3.7,89
586d25e9,RIDER_054,1,22,1,4,Medium,-5.6,52
4b82a7b2,RIDER_068,4,11,0,9,Low,-0.1,100
b4d45f3d,RIDER_033,8,13,1,10,Low,4.1,75
75dabaa5,RIDER_142,8,6,1,2,Medium,2.5,74
a7a7ee83,RIDER_021,8,20,1,4,Low,5.8,85
130d9d87,RIDER_048,8,17,1,10,High,2.9,100
82beafa5,RIDER_148,4,5,1,1,Low,4.6,37
d4a947c4,RIDER_128,8,17,0,3,Medium,0.7,99
6ed0e8fc,RIDER_136,9,1,1,1,Low,3.3,67
db079d71,RIDER_135,7,5,0,2,High,-2.1,76
f912579d,RIDER_145,2,5,1,4,Medium,5.5,48
a81753fb,RIDER_128,9,7,1,8,Low,3.1,65
e46c29a0,RIDER_033,8,16,1,2,Medium,-2.9,80
73b37791,RIDER_115,5,18,0,9,Low,1.1,100
25ee5a33,RIDER_119,3,6,1,5,Medium,12.0,56
2f56ff20,RIDER_022,7,2,1,3,Medium,1.2,62
5e570141,RIDER_038,2,13,1,3,Low,0.8,40
1f56f93f,RIDER_109,3,10,1,10,Medium,-1.0,44
92ce297f,RIDER_051,9,21,0,9,Low,-2.3,100
e9f48c13,RIDER_008,4,20,1,9,Medium,-1.9,62
94d9d57b,RIDER_027,4,11,1,4,Medium,10.1,70
30c54477,RIDER_027,3,21,1,10,Medium,3.5,65
2d4abb7e,RIDER_021,5,2,1,6,High,-3.7,56
b6ce7f78,RIDER_030,3,8,1,10,Medium,2.1,46
615f2023,RIDER_097,9,24,1,3,Medium,6.1,100
e29aa7fa,RIDER_028,3,22,1,7,High,3.7,84
dfebfcc5,RIDER_111,2,19,1,8,High,-3.5,67
3d1b6c50,RIDER_061,5,20,1,8,Medium,4.6,83
8dabb9e2,RIDER_048,6,17,1,8,High,2.1,81
30bb26de,RIDER_147,1,16,1,1,High,2.9,60
122ea9a4,RIDER_004,6,10,1,2,Low,9.4,70
851cd5d7,RIDER_035,3,5,1,4,Low,1.9,36
6e90b578,RIDER_049,4,14,1,0,Medium,-0.8,62
eab00d8e,RIDER_017,6,24,0,3,High,-4.9,100
25445c6d,RIDER_046,8,19,1,10,Low,-0.8,74
efd3d679,RIDER_117,9,4,1,4,Medium,-1.0,71
1fd07486,RIDER_006,6,20,1,8,High,-5.6,78
109485e1,RIDER_099,7,16,1,7,High,4.7,87
9f096a57,RIDER_124,5,24,1,0,Medium,4.0,77
b34fd9f6,RIDER_037,9,15,1,2,Medium,1.9,78
832e165d,RIDER_024,4,9,1,2,Low,-2.0,43
9f44fbce,RIDER_093,6,3,0,10,High,3.0,100
668bb729,RIDER_046,5,23,0,5,High,4.5,100
a0db3bc2,RIDER_095,1,9,0,3,High,9.1,86
74043641,RIDER_099,5,18,1,3,High,3.4,80
80870df6,RIDER_116,5,4,1,0,Low,3.8,44
d3ccf99a,RIDER_067,9,19,1,9,Medium,2.7,87
312f098f,RIDER_128,1,24,1,10,Low,1.2,49
92bf606c,RIDER_018,5,4,1,3,Medium,5.1,51
9be12bf4,RIDER_025,7,9,1,0,Low,1.8,54
cdeb189a,RIDER_054,6,1,1,4,Low,1.4,38
8687deea,RIDER_058,6,1,0,2,High,0.5,64
aadbe3e6,RIDER_067,7,20,1,9,Medium,0.8,81
827c7831,RIDER_104,6,19,0,4,High,3.3,100
9795d437,RIDER_024,5,3,1,2,Medium,4.5,62
0dc55540,RIDER_114,5,10,1,4,Medium,-0.9,49
684621fa,RIDER_032,9,12,1,3,Medium,2.8,85
2d7e56ae,RIDER_086,8,18,1,8,High,-1.6,96
bf12dc60,RIDER_127,4,14,1,5,Medium,4.5,69
9ac7cc20,RIDER_130,4,10,1,9,High,7.9,74
f9b33202,RIDER_017,5,10,1,1,Low,4.2,56
7658e8a7,RIDER_104,3,18,1,0,Medium,0.7,58
9803420b,RIDER_137,8,24,1,0,High,6.1,100
3dc5a99b,RIDER_043,7,1,1,0,Low,-2.9,46
8efbe401,RIDER_039,5,15,1,8,Medium,3.2,73
422e45db,RIDER_026,3,8,1,4,Medium,13.3,61
b2004148,RIDER_099,5,3,1,3,Medium,-1.5,46
ab3d14ab,RIDER_050,3,18,0,9,Low,0.7,100
f9262cc6,RIDER_013,5,9,0,4,Medium,1.1,84
e48f0684,RIDER_060,1,16,0,8,High,-2.5,100
c3dbb001,RIDER_135,6,21,1,2,Low,-1.0,64
51e8590e,RIDER_057,4,15,0,2,Medium,2.1,53
0ac55f11,RIDER_036,4,5,1,1,Low,8.4,46
a1bb7fe7,RIDER_020,8,13,1,7,Medium,3.9,82
4eaddbdd,RIDER_065,2,22,1,6,Medium,6.5,71
9de545f5,RIDER_008,4,20,0,1,Medium,5.3,71
55aca289,RIDER_144,2,7,1,3,Low,3.4,34
aedd4c1c,RIDER_142,1,16,1,6,Medium,-5.2,39
d3cc210b,RIDER_115,3,7,1,0,Medium,8.5,63
4bea9d58,RIDER_143,8,22,1,0,High,6.1,100
7427c6ea,RIDER_092,6,16,1,7,Low,3.1,60
51e55232,RIDER_098,7,13,1,5,Medium,-3.1,71
466ea5f8,RIDER_066,2,17,1,1,Medium,-3.8,52
ea279d54,RIDER_032,6,9,0,9,Low,-2.8,100
13107ea1,RIDER_086,8,12,1,9,Medium,-0.8,74
a222ce6c,RIDER_051,8,13,1,0,Medium,3.5,79
7c33f6c8,RIDER_063,4,9,1,2,Medium,1.0,55
2af3bfdb,RIDER_125,6,5,0,3,Low,2.4,75
056d7559,RIDER_150,5,7,1,4,High,4.2,72
4659cb91,RIDER_058,9,1,0,10,Low,7.2,100
33de9e62,RIDER_058,8,4,1,9,Low,-0.5,58
d5317d1c,RIDER_086,2,4,0,2,Medium,-4.7,39
193e65cc,RIDER_049,7,16,1,4,Low,-1.2,66
6695fc8d,RIDER_070,7,5,1,6,Low,4.4,60
0cd9d7ae,RIDER_015,1,22,1,10,Medium,5.3,59
3f42b45d,RIDER_054,1,4,0,8,Medium,5.4,92
abf5fa2a,RIDER_101,4,6,1,4,Medium,-0.8,52
0b08b509,RIDER_008,5,23,1,3,Medium,3.3,79
dfb7b5ac,RIDER_053,4,3,0,9,High,8.1,100
d7983702,RIDER_060,7,8,0,10,High,5.0,100
c03fd05e,RIDER_108,3,17,1,8,Low,-5.0,56
00f1fdd8,RIDER_005,7,18,1,7,Medium,1.8,83
9a9dbafb,RIDER_103,8,18,1,4,Low,0.7,71
b4a2c8f9,RIDER_006,6,12,0,8,High,-4.0,100
77de6434,RIDER_109,6,1,0,10,High,7.9,100
4d440110,RIDER_116,8,23,0,8,Medium,-3.5,100
5160cc16,RIDER_094,8,12,1,0,Medium,1.6,77
0db4e803,RIDER_047,7,11,1,5,High,7.2,94
0fb2cae1,RIDER_099,6,13,1,10,Medium,-1.5,61
9a1f645a,RIDER_055,6,3,1,4,Medium,1.9,59
f55a15b5,RIDER_052,6,8,0,5,High,4.0,100
cae9b5be,RIDER_144,8,3,1,9,High,-1.2,79
70595f41,RIDER_013,1,17,1,2,Medium,-0.3,52
3d50d3a6,RIDER_114,5,13,0,2,High,3.2,79
52a23c53,RIDER_124,3,10,1,9,Medium,4.5,53
701c7c83,RIDER_106,8,17,1,4,Low,5.1,80
b54626c2,RIDER_147,6,3,0,6,Medium,-1.9,96
bbf16c64,RIDER_145,2,13,0,3,Low,-4.5,64
c5838c17,RIDER_120,7,22,0,5,Medium,5.4,100
b795cca1,RIDER_063,7,6,1,4,High,7.0,89
a7102369,RIDER_019,5,14,1,1,High,12.4,92
6ab5805c,RIDER_092,8,10,1,10,High,14.5,100
3621fb6e,RIDER_058,5,20,1,0,Medium,9.0,80
d8e2c8d3,RIDER_090,1,16,1,5,Medium,-2.1,43
5dcc7c0a,RIDER_117,9,18,0,4,High,1.2,100
72852fb5,RIDER_062,4,13,1,8,High,4.6,78
d19e23e3,RIDER_023,2,10,1,6,High,3.9,57
8e439f2d,RIDER_127,4,6,1,0,Medium,1.3,49
8b7bda37,RIDER_137,9,10,0,9,High,7.3,100
5d7c5fb4,RIDER_140,2,5,1,5,High,0.0,50
ae73a2a1,RIDER_129,4,6,0,10,Low,2.9,100
919de948,RIDER_058,2,7,0,6,Low,2.3,76
51214708,RIDER_122,5,11,0,2,High,3.9,79
ec70652d,RIDER_001,3,16,0,8,Medium,4.2,100
b0fbcf35,RIDER_034,2,12,0,10,Low,-1.4,100
d76388cb,RIDER_096,9,12,0,10,Low,-9.2,100
f2734d77,RIDER_126,5,23,1,1,Medium,0.1,73
a911a5a1,RIDER_118,5,20,1,0,Low,3.0,65
6a114184,RIDER_048,1,5,1,9,Low,4.0,30
5c79e5b8,RIDER_089,6,16,1,9,Low,-0.5,60
cae0d405,RIDER_117,7,6,1,8,High,3.2,79
10e3a165,RIDER_129,1,9,1,6,Low,3.1,37
3a6db94e,RIDER_016,9,5,0,9,Medium,-0.7,100
db40338b,RIDER_069,8,21,0,10,Medium,1.3,100
865049de,RIDER_022,8,23,1,0,Medium,-2.8,77
1869f663,RIDER_093,7,16,1,3,Low,-5.8,65
df13266b,RIDER_076,5,18,0,9,Medium,6.9,100
076f9138,RIDER_144,3,19,0,2,Low,2.8,47
7f68c850,RIDER_086,9,12,0,10,High,0.6,100
46ec4997,RIDER_029,7,2,0,6,Medium,3.5,96
3f0004ff,RIDER_069,8,10,0,4,Low,3.9,95
04871479,RIDER_047,6,12,1,8,High,10.1,83
244c93c8,RIDER_094,5,14,1,10,Low,7.4,63
5bb45e61,RIDER_144,8,18,0,2,Medium,3.4,86
e9fe4d2b,RIDER_085,3,19,1,10,Medium,10.6,77
1ad676d9,RIDER_039,7,6,0,5,Medium,1.6,97
55b5492d,RIDER_100,2,5,1,9,Medium,6.9,44
bdf55b9c,RIDER_033,3,16,0,1,Low,-0.1,49
6b425791,RIDER_101,2,14,1,2,Medium,2.2,48
5706f798,RIDER_023,5,13,1,3,Medium,4.7,69
8c45b70f,RIDER_010,7,21,1,5,Low,2.9,82
24e06c05,RIDER_069,1,2,0,10,Medium,3.2,98
ac9d2ab4,RIDER_100,9,2,1,0,High,3.0,90
12d4a0cc,RIDER_034,1,12,0,5,Medium,7.2,87
76415c49,RIDER_138,1,1,0,3,Medium,2.4,50
edd18d62,RIDER_147,8,19,0,7,Medium,-0.4,100
586ad7f6,RIDER_096,6,16,0,8,High,1.8,100
daa43a5b,RIDER_001,6,7,1,7,Low,7.2,57
16fa663d,RIDER_069,9,21,1,7,Medium,5.4,94
a10bf798,RIDER_004,4,7,1,1,Medium,1.6,52
4dd1caf4,RIDER_016,8,16,0,9,Low,-1.1,100
f8f3aa37,RIDER_024,4,6,0,1,Medium,-0.2,46
3ed52f1b,RIDER_080,2,18,1,5,Medium,1.9,54
ffb56785,RIDER_002,8,1,1,4,High,1.7,77
99db9298,RIDER_128,7,1,1,5,Medium,-0.9,63
cd99474a,RIDER_084,4,14,1,8,Low,5.8,57
e81d161a,RIDER_140,9,6,1,9,Low,-0.3,59
9c0d5b3d,RIDER_124,9,6,1,6,Medium,-1.6,70
c05d0506,RIDER_033,8,4,1,4,Medium,1.2,61
baffa473,RIDER_101,1,12,1,9,Low,3.9,52
b869dc8d,RIDER_012,7,18,1,6,Medium,-1.7,80
359a6739,RIDER_067,5,10,1,7,High,2.2,79
00b8b904,RIDER_065,7,3,1,10,Low,0.3,53
0e05e99e,RIDER_074,9,3,1,0,Medium,0.7,63
15b023b7,RIDER_043,2,8,1,9,Medium,2.0,46
0265afb6,RIDER_044,4,22,1,10,Medium,4.4,75
048462eb,RIDER_029,4,23,1,10,Medium,2.0,75
480a3dea,RIDER_141,2,1,1,6,Medium,12.5,53
54fb0550,RIDER_012,3,18,0,3,High,4.8,93
36d9435c,RIDER_095,8,15,1,4,Low,3.6,82
244e87e0,RIDER_046,9,21,1,1,Medium,0.8,93
9d2965e8,RIDER_130,6,20,1,9,Medium,-0.0,72
89a70c1f,RIDER_035,2,17,1,4,Low,6.0,53
99890c0a,RIDER_081,2,11,0,8,Medium,-4.3,99
35d3b2a2,RIDER_090,7,13,1,0,Low,6.5,70
54065c23,RIDER_008,8,20,1,2,Medium,6.7,93
a4c79e7e,RIDER_093,8,10,1,3,Medium,1.5,74
7dde5421,RIDER_090,6,13,1,8,Medium,6.6,74
fdfa0dcd,RIDER_115,8,17,1,1,High,0.9,95
96ad98f9,RIDER_105,1,21,1,6,Low,1.6,45
ed2ba515,RIDER_135,9,1,1,8,High,4.0,80
30828967,RIDER_058,1,20,1,9,High,0.5,68
694332a3,RIDER_114,3,16,0,3,Low,4.9,77
5cb9be51,RIDER_075,9,16,0,4,High,0.1,100
ac0f1048,RIDER_120,5,21,1,9,Medium,3.1,72
d150f37c,RIDER_021,9,3,1,3,High,12.6,100
77f55713,RIDER_138,9,2,1,6,High,3.9,83
8291b513,RIDER_101,6,6,1,7,High,6.3,77
27ffd0d5,RIDER_099,1,11,0,7,Medium,5.6,92
b4fe2230,RIDER_036,7,3,1,2,Medium,-5.9,53
99724342,RIDER_096,6,1,1,1,Medium,1.6,57
c80eebca,RIDER_037,9,11,1,5,Medium,7.5,84
8fdd18ad,RIDER_012,7,13,1,0,Low,-2.7,56
6062d711,RIDER_113,4,5,1,8,Medium,1.3,48
b35d0657,RIDER_013,7,18,0,6,High,10.5,100
a323d62e,RIDER_023,2,15,0,7,High,-2.5,100
c2fd1819,RIDER_099,6,18,1,6,High,6.6,94
f2d5964d,RIDER_105,6,15,0,4,Low,-1.5,77
4a5122c7,RIDER_030,2,20,1,4,Medium,4.3,58
4ae54fa8,RIDER_017,4,20,0,6,Medium,4.9,100
03abd4c7,RIDER_113,8,20,0,6,Low,5.2,100
61002e9d,RIDER_062,8,7,1,1,Medium,-1.8,63
8368558a,RIDER_084,8,17,1,1,Medium,6.7,84
e57c2eab,RIDER_112,8,8,0,6,High,-0.8,100
09baf97d,RIDER_086,1,13,1,4,High,-4.3,51
597d778a,RIDER_141,2,16,1,1,High,-1.9,62
e5c11e1f,RIDER_019,4,10,1,0,Medium,-1.3,51
c628efa4,RIDER_100,9,14,0,8,Low,5.0,100
2d58f1cb,RIDER_140,3,6,0,10,High,6.1,100
d786cf21,RIDER_147,6,20,1,7,Low,2.6,75
56d27afb,RIDER_076,7,22,0,1,Medium,-1.8,89
545010c4,RIDER_009,8,7,1,1,Low,-0.1,55
c2d5e1ba,RIDER_028,7,6,0,2,High,1.7,70
48cf8f1b,RIDER_128,3,17,1,3,Low,-2.9,50
ba849eb0,RIDER_052,6,21,1,8,Low,-2.4,67
29e5384c,RIDER_083,5,24,1,5,Medium,2.0,82
5cfb0993,RIDER_111,4,8,1,2,Low,1.2,39
4ac404f8,RIDER_144,1,12,1,7,High,-2.4,54
6b278930,RIDER_117,7,4,0,5,Medium,7.2,100
725a17d5,RIDER_069,8,10,1,7,High,-0.8,83
cd8d458f,RIDER_099,2,6,0,9,Medium,-2.8,96
78b66f0e,RIDER_140,7,7,1,1,Medium,7.2,73
0160474f,RIDER_025,6,21,0,7,High,3.2,100
ac2d3294,RIDER_123,5,8,1,10,Medium,0.8,49
515615e6,RIDER_053,4,3,0,4,Medium,-0.8,79
270e3577,RIDER_144,2,8,0,9,Low,0.5,90
fba287ff,RIDER_057,6,15,0,3,Low,-0.9,74
1cc9de5f,RIDER_039,5,21,0,2,Medium,-0.1,66
1b67a20d,RIDER_109,2,1,1,8,Low,2.7,28
bec45409,RIDER_042,7,13,1,9,Medium,-1.6,70
afc06bb1,RIDER_142,6,22,0,6,Medium,-8.3,100
63a78620,RIDER_122,9,18,0,6,Medium,8.8,100
18b5b750,RIDER_133,5,15,1,5,Low,-2.9,61
cd80c059,RIDER_075,9,7,1,8,High,-4.4,79
d9eb5f87,RIDER_146,9,15,0,2,Low,6.9,82
a1cc7a23,RIDER_076,1,3,1,0,Medium,0.1,31
1af66d51,RIDER_009,5,14,1,6,High,3.4,79
1cd61d96,RIDER_074,9,20,1,8,Low,5.4,83
7898d9c1,RIDER_145,7,4,1,5,High,5.7,80
47bbff7f,RIDER_007,6,4,1,9,Medium,4.0,62
aa04d390,RIDER_141,6,3,0,1,High,-0.7,67
3f1d36de,RIDER_137,7,5,0,7,Medium,-3.2,100
575fea57,RIDER_027,1,11,0,8,Low,9.2,95
b934fb9b,RIDER_122,4,8,0,9,High,2.5,100
89be1d30,RIDER_005,1,2,1,7,Medium,3.9,32
3b3c4b55,RIDER_029,6,16,0,8,Low,0.1,100
d28318a6,RIDER_083,4,10,1,0,High,3.3,60
a9800b40,RIDER_136,1,18,0,2,High,0.3,60
22cf3861,RIDER_109,9,7,0,2,Medium,0.8,72
83c40938,RIDER_065,4,5,1,8,Low,-3.4,34
fc7efac6,RIDER_086,6,7,1,2,Medium,3.8,66
3f6260e1,RIDER_145,7,21,1,9,High,-7.3,90
d80c5d62,RIDER_071,8,6,1,0,Low,6.5,69
63d25a68,RIDER_045,9,24,1,2,Medium,9.7,100
8a56f7a1,RIDER_132,9,1,0,1,Medium,0.2,62
8923ab35,RIDER_036,8,11,1,8,Low,5.6,75
6ed4a1c0,RIDER_070,3,13,1,0,Medium,0.5,46
cb6bea9d,RIDER_019,2,12,1,10,Low,2.0,41
f6f178ab,RIDER_108,5,1,1,1,Medium,-0.2,48
e9e459b3,RIDER_091,1,21,1,0,Medium,0.3,57
b88c0de9,RIDER_090,3,15,1,8,Low,0.3,48
cf9676fc,RIDER_019,1,1,1,6,High,-5.7,36
659044a2,RIDER_039,3,3,1,0,Medium,3.3,42
8e49cb75,RIDER_126,4,15,1,9,Medium,-5.5,51
3db8e5c3,RIDER_141,7,9,0,5,Medium,0.4,95
c172c852,RIDER_126,5,14,1,4,Low,-5.1,58
2ce773e8,RIDER_058,5,23,0,9,Low,0.5,100
f7423e11,RIDER_148,1,22,1,10,Low,3.0,49
b66bd4fa,RIDER_061,8,24,0,4,Medium,7.5,100
1fd0eb3b,RIDER_127,4,8,1,3,High,1.8,62
fe0f1396,RIDER_105,5,22,0,2,Medium,0.8,73
e1e78372,RIDER_001,2,4,0,7,High,-2.5,85
e929c3e0,RIDER_131,1,20,1,6,Medium,-1.5,51
82f81113,RIDER_092,9,20,1,4,Low,6.7,89
dccd843e,RIDER_113,2,6,0,8,Medium,3.8,94
c8f07c40,RIDER_056,6,1,1,6,Low,-1.6,47
ba3f7e24,RIDER_117,1,18,1,9,Low,-6.2,34
dc4dff1f,RIDER_134,1,6,1,1,Medium,8.6,40
57195899,RIDER_058,9,14,1,6,Medium,-3.0,80
6b603ae1,RIDER_044,4,11,1,6,Medium,2.0,48
69daa70d,RIDER_061,9,17,1,3,Low,-1.5,78
c828d6f7,RIDER_047,5,9,0,7,Medium,-2.4,100
a299f39a,RIDER_149,7,22,1,3,Low,2.7,79
d4b6fabb,RIDER_080,1,7,1,6,Medium,5.4,44
231adf04,RIDER_118,6,14,0,3,Medium,4.6,94
b3f12962,RIDER_147,8,17,1,7,Low,4.4,77
08663cf6,RIDER_020,1,8,0,2,Medium,-2.1,41
e1ab8fcf,RIDER_146,9,16,0,1,Low,2.7,83
b37cc942,RIDER_047,3,12,1,9,Medium,3.3,57
b657f4d2,RIDER_049,1,12,1,5,Low,-3.7,35
44da828a,RIDER_014,1,5,0,6,High,-6.3,87
9f29aebf,RIDER_143,6,5,0,6,Low,2.2,89
d146890a,RIDER_001,6,14,1,5,High,-1.3,80
6063a7f9,RIDER_117,1,6,1,10,Medium,-3.2,31
4cf0271b,RIDER_054,3,7,1,7,Medium,-6.1,39
67b92db1,RIDER_118,7,23,1,5,Medium,-0.8,81
3fad134f,RIDER_003,3,21,1,5,Medium,8.3,78
bf7c206c,RIDER_144,3,17,1,2,Low,5.4,59
f764ef4c,RIDER_012,3,9,0,1,Low,7.9,46
baae0364,RIDER_074,7,22,1,6,Medium,-1.0,78
62f6aed2,RIDER_016,4,13,0,5,Low,6.3,88
60e57cb4,RIDER_102,4,9,1,0,Medium,7.0,56
0ffd1e84,RIDER_117,3,16,1,1,High,7.9,76
4018d5d9,RIDER_008,9,4,1,1,Medium,1.0,64
d8643747,RIDER_122,2,2,1,0,Low,0.1,25
9b91cacc,RIDER_092,4,13,1,2,Low,1.6,49
ce9fe81b,RIDER_090,8,13,0,4,Low,2.4,99
a32e0244,RIDER_136,6,19,1,3,Medium,-3.2,73
16a29c30,RIDER_060,7,12,0,1,Medium,-0.3,73
892f92c0,RIDER_028,7,4,1,7,Medium,6.5,60
a7136c7c,RIDER_101,2,10,1,8,Low,-0.2,31
912c383e,RIDER_041,4,16,1,7,Low,2.3,57
f86ecdf5,RIDER_145,6,24,0,6,High,3.9,100
72b77ea3,RIDER_141,3,19,1,9,Low,7.0,60
eee6e469,RIDER_046,9,8,1,1,Medium,4.4,83
6cbac37f,RIDER_035,4,6,0,5,Low,5.7,81
c99723dc,RIDER_134,2,4,0,10,Low,3.7,100
5cb829ed,RIDER_082,6,7,1,3,High,3.2,75
199e8c5f,RIDER_115,1,14,0,4,Low,5.5,68
8b2dfdbe,RIDER_047,6,13,1,8,Medium,-7.3,71
a87dbc2d,RIDER_010,1,21,0,8,Medium,4.8,100
0d013b87,RIDER_056,8,5,1,3,Medium,-6.3,67
2b721071,RIDER_030,5,9,1,7,High,-0.1,64
94cc51cd,RIDER_109,6,3,1,10,Low,5.6,55
29b107c5,RIDER_005,2,10,1,4,Low,1.3,37
46c2099a,RIDER_119,2,15,1,8,Low,1.7,47
a1d83dc1,RIDER_033,9,20,0,1,Medium,3.0,90
a775916a,RIDER_118,3,21,0,3,Medium,9.4,88
5a049ce0,RIDER_065,6,17,1,2,High,-6.7,85
57fc7aad,RIDER_146,5,23,1,6,Low,-0.9,65
b7cc5332,RIDER_011,4,24,1,1,Medium,7.6,78
ad6dae24,RIDER_085,2,6,1,2,Low,1.0,33
6558de56,RIDER_026,8,3,0,8,Low,1.2,100
d3cee8a9,RIDER_063,7,18,1,7,Medium,4.7,84
a2ca19cf,RIDER_086,2,5,1,1,High,-3.0,51
a809e5ba,RIDER_059,6,13,1,5,Low,5.5,71
6d0cf921,RIDER_027,8,1,1,2,Low,0.5,51
0e6bfc7d,RIDER_098,7,17,1,5,Medium,1.3,80
ba62c8be,RIDER_105,1,3,1,4,Medium,-1.3,29
df27ca90,RIDER_099,5,19,1,9,High,4.0,80
706764fd,RIDER_129,2,21,1,3,Low,0.7,55
4461614a,RIDER_149,6,20,1,6,Medium,3.1,75
b27bf07f,RIDER_055,7,22,1,10,Medium,0.5,84
d0b651a3,RIDER_006,7,12,1,9,Medium,1.8,71
35a237d1,RIDER_095,3,8,0,6,Low,-0.2,77
670ccad6,RIDER_133,7,8,1,3,Low,0.6,61
a5fabe64,RIDER_102,5,15,0,2,High,-1.4,66
acb21740,RIDER_003,8,11,1,3,Medium,-2.0,75
e9672fc9,RIDER_023,8,20,1,1,Low,9.0,91
f080e204,RIDER_053,7,1,1,3,Medium,2.7,56
73395ffc,RIDER_083,6,16,1,3,Medium,-6.4,69
d1a4c18a,RIDER_145,2,14,0,4,Medium,1.5,80
982e8d1e,RIDER_085,6,7,1,0,Medium,5.9,62
2ee5df8d,RIDER_078,9,6,1,1,Medium,-4.7,69
7395c0ff,RIDER_110,2,21,0,7,Low,4.2,100
13e214fd,RIDER_001,1,4,1,7,High,1.8,41
b279e44d,RIDER_051,5,22,1,7,Medium,-5.1,72
09b304db,RIDER_004,6,8,1,4,High,-0.6,72
4c7b02b6,RIDER_113,3,22,1,7,Medium,1.1,65
3727003d,RIDER_032,8,19,1,8,Medium,-3.1,76
7486a40b,RIDER_034,7,3,1,3,Low,-1.1,49
9d4d9414,RIDER_092,2,4,0,3,Medium,2.9,60
a72121f5,RIDER_095,7,13,0,6,Medium,2.9,100
c5f4645e,RIDER_072,1,21,1,4,Low,3.7,53
6fa82dbb,RIDER_039,9,2,1,10,Medium,-0.7,65
ca2e3b48,RIDER_118,7,11,1,9,Low,6.3,70
f105bfcc,RIDER_003,6,16,1,0,High,1.4,77
c7a40355,RIDER_123,2,10,1,7,High,0.2,52
e1eb270d,RIDER_050,3,15,0,3,Medium,1.0,72
06d83fad,RIDER_012,1,10,0,7,Low,3.4,79
a880593c,RIDER_054,5,2,1,1,Medium,3.1,52
75afdad7,RIDER_133,9,6,1,3,Medium,0.1,67
6a4638da,RIDER_057,6,14,1,1,High,5.7,82
9540fa3e,RIDER_145,5,2,1,4,Low,1.1,41
2f8d3b7a,RIDER_112,3,10,1,9,Medium,4.7,55
3e57c4b2,RIDER_047,5,17,1,9,Low,7.4,70
bc8d8910,RIDER_085,8,8,1,7,Medium,-0.0,77
4c99bcf5,RIDER_142,2,16,1,10,High,0.4,58
492596ed,RIDER_066,5,14,1,6,High,-2.5,74
5100bd1d,RIDER_075,6,10,0,10,Medium,-1.8,100
9eea8d36,RIDER_103,8,13,1,4,Medium,4.7,82
91e21dea,RIDER_038,8,1,1,10,High,4.6,87
73f87c99,RIDER_050,5,10,1,6,Medium,-5.4,47
0223655c,RIDER_098,9,22,1,4,Low,-2.1,80
a4aff81d,RIDER_082,4,12,0,6,High,7.5,100
99c3b570,RIDER_030,9,17,1,3,Medium,-1.4,85
6f837866,RIDER_079,7,24,0,3,Medium,0.9,100
5802513d,RIDER_091,6,14,1,9,Low,2.1,55
c73176ad,RIDER_052,4,5,1,3,Low,2.6,42
7add1be0,RIDER_079,2,19,1,10,Medium,-3.9,50
c7f79654,RIDER_030,8,5,0,7,Medium,2.6,100
5e9d9517,RIDER_106,6,15,1,0,Medium,-9.6,68
1f2e31c4,RIDER_051,3,13,0,9,Medium,-0.6,100
c33219bc,RIDER_081,7,17,1,4,Medium,0.5,82
c088191f,RIDER_133,7,1,1,9,Medium,-4.6,54
7606152e,RIDER_029,6,14,1,1,Medium,4.6,72
3caf6b6e,RIDER_132,2,4,1,9,High,-1.7,45
295fe727,RIDER_138,8,9,1,3,Low,8.7,62
4acca718,RIDER_145,1,17,1,4,High,3.6,65
bbd33b44,RIDER_074,1,3,1,7,Medium,1.0,29
66a52f35,RIDER_017,6,13,0,1,Medium,4.9,73
e8fd64d4,RIDER_084,5,12,0,1,Low,-4.7,63
782c8f5d,RIDER_069,9,16,0,1,High,2.7,99
e5ae0a0e,RIDER_034,7,4,1,7,High,-3.1,72
408f77a4,RIDER_006,2,18,0,2,High,5.2,77
c244e54e,RIDER_053,7,23,0,4,Medium,0.2,100
5a462c66,RIDER_126,3,3,1,1,Low,-6.5,32
12888d70,RIDER_043,1,17,1,5,Medium,-3.5,48
5f3c8478,RIDER_115,8,1,1,9,Medium,2.0,60
4c2a17f0,RIDER_111,3,19,1,5,Low,3.3,58
9b87b9aa,RIDER_080,8,22,0,1,Medium,-4.3,87
d8d22b00,RIDER_095,7,4,0,3,Medium,-5.5,78
03145920,RIDER_118,2,17,0,10,Medium,0.2,100
65b065b2,RIDER_144,1,7,1,1,Low,8.4,41
8986151b,RIDER_008,7,2,1,9,Low,-0.2,51
97b0a3bf,RIDER_132,1,12,1,3,Medium,2.8,42
c61914fd,RIDER_104,6,5,1,10,High,-8.6,69
a04241d4,RIDER_132,8,16,0,6,High,12.8,100
1faf8239,RIDER_025,7,8,1,4,Low,-2.4,57
e1d5c4f9,RIDER_096,4,23,0,9,Medium,2.3,100
2b2d3461,RIDER_093,1,8,1,3,Medium,-5.5,34
5d457274,RIDER_061,1,13,0,9,Medium,3.6,100
251ddba2,RIDER_122,4,14,1,9,Low,-0.4,46
63524a02,RIDER_051,5,11,0,2,Medium,2.9,60
b5257bf3,RIDER_147,7,6,0,5,Low,0.8,84
806fc507,RIDER_021,4,16,0,1,Medium,3.9,69
ed5ba627,RIDER_005,1,23,0,3,Medium,6.1,76
0899a29e,RIDER_092,7,22,0,7,Medium,-3.7,100
f924cd4f,RIDER_061,2,15,1,1,Medium,8.6,66
9d6509e9,RIDER_022,2,16,0,8,High,-0.9,100
829f0344,RIDER_149,8,13,0,1,Low,3.8,67
3dd1068f,RIDER_070,5,12,1,7,Medium,-1.6,57
cb2f6a92,RIDER_001,2,18,0,7,High,2.5,100
5a984cc6,RIDER_133,5,18,1,6,Medium,0.5,67
3178270f,RIDER_012,8,14,1,9,Medium,9.9,91
1909b431,RIDER_090,6,2,1,5,Low,-1.2,43
294fc8ed,RIDER_046,3,22,1,0,Medium,8.4,81
63b26652,RIDER_034,8,2,1,1,Low,-2.1,52
a9502fe7,RIDER_078,9,3,1,6,Medium,8.4,77
d2453bfc,RIDER_045,5,24,1,10,Medium,5.9,86
2c504b06,RIDER_073,2,8,0,3,Medium,0.5,64
5c01bc26,RIDER_026,2,11,1,8,Medium,1.3,46
e83363a3,RIDER_047,7,12,1,2,Medium,2.6,73
1563b66c,RIDER_121,1,4,1,3,Medium,2.0,38
f3b276c7,RIDER_056,2,9,1,2,Low,3.6,37
4dfced28,RIDER_094,4,24,1,6,Medium,2.5,76
e4093603,RIDER_107,1,17,1,1,Low,-2.0,40
24e8ffc1,RIDER_063,4,24,0,9,Low,-0.1,100
e4e466f7,RIDER_048,5,16,1,1,Medium,3.1,67
d307e23e,RIDER_061,9,17,0,1,Medium,-2.3,83
dc0444b5,RIDER_081,1,15,0,3,Low,-0.1,53
4ab69cbd,RIDER_026,5,20,0,7,Low,4.1,100
9f9706cd,RIDER_036,2,22,1,7,Low,3.0,59
0f0dddc5,RIDER_001,9,7,1,7,Medium,0.8,68
583cab71,RIDER_008,6,10,1,7,Medium,6.1,68
3e889f02,RIDER_113,2,4,1,6,Medium,5.9,42
84e1fb45,RIDER_099,3,24,1,5,High,-0.4,78
d0a61ea5,RIDER_047,8,24,0,6,High,4.6,100
433f5b3c,RIDER_127,1,14,1,4,High,-1.6,55
d2d7f482,RIDER_056,3,14,1,7,High,3.0,61
b90e5f94,RIDER_014,1,14,1,1,High,3.0,63
dacdf519,RIDER_028,8,14,0,4,Low,2.0,96
e0cae105,RIDER_078,1,22,0,6,Low,0.9,88
9c17341c,RIDER_130,5,20,1,8,High,2.2,87
7d698245,RIDER_109,4,18,1,9,Medium,1.9,63
d702026f,RIDER_014,7,15,1,0,Medium,-7.1,67
7f295a20,RIDER_056,5,23,0,10,Low,7.5,100
1a4ae420,RIDER_115,8,19,0,8,Medium,4.5,100
43c80e97,RIDER_007,1,13,1,2,Medium,0.2,41
f3b3e2cb,RIDER_003,5,12,1,0,Low,5.8,58
797aee28,RIDER_111,4,19,0,6,Medium,-0.1,100
46728de5,RIDER_107,3,19,1,2,High,-8.7,71
7c9d6baa,RIDER_018,5,20,0,7,Medium,3.3,100
da9c26ef,RIDER_038,3,2,1,10,Medium,-4.4,34
b7966761,RIDER_115,8,21,1,1,Low,-3.4,76
050e6457,RIDER_015,3,3,1,3,Low,-2.4,28
e995f294,RIDER_119,1,10,1,1,Medium,2.4,49
b67128c0,RIDER_028,9,5,0,10,High,2.7,100
6555d209,RIDER_039,9,12,0,3,High,6.2,100
0a069e83,RIDER_017,6,7,1,0,Medium,-2.9,54
a39c953b,RIDER_086,1,9,1,9,Medium,-0.9,40
189bb435,RIDER_126,8,2,1,4,Medium,7.1,67
a2862c2e,RIDER_044,2,10,0,2,Low,4.1,48
ceba5771,RIDER_025,9,6,1,8,Low,3.2,72
1d1374c8,RIDER_145,8,12,1,3,Medium,1.8,79
cdb08c22,RIDER_013,3,6,1,5,Medium,3.6,42
cd71e199,RIDER_025,5,3,1,8,High,2.1,65
fc280f32,RIDER_068,9,10,0,1,Medium,2.4,70
e989fb73,RIDER_138,1,9,0,6,High,3.8,100
30ff2e9f,RIDER_067,9,20,1,2,Low,-1.6,80
98163771,RIDER_109,4,5,1,0,Low,2.8,45
b51d4a7a,RIDER_146,4,3,1,8,High,-5.8,54
333f77d6,RIDER_111,4,5,0,8,Medium,2.0,100
9c9ba2c7,RIDER_111,9,8,1,10,Low,-0.0,65
ba5f1aa6,RIDER_034,6,8,1,3,Medium,5.3,68
edcdd9a0,RIDER_111,8,14,1,8,High,-3.6,90
227bc49e,RIDER_008,4,24,1,6,Medium,2.8,67
70a1d088,RIDER_113,3,22,1,3,Medium,4.5,70
f9d472ce,RIDER_083,1,17,0,1,Medium,5.0,60
6ab18331,RIDER_042,7,11,0,4,Medium,-0.6,91
f35ac650,RIDER_101,4,16,1,7,High,0.6,78
75964a7f,RIDER_006,8,6,0,9,Medium,3.7,100
f331f985,RIDER_026,3,11,1,9,Low,-2.6,48
d00548ef,RIDER_064,1,10,1,5,Medium,0.2,34
6284cbfe,RIDER_059,5,23,1,10,Medium,-1.5,73
ce099beb,RIDER_109,2,9,0,4,Low,-5.2,61
e7bd8b27,RIDER_121,3,24,1,3,Low,7.9,69
27882040,RIDER_033,6,24,1,10,Low,2.1,70
9a8419de,RIDER_150,3,15,1,5,Low,-2.2,50
b5849709,RIDER_021,3,7,1,10,Medium,-7.4,41
c01fbebf,RIDER_070,6,18,0,2,Medium,3.3,86
675a4138,RIDER_112,5,1,1,1,Medium,-4.3,42
d11b4a1a,RIDER_004,9,15,1,0,Medium,-0.7,85
7b72b97d,RIDER_094,1,2,1,8,Medium,1.8,26
ca6d598e,RIDER_075,3,22,1,0,Low,-3.0,52
137b7254,RIDER_062,3,2,0,10,Medium,8.6,100
29b8e3ae,RIDER_094,6,10,1,3,Medium,-2.1,67
7c954043,RIDER_095,8,20,0,5,High,-3.0,100
8b2bba17,RIDER_055,3,15,1,8,Medium,2.9,50
5fb8a6a4,RIDER_137,3,10,0,3,Medium,0.6,63
75147ba2,RIDER_131,6,19,0,6,Medium,9.7,100
c0ab00ad,RIDER_031,8,22,0,6,Medium,7.6,100
9087f35b,RIDER_040,6,13,0,5,High,8.0,100
27a3fa0a,RIDER_036,3,24,1,8,Medium,4.2,75
9378fdcc,RIDER_006,4,11,0,10,Medium,4.7,100
f962c2a3,RIDER_066,1,22,0,9,Medium,0.5,100
2aadd806,RIDER_075,8,2,0,6,High,4.7,100
04c096ef,RIDER_004,4,21,1,2,High,-0.6,76
0ee99f57,RIDER_079,6,13,0,5,High,1.5,100
12801999,RIDER_134,3,22,1,6,Low,-3.6,52
92bb6177,RIDER_118,6,22,1,6,Medium,0.2,79
94d00a1a,RIDER_113,9,21,1,5,Medium,4.2,97
41e3eeb4,RIDER_094,9,1,0,2,Medium,6.4,68
97352ce6,RIDER_062,3,5,1,5,Low,3.8,39
89c64009,RIDER_079,3,21,1,1,High,7.5,85
e2186ade,RIDER_136,4,22,1,9,Medium,-3.7,72
0012d2c9,RIDER_026,7,7,1,0,Medium,4.1,75
3b5145a8,RIDER_044,3,13,0,7,Medium,-1.5,99
294c7abc,RIDER_133,8,13,0,2,Medium,3.7,80
638fcd89,RIDER_070,8,20,1,7,Medium,-1.3,84
80c61045,RIDER_118,6,23,1,2,Medium,-0.3,73
6da8bf6c,RIDER_068,4,21,1,1,Medium,5.4,72
dd7138f7,RIDER_019,5,6,1,7,Low,3.0,45
e334a602,RIDER_020,2,20,1,2,Medium,-1.3,60
98368f69,RIDER_113,6,12,1,7,Low,-4.0,54
60f7c7e0,RIDER_140,3,8,1,1,Low,-1.5,37
b1c51b3a,RIDER_047,6,9,1,3,Medium,1.7,64
b10f2b19,RIDER_001,5,18,0,8,Low,-2.9,100
1b2d9b4c,RIDER_090,2,11,1,0,High,3.0,69
6e804485,RIDER_142,5,20,1,1,Medium,-2.4,69
72889e3e,RIDER_064,5,11,1,1,Medium,1.2,60
30927198,RIDER_038,9,24,0,8,Low,3.3,100
708a3453,RIDER_037,8,24,1,9,Low,0.1,79
92a2bc88,RIDER_126,7,15,1,4,Medium,6.2,77
f0536ebc,RIDER_139,3,9,1,10,High,3.5,55
53549f69,RIDER_100,4,3,0,3,Low,-1.7,57
ea6e638e,RIDER_077,6,17,0,9,Medium,-2.5,100
0d029e89,RIDER_003,3,17,0,9,Low,8.2,100
f307d411,RIDER_134,9,3,1,3,Medium,6.4,75
d3f00d2d,RIDER_010,8,19,0,6,Medium,0.6,100
3d513198,RIDER_005,6,9,0,2,Low,3.2,60
ae7b8311,RIDER_138,4,17,1,8,Medium,0.8,62
42fb7a6b,RIDER_130,7,23,0,4,High,4.6,100
f40f2571,RIDER_013,3,18,1,10,Medium,2.7,63
84317e3c,RIDER_130,8,23,1,8,Low,-6.1,79
d5ad7430,RIDER_084,1,15,1,0,Low,6.6,48
6eadd734,RIDER_065,3,1,1,9,High,7.4,58
85f02ddb,RIDER_063,5,10,1,7,Medium,0.1,57
657b26d1,RIDER_101,5,8,1,1,Medium,3.2,60
8c7d1837,RIDER_073,2,10,0,7,Low,6.3,97
fe36dfc4,RIDER_017,8,2,1,3,High,15.6,96
526b7390,RIDER_009,5,19,1,1,Medium,4.1,73
cddf4d4d,RIDER_143,7,14,1,1,Low,3.4,72
75ca6fb7,RIDER_038,7,8,0,5,Low,5.4,93
2ead368f,RIDER_094,5,19,0,2,High,5.8,91
e22ba886,RIDER_095,8,1,1,10,Medium,4.1,61
009405f0,RIDER_049,9,16,1,9,Low,-3.2,67
cf170cbc,RIDER_069,4,24,1,2,Medium,2.7,78
9f9f0979,RIDER_062,4,15,1,8,Medium,3.2,62
6764d7af,RIDER_078,8,20,0,4,Medium,-3.9,100
cfa0447d,RIDER_117,1,24,1,6,Low,4.5,51
f310c908,RIDER_120,4,5,1,4,Medium,-2.5,46
34d0e9e2,RIDER_137,6,3,1,1,Low,7.3,66
3ff53474,RIDER_076,4,17,1,10,Low,-1.2,43
b2aa34e7,RIDER_035,6,10,1,10,Low,5.8,66
a0a2021c,RIDER_001,5,5,1,7,Low,-0.7,41
e59291ba,RIDER_040,9,11,0,8,Low,7.0,100
4ed49e75,RIDER_064,9,6,1,10,High,7.5,90
f770cc10,RIDER_150,4,4,1,1,High,4.3,68
019f6009,RIDER_060,4,7,1,1,Low,-0.5,42
21ebc260,RIDER_064,8,19,0,3,Medium,3.7,100
539b2e65,RIDER_093,4,7,1,7,Medium,-0.9,53
56c810c7,RIDER_072,2,14,0,4,Low,-2.6,72
edd5008a,RIDER_011,2,17,0,4,Low,-0.1,74
a28b8b4a,RIDER_105,1,23,0,6,Medium,1.8,100
11637e77,RIDER_014,5,17,1,3,Medium,-0.5,70
396e1406,RIDER_060,6,13,1,8,Medium,0.9,67
1c564946,RIDER_030,9,1,1,3,Medium,-0.2,62
fb21a1f3,RIDER_035,5,2,1,7,Low,2.1,46
2b4b800a,RIDER_005,6,18,0,2,Medium,1.1,70
dc7cb44a,RIDER_083,6,4,1,5,Low,-4.1,51
201b63aa,RIDER_123,3,13,1,0,Medium,1.9,54
3f3caebe,RIDER_078,4,1,1,6,Medium,-1.2,43
354a2df7,RIDER_062,1,4,0,10,Medium,-1.6,92
dd1a0bfa,RIDER_132,4,2,1,6,Medium,-1.6,42
3a19eefd,RIDER_089,1,4,1,1,Low,2.7,24
6a999a4e,RIDER_042,5,16,1,4,Medium,3.6,76
9ed043b3,RIDER_089,8,4,0,3,High,2.5,97
6404575a,RIDER_146,8,9,1,9,High,4.9,88
40fdf587,RIDER_040,5,17,1,8,Medium,2.0,64
3aa5eeb9,RIDER_072,2,21,1,1,Low,2.5,46
d030e894,RIDER_039,6,23,0,2,High,-1.4,86
742330db,RIDER_104,1,20,1,0,Medium,4.0,54
3f06ebdd,RIDER_014,7,21,0,9,Low,1.4,100
14248c3f,RIDER_032,4,2,0,4,Medium,4.5,72
4dafa87d,RIDER_125,5,3,1,2,Low,1.6,46
1fa92a2e,RIDER_097,6,23,1,3,Medium,2.0,78
c0b0d7a7,RIDER_023,1,15,1,3,Medium,-1.2,47
09e053db,RIDER_063,9,7,1,5,High,1.4,84
dc9740dd,RIDER_143,4,4,1,9,Medium,10.1,61
b7a5e4a5,RIDER_145,8,12,1,6,Medium,-5.4,76
19d0e1c4,RIDER_053,5,1,1,6,Medium,0.2,44
3d32e547,RIDER_104,8,17,1,10,Medium,5.1,91
e10f3dce,RIDER_104,1,4,0,7,High,-0.9,90
08cd4731,RIDER_039,8,4,0,2,Low,2.4,54
fe6ed098,RIDER_134,4,22,1,4,Medium,1.6,67
be0706f9,RIDER_067,2,23,1,9,Medium,5.4,66
a82fe8e0,RIDER_135,6,9,0,5,Medium,1.0,92
155d1102,RIDER_042,2,21,0,5,Medium,-4.6,79
4f386301,RIDER_015,5,10,0,7,Low,8.8,100
e6df206b,RIDER_111,2,19,1,4,Medium,1.5,59
5300db17,RIDER_033,3,19,1,4,Medium,2.6,62
0b1e57c2,RIDER_038,6,15,1,0,Low,0.2,61
ef7d9fb8,RIDER_097,1,22,1,0,Low,2.7,50
03b98fbe,RIDER_033,6,17,1,5,Low,5.9,70
6ab6bd4e,RIDER_086,3,7,1,9,Medium,1.4,43
1095a815,RIDER_066,7,3,1,9,Medium,-1.1,55
bec4e21d,RIDER_010,2,5,0,4,High,-3.2,76
f5d0fb51,RIDER_005,6,16,1,10,Low,6.7,66
73d1626a,RIDER_123,8,23,1,9,Medium,0.2,88
3fb27286,RIDER_074,1,7,0,5,Medium,4.2,80
26e7dedc,RIDER_097,9,16,0,8,Medium,4.8,100
3ea8e2ce,RIDER_118,5,9,1,7,Medium,1.1,60
39318e19,RIDER_038,5,1,0,6,Medium,1.7,87
944eabb9,RIDER_141,5,3,1,6,Low,2.0,46
e95d9f73,RIDER_047,6,8,1,5,High,5.2,77
88d32664,RIDER_109,2,18,0,5,Low,-1.3,83
9e8f1b5c,RIDER_015,6,24,1,0,Medium,1.2,79
4535d091,RIDER_136,4,24,1,6,Low,3.2,67
038da6e0,RIDER_005,8,18,1,4,Medium,3.3,87
27d3a6c9,RIDER_047,9,24,1,6,Medium,4.5,99
8c692e12,RIDER_068,9,19,1,5,Low,-3.3,79
40dbc215,RIDER_076,8,7,1,7,Low,0.7,61
f363f636,RIDER_130,3,20,1,2,Low,3.6,55
06fdc641,RIDER_095,4,6,0,7,Medium,-3.2,92
533cabbf,RIDER_115,1,11,1,6,Medium,9.0,58
e251cdbf,RIDER_036,9,5,1,0,High,-4.2,75
2764dcae,RIDER_026,5,12,1,2,Low,-2.5,48
1ea6e120,RIDER_043,6,1,0,9,Low,-0.9,94
94d8cdfd,RIDER_027,3,19,0,3,Low,-1.3,64
cd6515dd,RIDER_069,8,11,0,8,Low,4.0,100
7fb6abce,RIDER_148,7,15,1,5,Medium,2.3,75
f0842080,RIDER_011,1,16,1,6,High,-1.6,60
e51eb492,RIDER_074,5,3,1,4,Low,10.3,58
be217047,RIDER_104,9,11,1,2,Medium,5.0,86
46250b49,RIDER_038,6,11,1,4,Medium,3.0,65
b453d60b,RIDER_134,8,10,0,6,High,4.9,100
23d07bc0,RIDER_023,1,2,1,8,Medium,3.6,35
f2a2d4ae,RIDER_047,7,20,0,8,High,2.8,100
cbf05b5b,RIDER_090,3,5,1,7,Medium,4.0,46
11df9f1f,RIDER_046,9,23,0,4,Medium,1.8,100
8e291a16,RIDER_107,6,23,1,6,Low,4.7,77
49d92260,RIDER_140,5,8,0,3,High,2.3,84
187fb1a2,RIDER_141,8,13,1,9,Medium,0.9,70
ef953bfe,RIDER_104,8,15,0,4,Medium,8.5,100
a4489065,RIDER_111,3,2,1,3,Medium,2.3,42
1350b0eb,RIDER_104,2,12,1,2,Low,1.0,38
66c60e36,RIDER_060,2,24,1,10,Low,-1.4,58
0d95ff3b,RIDER_100,5,8,1,0,Low,-2.0,44
c3471bef,RIDER_068,7,21,0,4,High,2.2,100
2457d534,RIDER_133,8,19,0,1,Medium,0.6,82
b0f9a5cc,RIDER_120,8,23,1,5,Medium,-1.0,83
e0160925,RIDER_037,8,1,0,4,Medium,7.2,100
e42258d8,RIDER_072,3,8,1,10,Medium,6.2,52
65ce2a4d,RIDER_127,2,10,1,1,Low,-2.0,36
3149bb57,RIDER_106,4,13,1,7,Low,0.6,57
a7456bcb,RIDER_092,1,5,0,4,High,-4.5,70
3cdaf499,RIDER_031,3,22,1,1,Low,0.0,54
b62cc2f5,RIDER_122,9,9,1,0,Medium,-0.7,75
4d75b8cc,RIDER_137,7,10,1,1,Medium,1.4,73
8e0e6627,RIDER_051,7,14,1,0,Medium,-1.5,70
470eacfc,RIDER_029,1,24,1,9,High,-5.1,74
75dde228,RIDER_040,7,11,1,9,Low,-0.2,58
e31ba0da,RIDER_041,7,14,1,2,Medium,7.0,85
25298f26,RIDER_011,4,3,1,2,Medium,-0.5,42
a718fdf6,RIDER_001,7,21,0,9,High,9.8,100
540a85fa,RIDER_046,8,16,1,0,High,-1.4,92
0a482314,RIDER_101,3,20,0,6,Low,2.3,94
ddbd0940,RIDER_149,2,17,1,9,Medium,3.3,53
c0577890,RIDER_090,7,5,1,6,High,-2.2,71
413e3c69,RIDER_110,5,7,1,8,Low,-4.6,49
5f8d9a04,RIDER_057,5,17,1,4,Medium,6.3,73
f9ee9093,RIDER_001,5,20,1,3,Medium,6.4,87
579d2a0d,RIDER_063,7,22,1,4,Medium,7.6,92
e0576952,RIDER_055,9,11,1,7,Medium,-1.3,77
4da677e1,RIDER_115,8,12,0,7,Medium,3.5,100
8ae08588,RIDER_143,6,24,1,3,Medium,2.2,82
6f28dcde,RIDER_149,7,2,1,7,Medium,1.6,66
749f4f0d,RIDER_053,9,19,0,3,High,0.5,100
a1f85cc5,RIDER_137,6,5,0,3,Medium,5.1,84
cbbb174f,RIDER_057,1,11,1,10,Low,12.5,55
9134d300,RIDER_117,4,23,0,7,Medium,3.1,100
da13341b,RIDER_035,8,19,0,1,High,2.7,99
384555f6,RIDER_063,7,7,1,3,Low,-0.6,49
adc5d6b0,RIDER_025,3,21,1,0,Medium,4.7,63
0ca860a2,RIDER_090,3,22,1,0,Medium,-7.8,64
a1cf9cbe,RIDER_075,3,6,1,10,High,0.7,58
6cc3f7a2,RIDER_038,1,11,1,7,High,3.5,58
1a616d64,RIDER_130,1,14,1,3,Medium,3.0,47
1dc4ffa6,RIDER_135,6,4,0,5,Low,1.6,81
6f7a57ef,RIDER_091,1,8,0,4,Low,-5.4,54
f1370cd9,RIDER_017,5,9,1,9,Low,8.0,59
a27c0400,RIDER_128,4,2,0,5,Medium,2.9,81
4cdd2f15,RIDER_108,5,11,1,3,Low,1.9,53
ad02d509,RIDER_025,7,20,1,3,Medium,7.0,86
89c0ecca,RIDER_088,6,22,1,6,Low,6.8,77
305f91b9,RIDER_029,9,7,1,0,Medium,1.1,68
4e2b7ac6,RIDER_063,6,4,1,8,High,1.0,59
36217ff5,RIDER_150,9,24,1,9,Medium,3.9,98
005f8c06,RIDER_114,4,14,1,2,High,6.9,81
09174699,RIDER_049,1,24,1,3,Low,5.9,52
ad057297,RIDER_081,1,1,1,8,Low,-1.9,22
1d883e5e,RIDER_084,7,24,1,4,Low,-2.3,76
35161247,RIDER_105,3,12,0,3,High,-1.5,79
52d9969c,RIDER_148,2,19,1,5,Medium,4.2,60
5cfcf660,RIDER_118,6,5,1,0,High,0.5,63
c3dbc567,RIDER_086,6,8,1,9,Low,4.0,59
35952123,RIDER_063,7,11,1,0,High,-3.2,71
19a0efb3,RIDER_104,5,22,1,4,Medium,-1.3,71
df82f616,RIDER_049,8,4,0,4,Medium,4.0,100
c4fa2ebf,RIDER_071,7,15,1,10,High,-4.2,84
0cb350c2,RIDER_001,2,20,0,8,High,9.1,100
37cdcf00,RIDER_141,1,12,1,0,High,6.4,58
ea603636,RIDER_123,9,20,1,2,Low,7.5,99
4f3c14fb,RIDER_062,5,22,1,2,Medium,5.1,74
9b48005f,RIDER_032,5,23,0,3,High,-5.5,100
b710266c,RIDER_029,4,21,1,6,Medium,6.5,74
551da7de,RIDER_049,2,10,1,6,Medium,4.9,52
14eecf5d,RIDER_030,5,24,1,9,Low,0.7,66
b022de2e,RIDER_144,2,16,1,4,Low,0.2,38
97bb1d8f,RIDER_019,7,23,0,8,Medium,5.1,100
bf37ac5d,RIDER_018,9,8,1,6,Medium,-4.3,78
71ed1752,RIDER_001,9,20,1,1,Low,5.7,79
f625014e,RIDER_078,6,8,1,2,Low,-0.6,50
9cc7dbdd,RIDER_115,1,6,0,10,Medium,2.7,100
ca23de5d,RIDER_113,6,3,1,6,Medium,2.8,59
bf8607ed,RIDER_114,5,8,0,4,Low,-3.4,74
ae7105a3,RIDER_063,4,23,0,6,High,-4.5,100
18a9647c,RIDER_132,6,10,1,8,Low,3.0,58
bbd55325,RIDER_129,6,5,1,8,Medium,1.8,57
adbb79a8,RIDER_008,6,11,1,2,Low,3.1,64
9921d7af,RIDER_055,2,4,0,7,Medium,-2.1,77
f9e2e79a,RIDER_103,7,17,0,5,Medium,5.5,100
64f19bc3,RIDER_131,4,3,0,3,Medium,6.8,70
6aa6ea07,RIDER_032,9,18,1,3,Medium,0.9,83
d86de917,RIDER_010,2,8,1,3,High,-2.6,58
3406151f,RIDER_110,5,24,1,6,Low,-0.3,65
08efd92d,RIDER_124,4,12,1,5,Medium,3.2,57
aeafc8d2,RIDER_087,9,21,1,1,Medium,3.8,100
89dac8b8,RIDER_055,4,16,1,4,High,9.8,82
dac481b7,RIDER_032,8,14,1,4,Medium,5.3,91
0f7c96c0,RIDER_135,8,21,1,5,Low,1.0,78
d4503f15,RIDER_093,6,16,1,6,Medium,4.1,79
c179dd52,RIDER_008,6,4,1,10,High,3.3,68
3c7bd9bc,RIDER_065,8,1,1,7,Low,2.2,59
8f04c2a4,RIDER_057,9,1,1,9,Medium,8.7,81
0d7e473b,RIDER_067,5,22,1,7,Medium,-0.5,69
9929a6a9,RIDER_072,1,15,0,10,Low,4.4,100
5b365c09,RIDER_054,1,20,1,4,Medium,4.3,51
1f322d8f,RIDER_067,2,20,0,1,Low,9.3,57
f5b0a9e1,RIDER_051,5,3,1,9,High,-6.3,64
92701d2f,RIDER_097,4,14,1,7,Medium,6.9,67
2da59dce,RIDER_092,1,9,1,5,High,-2.4,44
c7b37ad1,RIDER_008,4,19,1,2,Medium,-4.1,65
8fc4d5d2,RIDER_035,4,8,1,3,Low,-1.8,48
1033dc45,RIDER_096,4,2,1,0,Medium,-3.9,47
c5f60ecc,RIDER_088,1,4,1,2,Medium,6.7,46
429ff7bf,RIDER_078,9,1,1,3,High,8.5,81
f6aca8b5,RIDER_032,3,11,1,1,High,-0.8,63
31236593,RIDER_120,4,5,1,5,Medium,1.2,41
b502c74f,RIDER_046,5,2,0,7,Medium,6.5,98
0d201dc5,RIDER_144,7,13,0,5,High,8.7,100
5559f375,RIDER_142,6,17,1,9,High,2.6,87
84dac8b1,RIDER_055,5,17,1,2,Medium,0.2,71
89d683c7,RIDER_007,8,18,1,8,Medium,-3.7,79
d0e40349,RIDER_074,1,21,0,3,Medium,-2.8,77
a58f893e,RIDER_007,7,9,1,5,Medium,8.5,79
eca1434e,RIDER_085,6,6,0,3,High,-2.8,85
34e1edd9,RIDER_147,5,20,1,3,Low,3.6,70
04910b29,RIDER_112,7,3,0,10,Medium,1.0,100
17d354e3,RIDER_125,3,8,1,1,Medium,0.6,48
2313ffab,RIDER_147,1,3,1,9,Medium,-4.2,35
e856c3f5,RIDER_036,9,1,1,1,Medium,1.1,75
e41ad0f5,RIDER_029,2,20,0,1,Medium,8.5,67
8e96fdf5,RIDER_082,3,13,0,1,Medium,2.0,57
86d99538,RIDER_002,8,21,0,7,Medium,4.3,100
f207fc02,RIDER_129,9,5,0,9,Medium,-3.9,100
433009f6,RIDER_047,3,16,1,3,High,1.5,69
e1edb41d,RIDER_148,6,21,0,3,Medium,1.3,99
168d760a,RIDER_011,7,24,0,9,High,1.5,100
218884c0,RIDER_130,1,16,1,9,Low,3.7,38
e14f75f0,RIDER_119,7,24,1,10,Medium,3.0,86
4db9a29e,RIDER_140,4,12,1,2,Medium,-1.9,62
8d1f7f1d,RIDER_020,5,13,1,4,Medium,-0.9,55
3a43404b,RIDER_005,8,4,0,3,Low,2.0,72
d043df33,RIDER_037,4,9,1,6,Medium,10.5,72
3e6efe22,RIDER_137,4,16,1,9,Medium,-1.0,59
789c572f,RIDER_053,8,1,1,6,Low,0.1,44
095768d6,RIDER_099,5,5,1,5,Medium,0.7,51
feacc3d2,RIDER_086,6,21,1,6,Medium,3.3,77
c78d61a9,RIDER_108,5,5,0,6,High,5.9,100
93d92d30,RIDER_024,1,24,1,7,Medium,3.6,70
abd5daf5,RIDER_081,7,19,0,10,Medium,-2.1,100
7143d4f7,RIDER_120,6,9,1,0,Medium,4.5,64
1b52f08a,RIDER_059,2,8,0,2,High,8.1,66
3d78f860,RIDER_128,7,19,1,2,High,2.2,86
10df6ff8,RIDER_114,6,18,1,4,Medium,1.0,77
ab591b2e,RIDER_115,5,15,1,9,Medium,9.0,73
9ae52990,RIDER_014,8,4,0,6,High,-3.2,100
50d7c93f,RIDER_009,5,15,1,9,High,2.5,81
209a4f7e,RIDER_040,2,13,1,5,Low,3.4,47
992aba2a,RIDER_025,6,18,0,3,Medium,3.2,95
48faa8d7,RIDER_103,1,20,1,5,Medium,4.6,54
37b8d0ef,RIDER_022,5,5,1,6,Low,-2.7,41
3273ef99,RIDER_004,6,18,1,3,High,0.9,85
94a653a2,RIDER_029,7,8,1,10,Medium,0.5,61
6e0443c7,RIDER_109,2,1,1,7,Medium,-2.5,38
0f9348bd,RIDER_098,1,19,1,4,Low,-3.8,49
113e19ca,RIDER_037,6,23,0,2,Medium,7.1,82
569bb222,RIDER_075,3,17,1,1,Low,2.6,59
6ae0d574,RIDER_070,5,2,1,0,High,-1.8,59
9f4060a7,RIDER_146,2,19,1,3,Medium,-1.8,49
757a92fa,RIDER_128,1,16,1,1,Low,1.9,43
98808678,RIDER_085,1,18,1,2,Low,5.6,48
afc2b22f,RIDER_042,4,2,1,0,Medium,-1.5,45
58923786,RIDER_100,2,6,0,5,Medium,4.2,81
d4f0745b,RIDER_041,1,7,0,3,Medium,7.8,69
bb76e180,RIDER_034,6,6,1,4,High,4.2,72
bdcd15db,RIDER_017,4,6,0,7,Medium,-1.2,100
d30968da,RIDER_122,7,9,0,10,Medium,1.6,100
f117916f,RIDER_076,6,8,1,3,Medium,0.8,63
e77572cf,RIDER_087,5,24,1,5,Medium,0.1,77
4bb82f8e,RIDER_117,2,22,1,2,Medium,1.9,62
479e713b,RIDER_106,5,21,1,7,Medium,-0.1,72
2440f502,RIDER_086,9,9,0,2,Medium,-1.8,70
2fa67f8a,RIDER_027,9,12,1,6,Low,3.9,74
3013d9c0,RIDER_057,2,18,0,6,Medium,5.8,97
6ab8fcbe,RIDER_031,7,23,1,2,Low,6.1,86
6b1c42b1,RIDER_134,4,6,1,2,Low,-2.1,38
b3275e92,RIDER_098,3,23,1,9,Medium,6.0,71
dbe2e950,RIDER_012,1,4,0,9,Medium,8.4,100
c3c21660,RIDER_053,3,7,1,10,Low,-2.2,34
8ab11c5d,RIDER_138,9,18,0,7,Low,-1.6,100
03d6e29f,RIDER_145,9,20,1,10,Medium,-3.0,86
8c9a0b19,RIDER_122,7,5,1,2,Low,-2.4,53
355da63a,RIDER_046,3,18,1,1,High,7.7,80
abc18567,RIDER_064,3,10,0,4,High,-1.6,81
5e0cfad1,RIDER_130,4,8,1,10,High,4.9,73
d3d6ae46,RIDER_054,7,1,1,6,Medium,-4.2,56
e99657d8,RIDER_107,7,15,1,7,High,-3.5,87
d9a140f9,RIDER_051,2,3,1,0,Medium,-1.2,35
f89755b1,RIDER_036,5,15,1,1,Medium,4.3,71
bd9e48dc,RIDER_115,7,14,1,6,Medium,1.2,68
5de1924b,RIDER_026,7,1,1,8,Medium,1.7,56
ad364ac4,RIDER_029,6,21,1,2,Medium,-1.1,77
57ea0679,RIDER_149,8,8,0,7,High,-0.2,100
a4834577,RIDER_011,3,7,0,9,Medium,-2.6,100
06595331,RIDER_040,1,9,1,2,Medium,4.7,51
121ce7c4,RIDER_011,3,18,0,3,Low,3.4,75
6fde238d,RIDER_113,2,12,0,1,High,0.8,59
8f490594,RIDER_039,2,8,1,8,Low,0.7,42
5b0cdfe1,RIDER_054,2,8,0,4,High,3.1,74
009b36df,RIDER_098,5,6,0,4,Medium,5.8,88
f5db75bb,RIDER_055,1,3,1,3,Medium,-0.6,35
0ad74c01,RIDER_111,4,2,0,4,Medium,4.7,69
22c16fdd,RIDER_150,5,14,1,0,Medium,-0.6,58
f5904da3,RIDER_069,2,8,1,9,Medium,1.1,47
5975c600,RIDER_056,5,6,0,9,Low,1.2,100
ce78ea03,RIDER_033,4,4,0,5,Low,6.5,82
323ec7f4,RIDER_036,8,5,0,10,Low,0.1,100
dff95693,RIDER_148,1,21,1,3,Medium,-6.2,46
a8c2c002,RIDER_081,5,13,0,3,Medium,-1.9,78
b79b402b,RIDER_109,1,9,1,4,Medium,9.8,57
51e94202,RIDER_073,4,13,1,0,High,-4.6,71
2d0bf1e0,RIDER_040,8,9,1,3,High,-5.5,77
fa7cbcf5,RIDER_017,1,24,1,9,High,5.2,72
db22fb70,RIDER_129,2,24,1,2,Medium,4.8,70
e83948d3,RIDER_061,1,16,1,4,Low,0.5,39
33bff832,RIDER_104,7,12,0,9,Medium,4.1,100
6daeb274,RIDER_042,2,2,0,4,Low,0.2,50
12984dcb,RIDER_025,1,19,0,7,Low,-1.9,85
09bb6a5d,RIDER_039,6,16,1,0,Medium,8.8,82
878d1b5e,RIDER_035,6,24,0,2,High,-0.7,87
725104c5,RIDER_131,2,13,0,4,Medium,-3.4,70
c5e37385,RIDER_108,1,5,1,10,High,-4.7,38
3e1c1cb1,RIDER_102,3,23,0,2,Low,7.2,64
712680a3,RIDER_098,5,24,1,5,Medium,2.7,73
575538e4,RIDER_012,6,6,1,9,Medium,5.4,62
e8ed1db0,RIDER_019,3,21,1,2,Medium,9.4,75
75c7223c,RIDER_101,9,24,0,5,Medium,-0.0,100
7e91e5ea,RIDER_044,5,17,0,7,High,10.5,100
f14ded5d,RIDER_049,2,17,1,3,Medium,1.5,54
9b4e48f2,RIDER_017,6,17,1,7,High,2.3,84
f24d6c7f,RIDER_074,8,3,0,6,Low,7.6,100
6681204f,RIDER_057,6,13,0,10,High,2.2,100
ece9f3d6,RIDER_055,4,12,1,10,Low,5.3,47
f946d1f8,RIDER_047,6,6,1,3,Low,0.1,48
60bc2599,RIDER_012,8,22,0,2,Medium,3.6,90
43bce3a3,RIDER_062,8,21,1,4,Medium,7.6,96
e70b3e5f,RIDER_080,2,13,1,4,Medium,4.4,50
bb05c58b,RIDER_083,8,14,1,6,High,0.4,86
d3b0ebb4,RIDER_008,6,7,0,10,Medium,2.3,100
c69a5738,RIDER_149,2,5,1,0,Medium,0.4,35
85d70f36,RIDER_081,1,14,1,8,Medium,1.7,44
3df106b4,RIDER_118,6,18,1,1,Medium,8.0,89
ce8e34f8,RIDER_025,7,4,1,8,Low,2.5,51
c4350e97,RIDER_089,5,1,1,8,Medium,5.4,47
9d460362,RIDER_012,8,7,1,2,Low,4.0,68
ea91d418,RIDER_143,9,20,1,6,High,7.2,100
bd096a26,RIDER_059,4,13,1,2,Medium,-2.2,55
e5133f53,RIDER_109,7,4,1,7,Medium,2.8,64
341a71f8,RIDER_026,8,13,0,7,High,9.4,100
f7c5fbf5,RIDER_047,6,4,1,2,Low,-0.6,49
62f4dfa9,RIDER_032,2,3,1,4,Medium,10.8,47
16b7d63e,RIDER_010,7,8,1,6,Low,-1.4,62
2959464f,RIDER_016,9,20,1,0,Medium,0.9,87
975dfe68,RIDER_145,5,8,1,2,Medium,5.2,59
670d21eb,RIDER_026,2,17,1,0,Low,2.6,51
1f58755a,RIDER_086,4,15,1,1,Medium,-6.1,55
cda5b4ba,RIDER_135,3,4,1,6,Medium,3.6,48
e03f1577,RIDER_014,4,6,0,6,Medium,2.5,89
77fafd20,RIDER_079,7,24,1,2,High,-0.2,93
108e815d,RIDER_117,8,22,1,5,Medium,1.0,96
712375b9,RIDER_007,1,6,0,5,Medium,-6.2,67
1124bc97,RIDER_137,8,10,0,1,Medium,-0.2,61
320651b8,RIDER_115,5,4,1,8,Medium,4.9,51
16bba979,RIDER_072,7,9,0,7,Medium,2.7,100
dfcf2103,RIDER_059,1,16,1,1,High,6.0,61
77eb8bd6,RIDER_082,2,7,0,3,Low,9.4,63
daf60396,RIDER_116,1,14,1,8,Low,-1.3,39
e8a8129a,RIDER_146,5,6,0,3,Medium,-1.6,71
6b2eba17,RIDER_103,6,1,0,6,Low,5.8,93
9ee58829,RIDER_017,9,18,1,4,Low,1.4,84
c3ca02e3,RIDER_014,8,12,0,9,Low,1.3,100
3d8fc5a7,RIDER_108,7,22,1,5,High,12.8,100
8eb8b5bc,RIDER_045,5,15,1,0,Low,7.0,69
b1649f04,RIDER_098,3,1,1,3,Low,2.6,36
dcf15558,RIDER_131,9,15,0,4,Medium,4.0,100
47cc6f95,RIDER_037,5,15,1,5,High,2.9,76
c9ba9bc2,RIDER_108,3,16,1,5,Medium,-3.3,55
af4cbb5d,RIDER_039,3,21,1,4,High,3.4,79
c23fb1e7,RIDER_015,3,1,1,2,High,1.4,47
2b314811,RIDER_120,6,3,1,10,Medium,-0.6,57
ca05663d,RIDER_004,1,12,0,1,Medium,0.5,41
93aa738f,RIDER_093,4,7,0,6,Medium,-3.0,88
167b2fd4,RIDER_141,8,5,1,0,Medium,-4.2,66
31d723bc,RIDER_016,3,1,1,4,Low,-0.8,30
6b13e0b6,RIDER_108,5,1,1,3,High,-1.3,58
cb310b6c,RIDER_126,2,15,1,6,Medium,9.7,60
6faf44a7,RIDER_055,2,8,1,1,High,7.6,70
288bc05a,RIDER_034,7,11,1,10,Medium,0.2,73
1290d48b,RIDER_013,3,14,1,7,Medium,4.1,63
f95fd5d8,RIDER_141,5,23,1,8,High,2.0,88
12d71793,RIDER_018,3,13,0,9,Medium,-0.1,100
94e09118,RIDER_096,6,19,1,0,Medium,-1.8,68
de1c546e,RIDER_123,3,12,1,4,High,0.7,63
36b7d2e0,RIDER_039,8,22,0,3,Low,0.1,90
660c7d87,RIDER_046,2,19,1,4,Medium,1.4,54
7bd1bd3b,RIDER_029,3,4,0,8,Low,10.2,100
c0a48d5f,RIDER_062,8,4,0,2,High,1.6,82
e0202de0,RIDER_016,8,3,1,0,Medium,-3.0,58
3390fdae,RIDER_121,1,6,1,10,Low,1.2,25
5ec1dcab,RIDER_010,8,5,1,2,Low,6.7,68
19e4496a,RIDER_103,2,11,1,3,Medium,10.2,53
dfcf42af,RIDER_084,7,9,1,1,Medium,-3.4,71
78d5a740,RIDER_133,6,3,1,0,Low,2.2,45
b5a340fb,RIDER_065,2,9,1,0,High,3.4,59
8ac7ff4e,RIDER_003,5,12,0,7,High,6.0,100
2e98cd80,RIDER_142,7,3,1,3,Medium,1.3,59
378afb14,RIDER_120,8,20,1,1,Medium,2.0,84
0cf43761,RIDER_068,3,17,1,9,High,0.3,71
e19e37d2,RIDER_146,1,21,1,2,High,-3.2,62
b994363e,RIDER_037,7,12,1,7,Low,5.8,70
516e8278,RIDER_073,5,18,1,5,Medium,-1.8,66
c6088a12,RIDER_143,5,4,1,7,High,-4.3,57
1bfde9e4,RIDER_049,7,10,1,9,Medium,0.1,71
0bb80510,RIDER_121,1,18,1,4,High,-4.7,59
939ad2aa,RIDER_088,8,8,1,2,High,0.4,82
15659d1a,RIDER_140,5,9,0,5,Medium,0.2,85
75065ba5,RIDER_037,8,19,1,9,High,1.6,88
8f505119,RIDER_061,5,13,0,7,Low,0.1,100
66e95b35,RIDER_124,7,6,1,4,Low,2.2,56
1b59bea9,RIDER_039,3,22,1,4,Low,9.5,69
4adaa3df,RIDER_063,2,7,1,2,Medium,-8.0,40
0597f416,RIDER_046,6,21,1,2,Low,8.1,87
e215e95e,RIDER_088,5,6,1,7,Medium,-3.8,55
8bf4e356,RIDER_011,9,11,1,10,Low,3.8,76
a5dc544e,RIDER_062,4,17,1,0,Medium,7.1,69
8ff10ccf,RIDER_077,3,19,1,3,High,1.2,72
58d7b71c,RIDER_052,9,12,0,8,Medium,2.8,100
207dab9a,RIDER_004,8,21,0,5,High,4.9,100
04b4a69d,RIDER_059,6,21,1,5,Low,6.2,75
b4eb8562,RIDER_072,1,24,1,9,Medium,-2.7,54
cfc9b54b,RIDER_148,1,13,1,10,Low,3.7,43
ddd34eba,RIDER_093,6,18,1,10,Medium,1.8,80
f9d64d6c,RIDER_063,3,7,0,6,Medium,4.0,81
f2446d59,RIDER_054,3,23,1,10,Medium,4.0,73
70fbb1e9,RIDER_117,6,5,1,6,Low,1.8,49
2fb2d90d,RIDER_110,3,16,1,5,Low,2.0,53
553400bc,RIDER_074,6,22,0,8,Medium,4.2,100
8aa9a1ae,RIDER_107,5,4,1,7,Medium,0.2,49
e07f4ffb,RIDER_057,4,23,1,7,Low,5.0,68
3d616dec,RIDER_003,8,1,0,1,Medium,-1.0,54
9b3a073b,RIDER_120,2,4,1,6,Low,9.9,39
76e93c28,RIDER_006,7,3,1,0,High,4.0,74
e5d352d0,RIDER_005,4,4,0,9,Medium,3.0,100
9f7d8ad3,RIDER_005,2,1,1,7,Low,-0.3,30
eddb18e1,RIDER_054,7,12,0,2,Medium,1.5,74
120cb26f,RIDER_047,1,13,1,10,Medium,3.7,47
78813afe,RIDER_009,4,2,1,8,High,7.0,61
8d3ac38c,RIDER_099,9,9,0,4,Medium,-2.6,100
7f47ba1e,RIDER_020,4,7,1,6,Medium,-3.4,51
5d63c914,RIDER_122,3,13,0,6,Medium,0.2,89
787099f5,RIDER_061,2,22,0,8,Medium,0.4,100
3dd3cdba,RIDER_123,3,2,1,1,Medium,0.2,43
36ac3289,RIDER_082,1,1,0,3,Low,3.9,46
7764f59c,RIDER_062,8,18,0,7,Medium,2.9,100
9928eadc,RIDER_145,1,7,1,4,Medium,1.1,37
d421bea6,RIDER_003,3,18,1,10,Medium,7.4,74
a09ba56c,RIDER_013,3,19,1,4,Medium,11.2,68
1beed07e,RIDER_120,2,8,1,2,Low,4.2,41
72b932f5,RIDER_125,5,23,1,4,Medium,3.8,71
b527a74f,RIDER_089,3,12,1,6,Medium,2.3,52
f92688ad,RIDER_073,3,11,1,3,Low,-2.5,34
89cdc91f,RIDER_068,8,9,1,7,Low,6.0,72
f644f9a5,RIDER_142,4,4,1,10,Medium,1.1,39
89aa359b,RIDER_101,4,7,1,5,Low,1.8,37
1ca4a050,RIDER_098,3,17,1,5,High,2.5,72
8ef3b189,RIDER_011,1,11,0,5,Low,-2.8,65
837bc3e6,RIDER_105,8,2,1,3,Low,7.3,70
471743cb,RIDER_067,1,23,1,2,Low,5.4,61
df82bbff,RIDER_123,7,18,1,9,Low,-1.3,62
a533e1b6,RIDER_029,5,22,1,5,Medium,-2.2,69
fb919ce0,RIDER_137,4,12,1,5,Low,-1.1,45
45066aba,RIDER_076,4,9,0,1,Low,-1.2,47
d9dedb4f,RIDER_009,8,11,1,9,High,-2.5,82
4b2f8e63,RIDER_040,6,5,0,8,Low,3.3,97
3847a481,RIDER_025,1,7,1,3,Low,3.2,35
281c2714,RIDER_005,8,1,1,3,Medium,-3.0,58
167cf074,RIDER_139,2,24,0,9,Medium,10.2,100
b839fe54,RIDER_124,6,5,0,10,Medium,-2.0,100
0fe71811,RIDER_038,9,6,1,7,High,-6.1,85
0f1a34d5,RIDER_072,1,13,0,2,Medium,4.6,52
427bc901,RIDER_133,6,11,1,9,Medium,1.9,61
53dff52d,RIDER_090,8,8,0,6,High,0.5,100
801f78be,RIDER_146,2,20,1,6,Medium,2.5,66
d683f2f4,RIDER_037,5,2,0,1,Low,1.8,45
bb9c6f91,RIDER_060,6,15,1,2,Medium,4.8,70
30810698,RIDER_028,5,10,1,3,Medium,1.2,48
3acba6ad,RIDER_081,3,8,0,1,Medium,0.0,51
a359d4fb,RIDER_114,4,2,1,8,Low,2.9,40
7b405c56,RIDER_040,7,21,1,9,Medium,5.2,92
811f56fc,RIDER_045,4,15,1,10,Low,1.6,55
c3ad5e5c,RIDER_062,9,6,0,5,Medium,1.8,100
9131b769,RIDER_093,2,5,1,0,Medium,7.2,46
259c81e8,RIDER_115,5,22,1,0,Medium,2.2,74
1b7c0b14,RIDER_067,8,22,0,7,Medium,-3.8,100
de815e19,RIDER_056,5,3,1,10,Medium,2.3,48
d3aff94f,RIDER_040,8,11,1,5,Medium,2.0,74
60edb4d6,RIDER_098,8,11,1,9,High,3.0,91
7f7846f1,RIDER_040,9,16,1,6,Medium,2.9,87
eb11f6ed,RIDER_091,6,3,1,5,Medium,2.1,59
278c0e94,RIDER_033,4,9,1,1,High,3.3,70
60707a3a,RIDER_006,3,3,1,2,Low,-2.8,36
868e014b,RIDER_147,5,19,0,7,Low,11.0,100
fbe14152,RIDER_080,6,11,1,3,Medium,2.3,62
131cb047,RIDER_092,3,14,0,7,Medium,-2.3,92
d8cc6d59,RIDER_097,2,2,0,2,High,-3.9,53
97ccfb0a,RIDER_059,7,7,0,1,Medium,3.9,64
87b3956a,RIDER_059,5,10,0,6,Medium,0.4,96
402d5807,RIDER_048,9,10,1,0,Medium,3.2,80
52f5b826,RIDER_013,3,20,1,10,High,10.5,85
01cdeab6,RIDER_107,8,1,0,2,Low,2.1,59
04415e05,RIDER_045,6,6,1,1,Medium,6.4,66
609453be,RIDER_089,4,21,0,4,Low,-1.9,77
474136c2,RIDER_100,9,14,1,1,Medium,3.0,85
ba808aef,RIDER_007,5,2,1,9,Medium,-1.4,47
60745f2b,RIDER_133,6,6,1,4,High,-2.6,71
ea2e83e9,RIDER_045,9,1,0,2,Medium,2.8,76
c1b0bf63,RIDER_058,7,3,0,8,Low,7.9,100
6e0ddc8d,RIDER_031,5,4,0,9,High,5.9,100
396cccb2,RIDER_023,2,13,0,8,High,12.9,100
691ef10b,RIDER_138,4,3,1,7,Low,1.8,34
a5e896e2,RIDER_107,2,15,1,4,Low,3.4,54
876dd46c,RIDER_039,3,13,0,9,Medium,4.7,100
19fe4aab,RIDER_082,3,22,1,10,Medium,2.5,65
edddbfe0,RIDER_100,4,11,1,6,High,5.5,79
8ed289da,RIDER_002,6,4,1,1,Low,-0.2,42
7fc9f769,RIDER_077,3,17,1,2,Medium,-0.8,59
ff8bebb0,RIDER_012,1,5,0,10,Medium,-0.1,100
21bc2f45,RIDER_039,1,21,1,1,Low,-2.0,40
efce3fcf,RIDER_013,9,24,0,9,Medium,-4.7,100
770b9bac,RIDER_046,9,8,0,10,Medium,1.4,100
fdb02179,RIDER_113,5,21,1,0,High,-6.9,89
ef9f781a,RIDER_017,9,24,1,2,Medium,0.4,93
bf2a1da1,RIDER_104,7,10,1,3,Medium,-6.3,57
6c4c93a5,RIDER_098,9,7,0,8,Low,8.4,100
d1288b90,RIDER_088,7,17,1,1,Low,0.4,66
432b08ab,RIDER_109,9,7,1,8,Low,-9.2,68
714c6c68,RIDER_070,2,24,1,0,Low,2.1,50
f1214de1,RIDER_074,8,19,1,8,Medium,3.1,96
92dd5da6,RIDER_063,7,9,0,5,Medium,-0.4,98
1c3d6813,RIDER_060,6,24,0,7,Low,8.5,100
458f1ab0,RIDER_079,5,2,1,2,Medium,4.4,47
057adda6,RIDER_037,4,22,1,7,Low,1.0,60
2358a4f6,RIDER_022,7,20,1,10,High,4.1,100
ddcf8a13,RIDER_148,3,19,0,8,Medium,8.2,100
7d60fbb3,RIDER_096,8,6,0,6,Medium,-2.9,99
96fda5d1,RIDER_068,2,10,1,3,Medium,-1.3,44
2273b46a,RIDER_017,1,13,1,5,Medium,2.1,50
b361881a,RIDER_012,2,2,0,5,Medium,-4.7,65
09fdcecf,RIDER_150,9,10,1,1,High,3.1,91
2db18c4f,RIDER_145,5,10,0,1,Medium,8.6,70
9e52a1ce,RIDER_138,8,5,1,10,Medium,1.5,66
a3c1287a,RIDER_118,3,22,1,4,Medium,-4.3,65
69e8d923,RIDER_022,7,4,1,0,Medium,5.2,61
b71dd521,RIDER_120,2,23,1,4,High,8.6,79
658d27ae,RIDER_050,8,2,1,9,Medium,-8.9,62
6f3f2ad9,RIDER_014,7,7,1,2,Low,4.1,58
34efc422,RIDER_029,5,18,1,2,Medium,4.6,78
c35ebda1,RIDER_125,4,17,0,7,High,3.9,100
82e9ccf2,RIDER_007,1,11,1,10,High,2.9,59
c84cbb8a,RIDER_029,5,21,0,2,Medium,2.5,76
8af0c417,RIDER_139,9,18,0,2,Low,1.0,76
556ef1e6,RIDER_033,4,8,1,0,Medium,7.9,62
f80d31bb,RIDER_134,9,12,0,7,Low,2.4,100
b0da2eac,RIDER_111,2,24,1,9,Medium,11.6,74
ad0631b8,RIDER_079,4,1,0,9,Medium,5.8,100
b045743f,RIDER_058,9,20,1,5,High,2.4,100
6a294a3c,RIDER_026,4,21,1,10,Low,-1.7,54
9e8cb768,RIDER_029,5,12,1,7,Medium,4.3,66
24c3c1ca,RIDER_004,8,6,1,2,Low,-1.3,63
ad5cf1c0,RIDER_099,1,3,1,10,Medium,-0.6,30
838b35bf,RIDER_141,1,5,1,5,Low,0.5,25
6c9bd188,RIDER_039,9,14,1,1,High,-3.1,92
1e469192,RIDER_015,9,12,1,2,Medium,9.0,90
264acc6c,RIDER_119,4,13,1,3,Medium,-2.8,53
91e13531,RIDER_029,2,13,0,8,Low,3.1,96
09cc1061,RIDER_075,9,17,1,3,Medium,-1.2,82
4ca9bc96,RIDER_116,4,24,1,6,Low,-3.7,56
6a4ead5b,RIDER_032,6,15,1,7,Low,1.1,60
2618e2ba,RIDER_130,1,6,1,4,Medium,1.4,35
09585b11,RIDER_084,9,12,1,1,Medium,8.1,89
bb4cf996,RIDER_022,5,2,1,10,Low,3.7,40
00afbcd7,RIDER_027,3,4,1,7,Medium,2.9,48
5874692f,RIDER_081,4,20,1,4,Medium,5.0,77
afce1bf8,RIDER_126,1,21,1,4,High,0.9,65
4c143b05,RIDER_092,9,12,0,6,High,-0.4,100
2bc8d59f,RIDER_021,8,3,1,5,Medium,-0.6,63
402e63bf,RIDER_047,4,17,0,2,High,-0.9,74
bdcc9366,RIDER_101,2,6,0,6,Medium,3.2,80
b88a42a7,RIDER_084,9,24,1,0,Low,-3.8,86
af736263,RIDER_006,4,17,0,3,Medium,1.1,79
e2c52470,RIDER_147,9,17,0,3,High,7.3,100
4f378cb0,RIDER_131,3,11,0,5,High,3.2,98
9bd2fcf8,RIDER_001,7,23,1,5,High,1.6,97
f9788228,RIDER_058,7,7,1,9,Medium,-0.1,61
26168400,RIDER_124,4,2,1,7,Medium,-1.4,46
482c03e2,RIDER_015,2,19,1,0,Low,7.0,56
a99721af,RIDER_064,9,2,0,6,Low,2.4,100
d2e8352e,RIDER_025,4,22,0,3,Medium,-0.0,90
8c479768,RIDER_024,8,13,1,5,Medium,0.8,69
7c364f84,RIDER_012,2,24,0,9,Medium,-1.5,100
5c83d293,RIDER_018,8,24,0,8,Medium,2.4,100
6b81b117,RIDER_015,5,16,1,2,Medium,2.4,70
a1f4f377,RIDER_027,7,17,1,7,High,4.4,96
1bcbade0,RIDER_072,7,11,1,2,Low,-4.1,62
9532f632,RIDER_060,9,9,0,5,Medium,2.5,100
a7587d11,RIDER_145,3,24,0,1,Medium,4.2,70
027d321b,RIDER_093,4,9,1,8,Low,1.4,49
62d342c3,RIDER_053,4,14,1,1,Medium,7.4,70
76bb12d3,RIDER_008,5,13,0,4,Low,4.6,76
997d58a7,RIDER_079,6,11,0,5,Medium,6.3,100
c3906d96,RIDER_027,3,12,1,3,Medium,-2.3,51
613fe7a4,RIDER_050,4,22,1,6,High,-5.3,80
ee9e79fd,RIDER_131,3,3,0,6,Medium,3.1,83
1e995a66,RIDER_093,2,1,1,6,Medium,-6.1,31
3b84d6cc,RIDER_024,9,8,1,10,High,-0.4,77
3da8f24f,RIDER_060,1,19,0,6,High,1.9,100
11658233,RIDER_122,2,13,1,9,Medium,5.0,56
0c812d54,RIDER_131,8,7,0,10,Low,2.4,100
7c09def7,RIDER_148,7,13,1,9,Low,7.8,75
367b0d95,RIDER_046,1,6,1,8,Medium,-0.8,32
501bb912,RIDER_015,5,3,1,1,Medium,-1.6,48
30228d82,RIDER_017,6,6,1,4,Low,11.1,67
e1a92e65,RIDER_126,5,3,1,9,Medium,1.4,50
f203e7ea,RIDER_084,4,13,0,8,Low,2.5,100
71f3766f,RIDER_009,1,13,1,10,High,-0.3,57
934d154f,RIDER_063,7,13,0,10,High,-1.5,100
1dcae97b,RIDER_117,9,1,1,1,Medium,1.4,63
9e1be35d,RIDER_130,6,8,1,2,Low,6.2,60
7be134b7,RIDER_088,3,5,1,6,Medium,1.1,42
0aaccdbd,RIDER_072,4,20,0,8,Low,-8.0,100
fbfa285e,RIDER_139,5,17,1,2,Medium,-2.4,73
081f2b7a,RIDER_064,1,9,1,9,Medium,9.5,49
de2e8155,RIDER_072,5,13,0,7,Low,-8.1,99
d6096bba,RIDER_021,1,13,1,10,Medium,-0.9,42
78c4c896,RIDER_018,9,5,1,7,Low,3.8,72
e8750440,RIDER_064,7,14,1,3,Medium,3.9,82
e9c3e7ff,RIDER_082,3,11,1,10,Low,3.9,49
c8d86060,RIDER_110,9,14,1,5,Medium,5.6,91
87297d93,RIDER_095,2,7,0,10,Medium,1.1,100
be12f273,RIDER_032,7,24,0,7,High,-2.1,100
84d440d4,RIDER_011,9,17,0,8,Medium,1.1,100
df1bfbe9,RIDER_045,6,4,1,1,Medium,6.8,62
5d283074,RIDER_033,5,10,1,0,High,-4.6,67
8238e3cb,RIDER_102,7,10,1,4,Medium,0.2,66
ac623902,RIDER_136,6,15,1,9,Medium,2.1,79
a3106842,RIDER_011,5,20,1,2,Low,-0.6,60
18ba4566,RIDER_088,2,12,0,10,High,-0.1,100
31bc2c72,RIDER_041,8,9,1,5,Medium,3.6,72
ef552380,RIDER_145,7,3,1,10,Low,2.5,46
da97f504,RIDER_076,6,15,1,0,Low,5.8,71
3e9564df,RIDER_121,5,12,1,10,Medium,4.2,69
44202521,RIDER_046,5,15,1,3,Low,6.1,52
3d7be474,RIDER_080,9,1,1,5,Medium,-0.6,70
af0c9eae,RIDER_054,1,15,0,1,Low,12.4,55
d2c8d8f4,RIDER_086,9,11,1,10,Medium,-4.7,74
e05fd9b6,RIDER_092,6,5,1,10,Low,5.2,49
e232f33a,RIDER_148,4,7,0,7,Medium,-2.1,89
74cf50ad,RIDER_097,7,12,1,3,Low,-4.6,62
8b3c16c8,RIDER_002,9,20,1,1,Medium,8.7,100
b954680c,RIDER_033,5,6,1,0,High,0.5,61
9c47657b,RIDER_077,5,22,1,7,High,-3.1,76
fb224eab,RIDER_116,8,3,1,9,Low,0.4,54
58c35de8,RIDER_150,7,10,1,0,Medium,-0.7,62
26211f33,RIDER_103,8,21,1,6,Medium,1.4,86
78fe6a08,RIDER_103,2,22,0,6,High,0.7,100
8b826f29,RIDER_090,9,4,1,5,Medium,-3.4,64
04a512ea,RIDER_122,3,13,1,7,Low,2.3,49
d843b8fa,RIDER_143,6,19,0,9,Low,1.9,100
f3209a16,RIDER_106,6,5,1,0,Medium,8.5,69
bc679432,RIDER_119,2,23,1,0,Low,7.8,65
4bba43cf,RIDER_049,7,22,1,0,High,2.0,92
016868cc,RIDER_104,9,18,1,5,High,3.8,100
823e1c36,RIDER_061,1,1,1,6,Medium,-2.2,30
633cd293,RIDER_123,8,21,1,9,Low,4.6,79
76343979,RIDER_134,2,21,1,8,Medium,12.9,83
c7146a88,RIDER_009,1,16,0,9,Medium,-2.6,96
9df806c8,RIDER_006,8,16,0,4,Medium,-0.4,100
f5dea0f6,RIDER_073,2,16,1,0,Low,3.0,42
d9350972,RIDER_103,6,22,1,8,Medium,2.7,80
b15fe9d5,RIDER_041,6,19,1,4,Low,2.5,73
c0a1d72c,RIDER_114,5,16,1,5,Medium,-0.7,59
25bf62d7,RIDER_008,8,1,0,8,High,-3.6,100
7ed6e38c,RIDER_072,3,20,0,1,High,-1.4,64
3ed246ea,RIDER_092,4,20,1,2,Medium,5.3,71
bbeef4dd,RIDER_062,7,10,1,6,High,10.1,99
abb94f28,RIDER_084,7,2,1,2,Low,4.1,54
3bafa127,RIDER_062,8,14,1,1,Medium,0.7,80
5f89b56c,RIDER_111,2,8,0,6,Medium,5.3,91
f12eaaa8,RIDER_127,2,6,0,7,Medium,-3.4,79
f53bd51d,RIDER_007,4,3,1,8,Medium,1.9,41
509441b8,RIDER_084,9,16,1,1,High,-0.4,97
0eaf0de9,RIDER_132,9,17,1,1,Medium,0.9,86
949ae97d,RIDER_134,4,12,0,10,Medium,-0.3,100
314d25b9,RIDER_058,9,19,0,6,Medium,-2.4,100
db161171,RIDER_022,3,24,1,3,Low,8.8,71
72a812b6,RIDER_127,5,20,0,4,Low,-0.5,84
c535bc79,RIDER_003,9,3,1,0,High,-0.5,82
c76c4df6,RIDER_127,6,13,1,5,Medium,1.8,68
e02fac70,RIDER_041,3,16,0,9,High,2.8,100
f8459190,RIDER_106,9,11,1,7,Low,8.5,79
9d05f6b8,RIDER_014,6,20,0,10,High,2.7,100
2cf7bfcc,RIDER_012,4,16,1,0,High,4.2,78
5b63f9ca,RIDER_087,4,20,1,1,Medium,-5.4,57
9cc1661d,RIDER_012,8,2,1,6,Medium,3.2,73
6e145a93,RIDER_141,7,4,1,1,Medium,-1.0,50
ed2ccf1c,RIDER_025,1,4,1,8,Low,-1.0,29
3f84fb59,RIDER_045,6,17,1,5,Medium,-2.8,66
2d67cd71,RIDER_122,8,1,1,4,Low,0.7,50
dfcbad2a,RIDER_147,3,1,1,6,High,3.5,62
0c212e40,RIDER_055,9,5,0,9,High,3.7,100
28a0e1b7,RIDER_100,2,22,1,7,Medium,2.8,62
066f704b,RIDER_136,6,12,0,8,Low,-0.5,100
3fb57318,RIDER_119,1,6,1,5,Low,-0.9,24
decd36f0,RIDER_053,2,6,1,4,High,0.3,53
d6d0d4d5,RIDER_032,5,17,1,6,High,2.4,86
d11bb15a,RIDER_051,1,22,1,1,Medium,-4.3,53
eab1a28c,RIDER_044,8,13,1,7,Medium,1.0,81
afbca4f2,RIDER_082,1,8,1,3,Medium,0.5,37
b9890994,RIDER_146,9,24,1,0,High,3.4,100
b11c5996,RIDER_150,3,12,0,2,Medium,13.3,72
4443a925,RIDER_037,2,15,1,8,Low,2.0,49
2f79ffc3,RIDER_096,1,19,0,3,Medium,2.0,69
c9ff17a8,RIDER_056,9,21,1,9,Low,4.6,86
0cf87523,RIDER_105,4,20,0,9,Medium,1.2,100
da719df0,RIDER_059,1,17,1,10,Medium,3.7,51
52f373c4,RIDER_131,1,9,0,2,High,7.2,58
647decc3,RIDER_035,7,21,1,3,Medium,0.8,81
4e0d3228,RIDER_093,2,18,1,2,Low,8.1,50
814ed940,RIDER_097,7,2,1,2,Medium,2.8,60
c18fae62,RIDER_135,7,11,1,1,High,5.2,90
f425b429,RIDER_076,9,23,0,5,Medium,6.1,100
fbb73199,RIDER_049,7,20,0,9,Low,7.3,100
48551775,RIDER_094,1,17,0,5,Low,6.5,84
36399119,RIDER_024,8,21,1,9,Low,7.6,90
c5059e32,RIDER_148,8,18,0,3,Low,2.7,92
f0f0a56a,RIDER_037,4,15,1,7,Low,-0.8,47
83a560d6,RIDER_004,8,7,1,5,Low,2.4,66
2c3b0608,RIDER_108,4,16,0,7,High,-2.3,100
9dfba479,RIDER_126,8,1,1,5,Medium,0.7,54
c3af9837,RIDER_020,5,18,1,8,Medium,-0.4,65
7a8cdb17,RIDER_050,4,22,1,2,Low,-4.0,59
492ac34c,RIDER_096,6,8,1,2,High,5.7,77
fced2809,RIDER_105,2,7,1,1,Medium,7.3,43
0a449185,RIDER_117,2,2,1,9,High,-0.9,50
9b4c4597,RIDER_098,2,12,0,5,Medium,4.6,83
2905fba9,RIDER_066,9,16,0,6,Low,12.6,100
56a018bf,RIDER_079,3,9,0,6,High,6.8,97
902fbdf4,RIDER_006,4,20,1,4,Medium,-2.1,68
8cda23cc,RIDER_039,8,11,0,5,Medium,5.6,100
66a1f1bc,RIDER_115,4,15,0,6,Medium,1.3,96
0d8ab26b,RIDER_125,7,3,1,10,Medium,5.5,69
00c5a34b,RIDER_012,5,23,1,1,Medium,11.3,92
381aa1d2,RIDER_131,9,21,1,9,Medium,1.7,91
68da3787,RIDER_018,4,13,1,6,Medium,7.6,67
4d58a754,RIDER_040,3,21,1,0,Medium,-1.0,59
ad1a0abc,RIDER_021,2,13,1,5,High,0.1,61
33f94dfa,RIDER_143,1,2,1,7,Medium,-5.9,22
a8d611a9,RIDER_099,6,6,1,0,Low,8.5,60
1cf1f08c,RIDER_026,2,6,1,0,Medium,-4.6,33
3092e204,RIDER_008,8,12,0,5,Low,-2.5,98
11570612,RIDER_100,6,4,0,4,Low,2.9,80
7670469d,RIDER_087,5,5,1,2,Low,10.2,58
ff1b38db,RIDER_042,2,23,1,9,Low,-5.6,50
348fa39c,RIDER_014,7,8,1,9,Low,3.5,55
c55cc5d0,RIDER_078,2,6,1,6,Low,-3.7,32
d8b3d7f0,RIDER_002,5,21,1,6,Medium,8.7,87
42bbc21b,RIDER_119,2,3,0,6,Low,2.7,70
07ea5935,RIDER_037,2,23,1,5,Low,8.2,61
e2852eb1,RIDER_069,7,8,0,3,High,-1.1,91
be59113a,RIDER_041,9,19,0,8,High,0.2,100
f366da30,RIDER_062,5,21,1,8,Medium,-1.7,78
b5082d6f,RIDER_060,7,11,1,6,High,7.8,91
e5896bc1,RIDER_125,4,18,1,6,Medium,7.7,73
9f94b703,RIDER_111,2,10,1,7,Low,-0.6,36
ff0b34af,RIDER_014,3,20,1,10,Medium,5.9,72
1129c243,RIDER_084,2,12,0,4,High,1.6,90
90046858,RIDER_130,5,20,0,10,Medium,-5.8,100
bcbf1a25,RIDER_070,6,8,0,8,Low,4.0,100
a58113d6,RIDER_145,7,19,1,5,Low,5.4,86
9fdea471,RIDER_123,3,21,1,6,Low,6.4,65
32e21712,RIDER_089,4,16,1,6,Medium,2.3,63
f29c2c59,RIDER_028,8,21,1,8,Medium,0.6,90
f0e19204,RIDER_066,4,18,1,6,Medium,0.0,72
b4b64f25,RIDER_005,7,9,1,2,Medium,5.6,71
2b431bc3,RIDER_045,6,4,1,5,Medium,3.7,59
da1ccc53,RIDER_047,7,9,0,5,Medium,-0.5,98
4a372e33,RIDER_031,1,2,0,10,Low,3.1,88
bba242fb,RIDER_139,3,9,1,6,Medium,4.9,58
34ff8cd1,RIDER_010,6,9,0,5,High,5.0,100
162485b9,RIDER_118,3,18,1,3,Medium,2.0,59
2a11d7f0,RIDER_014,7,11,1,5,Medium,7.0,80
27d65ab3,RIDER_080,9,13,0,2,Low,-1.2,78
4251ce20,RIDER_093,3,6,1,0,Low,2.2,34
b39cbfce,RIDER_010,1,9,1,0,Medium,5.7,42
cfa2c68a,RIDER_076,6,16,0,4,Medium,3.2,100
61468cbd,RIDER_094,1,4,0,10,Low,2.3,86
55c49d72,RIDER_105,1,2,0,7,Low,-1.0,64
57ebb400,RIDER_001,8,7,1,2,Medium,-3.2,66
ca2027ed,RIDER_133,9,15,1,1,Low,-0.7,77
9e4a72da,RIDER_020,2,6,1,7,High,6.7,55
79f70d1f,RIDER_008,9,11,1,8,Low,-0.6,67
668858d2,RIDER_001,5,20,1,8,High,2.0,81
f84ca860,RIDER_057,8,17,0,1,Medium,10.0,90
e727778a,RIDER_064,7,4,1,7,Medium,6.1,69
8c96dfe7,RIDER_118,7,19,0,1,Medium,1.4,81
25c6dfdc,RIDER_028,4,7,0,6,Medium,1.0,89
c6c9f8f1,RIDER_121,2,11,1,7,Medium,7.8,58
08aeb78e,RIDER_107,5,13,1,0,Low,0.6,49
f7a42edb,RIDER_049,3,21,1,7,Low,2.0,58
9b7d4e83,RIDER_120,9,3,1,2,Medium,1.2,71
2d9f099c,RIDER_044,6,14,1,0,Low,8.6,74
96d974d3,RIDER_056,1,2,1,6,Low,2.0,16
d5e7c498,RIDER_111,3,18,0,9,High,0.7,100
92eb1fb2,RIDER_134,4,5,1,2,High,4.8,68
f9096159,RIDER_108,9,13,0,7,High,9.8,100
e5a23de6,RIDER_148,6,13,0,8,Medium,-2.9,100
d031f86c,RIDER_114,4,24,1,1,Low,3.4,68
0cc72c60,RIDER_078,1,24,1,0,Low,-1.3,46
6f324a4b,RIDER_130,8,14,0,7,High,7.7,100
91283c37,RIDER_037,2,12,0,9,High,-2.5,100
f256b26c,RIDER_020,8,21,1,5,Medium,5.2,84
dfb64577,RIDER_026,6,13,1,9,Medium,-0.9,64
1c29f4d3,RIDER_029,8,18,1,0,High,8.6,100
e83c7dbf,RIDER_001,6,13,1,2,Medium,11.7,80
9f779e9e,RIDER_119,5,4,1,8,High,6.9,73
42b932ac,RIDER_035,5,23,1,8,Low,1.8,62
2230ea46,RIDER_059,8,22,0,5,Medium,-2.8,100
f929f6db,RIDER_069,7,10,1,2,Medium,2.8,77
900d08aa,RIDER_012,8,23,1,7,Medium,3.0,88
cfb2dee1,RIDER_020,8,5,1,5,High,11.3,91
656f3992,RIDER_043,7,18,1,0,High,2.5,88
f2121a8e,RIDER_126,2,8,1,5,Low,-0.8,37
81579d86,RIDER_050,9,14,0,4,Low,2.8,100
e73871a4,RIDER_029,7,2,1,7,Medium,0.5,53
833ae4c6,RIDER_039,6,8,1,1,Low,1.6,54
377fa8c0,RIDER_038,9,16,1,6,Low,10.7,94
84e4eb97,RIDER_084,1,7,0,5,Medium,-1.4,70
fb86a474,RIDER_128,2,3,1,0,Medium,5.8,47
b227817f,RIDER_126,1,4,1,7,High,0.7,51
a16be3a1,RIDER_045,3,7,0,5,Medium,1.9,75
6edbb9f6,RIDER_052,5,4,0,2,Medium,1.9,55
6b549a22,RIDER_080,1,9,1,4,Low,-1.9,27
329b92e1,RIDER_124,4,23,0,6,Medium,4.4,100
f5e08cbe,RIDER_119,8,17,1,8,Medium,-7.0,80
3661f967,RIDER_008,6,17,1,3,Low,0.8,59
3c1dfee4,RIDER_085,1,20,1,1,Low,3.2,47
8441c8e5,RIDER_129,1,14,1,2,Low,4.3,47
91e9b798,RIDER_008,3,14,1,6,Medium,4.1,62
89917af0,RIDER_096,8,13,1,7,Low,-2.5,61
c1358b95,RIDER_102,8,4,1,4,Low,0.3,50
aa344706,RIDER_005,3,13,1,2,Low,2.6,47
1c3d87c9,RIDER_086,7,21,1,0,High,-1.0,89
d7e1b96f,RIDER_034,3,17,1,9,Low,2.7,55
9415972c,RIDER_055,4,15,1,0,Low,4.2,53
86bb6b55,RIDER_119,9,18,1,10,Low,-0.2,78
ab1385ab,RIDER_114,4,11,0,1,Medium,4.6,62
6c2345d2,RIDER_145,3,4,1,4,Medium,1.0,42
ce3f8a00,RIDER_026,5,20,1,2,Medium,-1.3,69
a9125864,RIDER_136,7,11,1,6,Medium,7.3,86
cf62602b,RIDER_047,5,10,0,1,High,0.1,69
3e200a99,RIDER_113,4,22,1,1,Medium,-3.7,70
9166ef56,RIDER_076,8,13,1,2,Medium,-0.0,70
0a604374,RIDER_072,4,22,1,0,Low,3.0,61
3cc95fda,RIDER_089,2,8,0,1,Medium,3.3,43
2e660340,RIDER_046,6,13,1,4,Medium,-2.4,69
3d25f9c1,RIDER_033,2,9,1,2,High,4.5,63
62c92a7a,RIDER_001,3,1,1,10,High,1.8,55
cec4fa39,RIDER_147,1,1,1,9,Medium,-3.8,28
16eb8be6,RIDER_031,5,15,1,5,Low,-4.7,49
7b4cd665,RIDER_142,9,22,0,1,Low,2.8,88
f855eaba,RIDER_053,2,4,1,7,High,0.7,51
19bce523,RIDER_048,7,20,1,3,Medium,-1.5,82
d3209a5c,RIDER_069,5,1,1,2,Medium,-0.5,48
e0484cd3,RIDER_105,2,12,1,4,Medium,1.6,49
1342c652,RIDER_090,8,11,1,7,Medium,1.5,76
87499d6e,RIDER_063,6,19,1,8,Medium,1.5,78
7759b202,RIDER_073,4,15,1,0,Low,1.4,56
8be1b722,RIDER_089,4,21,1,3,Medium,9.9,79
0047c4fb,RIDER_013,2,10,1,5,Low,-0.0,30
d87ce7f8,RIDER_073,3,1,0,5,Medium,4.9,80
feeca158,RIDER_077,7,24,1,8,Medium,4.4,89
e2cab281,RIDER_068,3,3,1,0,Medium,-0.3,39
ea187fa0,RIDER_098,5,14,1,4,High,-4.8,78
22d1e5fc,RIDER_125,6,15,1,9,Medium,0.3,67
1ff92eaf,RIDER_102,6,1,1,0,Medium,-4.6,52
06e0e6ed,RIDER_132,4,10,1,5,Low,-5.2,50
a73dfb08,RIDER_102,6,22,1,8,Low,-0.0,70
8f54bbda,RIDER_019,3,1,0,3,High,2.3,69
594bc83d,RIDER_082,7,15,0,9,Medium,1.1,100
65e36a87,RIDER_141,7,3,1,9,Medium,-4.5,58
8bcbc803,RIDER_023,4,21,0,8,Low,-2.9,100
f8f5a6a7,RIDER_083,2,20,1,2,Medium,2.6,61
a5eaeaf5,RIDER_109,7,23,0,10,Medium,4.5,100
c3fed4c4,RIDER_075,3,22,1,6,Medium,-1.3,64
3b6d98ba,RIDER_129,1,12,0,4,Low,1.9,76
eda3433d,RIDER_088,2,19,1,9,Low,2.8,52
7e32f76e,RIDER_054,9,16,1,0,Low,8.9,85
f1749baf,RIDER_089,8,8,0,6,Medium,8.3,100
950a7003,RIDER_143,6,24,1,7,Low,4.4,74
d118a5f6,RIDER_065,6,14,1,5,Low,-6.2,64
9fb7114d,RIDER_076,1,18,1,0,Medium,7.9,60
d44c089f,RIDER_143,2,23,1,8,Medium,3.9,67
724d2a72,RIDER_149,4,1,1,6,Low,-0.6,31
d21bf1e3,RIDER_147,3,2,1,5,Medium,9.9,55
41fbf709,RIDER_060,1,24,0,3,Low,0.7,70
197a2a1d,RIDER_093,8,12,1,2,Medium,10.6,93
eca3f101,RIDER_049,7,17,1,3,High,-2.5,85
4aada7fc,RIDER_035,4,2,1,0,High,0.3,61
a75c3027,RIDER_102,9,17,1,8,Medium,-6.2,85
3307c32d,RIDER_011,4,21,1,1,Medium,0.1,57
add95c27,RIDER_099,1,7,1,1,Medium,6.8,47
a21cef87,RIDER_110,1,6,0,2,High,-0.2,37
cb48552a,RIDER_074,1,6,1,0,High,-1.3,41
a5b715ac,RIDER_009,1,22,1,9,Medium,7.0,63
14eee70a,RIDER_003,4,8,0,2,Medium,2.6,47
139443d8,RIDER_085,1,5,1,3,Low,2.5,26
72ae445d,RIDER_026,2,15,0,8,Medium,-2.4,100
0f8429a4,RIDER_072,4,7,1,4,Medium,-2.0,48
8421466c,RIDER_048,7,3,0,10,High,1.0,100
05445f12,RIDER_117,2,10,1,5,High,-5.7,56
ee3832fa,RIDER_012,8,3,1,0,Medium,5.2,75
22eb039d,RIDER_133,7,14,1,2,High,4.4,89
a4cf1942,RIDER_048,9,22,1,6,High,3.7,100
8ebfbdb0,RIDER_037,6,3,0,6,High,-3.3,100
043e84cf,RIDER_044,4,1,1,9,Medium,4.8,45
1fb00596,RIDER_015,6,1,1,0,Medium,-1.4,55
9fd01586,RIDER_043,4,19,1,8,Medium,7.0,79
b6b3d85c,RIDER_087,7,4,1,0,Low,0.8,60
f25dc53d,RIDER_070,9,2,0,6,Medium,2.3,100
a098a120,RIDER_046,3,11,1,1,Low,4.5,44
5e7c2ab0,RIDER_108,3,24,0,8,High,3.2,100
c6fc3e15,RIDER_123,2,12,1,8,Medium,-10.8,40
72a63647,RIDER_021,1,13,1,8,High,-4.9,59
d055fe73,RIDER_107,1,16,0,3,Medium,-1.1,66
6f84ac9d,RIDER_080,3,16,1,5,Low,3.6,51
e9a81a88,RIDER_047,7,19,1,1,Low,8.9,81
8fd81afa,RIDER_117,9,23,0,2,Medium,0.8,91
64c24128,RIDER_124,2,20,1,5,High,5.2,80
b52ab327,RIDER_143,7,21,1,0,Medium,4.7,79
88a98dce,RIDER_025,1,20,0,6,Medium,-3.4,92
0acba0e5,RIDER_036,2,9,0,1,Medium,2.0,49
7663d15f,RIDER_051,6,16,1,7,High,-0.4,76
dce96f06,RIDER_015,5,7,1,4,Low,-1.7,52
0ab76c24,RIDER_068,8,13,0,6,High,8.8,100
b620329b,RIDER_021,2,4,1,7,Medium,3.5,39
ce77568f,RIDER_141,1,13,1,2,High,-1.3,56
de1c21b7,RIDER_019,7,8,0,5,Medium,-0.4,92
792d99a2,RIDER_034,6,2,1,8,Low,2.5,46
2f49e800,RIDER_078,8,7,1,3,Medium,3.5,66
e3026038,RIDER_125,8,11,0,9,Low,-5.8,100
78d1b4f8,RIDER_117,2,17,0,6,High,7.3,100
d0c9cb19,RIDER_052,8,24,1,0,Medium,2.8,88
08766c36,RIDER_027,6,14,1,6,Low,-1.7,60
0ffa2a10,RIDER_035,9,13,1,8,Low,11.7,89
1dcf8109,RIDER_136,7,15,0,9,High,3.7,100
540d48bd,RIDER_144,2,22,1,7,High,8.2,76
c76c6a6b,RIDER_106,8,21,0,3,Medium,7.0,100
8b41145b,RIDER_146,9,9,1,2,Medium,10.1,92
944fc677,RIDER_002,7,3,0,6,High,6.2,100
d2b4ef62,RIDER_077,4,13,1,0,Low,5.8,61
5a17b5ce,RIDER_132,9,13,1,7,Low,5.1,80
ab05d460,RIDER_090,4,9,1,0,Medium,7.8,62
ec608f20,RIDER_089,4,18,0,6,High,-0.3,100
d785692a,RIDER_094,9,5,1,5,Medium,3.7,77
d0bb7efb,RIDER_007,8,11,1,9,Low,-0.2,60
ad3b9909,RIDER_095,4,2,1,7,Medium,5.7,53
36a09fa0,RIDER_108,8,17,1,5,Medium,0.8,73
2b8f4565,RIDER_074,8,23,0,4,Medium,1.1,100
b0d13ac0,RIDER_039,7,20,1,8,High,-5.6,91
50ef2980,RIDER_141,6,21,1,3,Medium,10.0,86
cb173868,RIDER_071,8,4,1,6,Low,-3.0,55
cf48ff6d,RIDER_056,7,22,0,5,High,3.7,100
b87ea2ca,RIDER_042,5,18,0,9,Low,4.5,100
252a4ad4,RIDER_036,4,24,1,5,High,7.6,92
f1b7250c,RIDER_084,2,20,1,10,Medium,0.0,57
3f096e48,RIDER_118,8,8,1,4,Medium,-3.4,70
be6b6f04,RIDER_007,9,19,0,1,High,5.8,100
09d618db,RIDER_054,4,12,1,3,Medium,6.7,71
a50f118f,RIDER_129,4,11,1,0,Medium,3.5,59
2fe1a8a0,RIDER_120,5,16,1,8,High,2.2,71
aedc8e28,RIDER_106,2,5,0,8,Low,1.9,84
06c28b2b,RIDER_047,7,3,1,7,Low,-2.4,58
33b8d587,RIDER_123,5,12,0,3,Medium,-7.0,77
4dfe72d7,RIDER_141,6,15,1,4,Low,8.6,74
228e8ebc,RIDER_119,4,16,1,0,Low,2.0,52
a1e01992,RIDER_150,8,13,0,3,High,5.3,100
73d647a4,RIDER_118,8,7,1,3,Medium,0.6,72
5b8c37e8,RIDER_021,5,15,1,4,High,0.6,79
18c556aa,RIDER_137,6,3,0,1,High,0.1,67
dd154cf1,RIDER_026,3,12,1,1,Low,1.2,45
ac580e33,RIDER_009,1,8,1,1,High,6.5,58
976b0df1,RIDER_015,9,12,1,10,High,2.5,94
56b39bab,RIDER_010,9,18,1,7,Low,8.7,94
6630f783,RIDER_122,3,3,0,1,High,-2.5,52
6598f3ad,RIDER_121,4,12,1,5,Medium,1.3,58
fc482699,RIDER_125,7,23,1,1,High,1.8,92
822450e0,RIDER_072,2,21,1,7,High,4.9,73
91f52d6c,RIDER_049,3,23,1,0,Medium,-0.8,69
c4ae1f0d,RIDER_091,6,2,0,1,Medium,6.6,65
771e7c5a,RIDER_037,8,14,0,4,Low,4.5,100
aae78a13,RIDER_068,1,14,1,5,Medium,8.4,61
bd86e991,RIDER_050,4,4,1,8,Low,-0.0,39
64daa267,RIDER_019,1,17,0,5,High,-4.7,93
275fb57f,RIDER_100,2,15,1,7,Medium,5.9,57
98be65c9,RIDER_060,8,16,1,6,High,6.4,100
bd6b5af2,RIDER_089,6,5,1,0,Medium,-7.3,51
5174549d,RIDER_146,9,24,1,1,Low,4.3,87
09567122,RIDER_147,2,17,0,3,Medium,3.2,73
ddd3bc33,RIDER_069,3,23,1,0,Medium,-0.2,70
24ce8644,RIDER_049,9,7,0,7,Low,8.2,100
76ac44c0,RIDER_108,9,23,1,3,Medium,0.3,92
8a40a7d0,RIDER_119,6,15,1,6,High,8.8,90
11d77c9b,RIDER_149,3,17,0,6,Medium,5.8,100
28a3f3b7,RIDER_150,5,12,0,7,Low,4.9,100
af78d12f,RIDER_037,2,11,0,8,High,3.9,100
b7fa4e5f,RIDER_143,7,19,1,8,Medium,4.9,81
d64c61f3,RIDER_011,8,11,0,6,Low,-0.4,96
cbfcc5f1,RIDER_138,6,2,1,8,High,-2.8,65
744a40a7,RIDER_078,8,15,1,4,Low,8.8,86
7d840efd,RIDER_077,2,5,1,9,Low,-0.3,28
3a0e8764,RIDER_002,3,18,1,3,Medium,1.2,61
cd75feeb,RIDER_064,7,21,0,2,Low,-3.4,70
cb5c6def,RIDER_035,1,21,0,5,Low,4.5,87
4b2a8005,RIDER_007,7,16,1,9,Medium,-2.2,73
a24c5dbf,RIDER_085,6,4,1,10,High,3.7,78
6b4ecdfe,RIDER_146,8,23,0,8,Medium,0.7,100
6c5fa64f,RIDER_067,7,10,1,3,Low,2.9,69
6539189a,RIDER_042,4,22,1,1,High,8.8,87
e488fe00,RIDER_118,3,2,1,10,High,-2.5,51
554f07fa,RIDER_125,3,15,1,2,Low,-0.1,44
888ad55e,RIDER_024,4,4,0,2,Medium,-1.1,47
ea79cd1c,RIDER_046,9,16,1,1,Medium,4.0,83
85f0a77b,RIDER_019,9,7,1,8,Medium,3.7,73
c3980426,RIDER_068,2,12,0,3,High,1.1,76
956cafc5,RIDER_102,5,3,1,2,High,6.7,68
f628f901,RIDER_042,1,17,0,9,Medium,2.1,100
5d3672c7,RIDER_032,4,9,1,5,Low,-0.4,36
9593d081,RIDER_109,2,8,0,7,Medium,7.3,99
83bacdc1,RIDER_036,8,23,1,10,Medium,1.0,90
6a9d0a58,RIDER_097,4,6,1,7,Medium,1.3,41
ffc863f0,RIDER_131,5,15,1,9,High,1.7,81
d46cd75a,RIDER_073,4,10,1,5,Low,2.9,45
8de672e2,RIDER_136,5,23,0,4,Medium,6.7,100
938d0903,RIDER_097,5,6,1,10,Low,5.6,52
11a154ad,RIDER_123,5,15,1,6,High,4.5,80
5a903053,RIDER_070,3,14,1,2,High,-1.9,61
87a0ac80,RIDER_013,7,19,0,9,High,1.9,100
4bddce63,RIDER_049,3,13,0,1,Medium,1.4,53
fb45077b,RIDER_060,2,14,1,7,Low,4.2,45
404c2fb5,RIDER_130,3,3,1,10,Medium,1.2,39
3c5e51b1,RIDER_005,3,4,1,8,Medium,7.8,51
5a0d03a4,RIDER_027,8,14,1,5,Low,4.6,76
247be652,RIDER_149,4,14,1,3,High,4.4,76
673088ac,RIDER_008,3,8,1,5,High,-1.9,51
daf35d06,RIDER_050,5,10,0,6,Low,-0.9,88
318916ba,RIDER_067,4,9,0,7,Medium,-0.1,100
a0f58171,RIDER_044,9,14,1,2,Medium,2.0,84
d1ac25a5,RIDER_125,8,8,1,5,Low,6.8,76
33eea565,RIDER_058,7,11,0,9,Low,-1.0,100
f594dd22,RIDER_003,8,10,1,5,Medium,-4.5,69
eaeccc4b,RIDER_086,5,18,1,9,High,7.7,98
96d357b5,RIDER_070,4,4,0,6,High,0.2,99
7242f72c,RIDER_130,7,4,1,3,Low,1.7,48
92c7c759,RIDER_002,1,12,1,5,High,6.0,64
71883ec5,RIDER_102,6,18,1,1,Medium,6.7,80
bbb8bd67,RIDER_035,8,8,1,7,Low,-1.7,63
fcfc5605,RIDER_098,7,3,1,2,Medium,3.1,61
d9c639e3,RIDER_030,2,18,1,8,High,7.6,80
cbba635d,RIDER_116,7,7,1,7,Low,2.2,57
73d7c17d,RIDER_008,6,1,0,5,Low,6.4,86
36a17b8f,RIDER_150,5,22,1,9,Medium,2.7,81
e2ee0f43,RIDER_044,4,13,1,1,Low,6.4,58
e7267c47,RIDER_036,1,3,1,7,High,7.3,49
52f2174b,RIDER_077,2,3,1,10,Medium,8.9,45
5353eb83,RIDER_031,7,15,0,5,High,3.9,100
ccb38681,RIDER_047,3,21,1,10,Low,0.4,45
34f7fde9,RIDER_055,5,19,1,0,High,3.1,81
270ab6fe,RIDER_106,8,4,1,5,Medium,3.3,80
27c70219,RIDER_121,8,13,1,4,Low,2.0,68
d3c1953d,RIDER_055,6,13,1,5,High,4.9,86
75a70946,RIDER_144,5,15,1,0,Medium,4.3,66
d4bd5cb9,RIDER_012,2,19,1,3,Low,3.1,53
f7986195,RIDER_145,9,16,0,6,Low,10.8,100
4bdd09fb,RIDER_144,1,7,0,4,Low,-1.3,52
a39dfc20,RIDER_140,2,3,0,5,High,3.5,85
cc17b88f,RIDER_136,1,20,0,1,High,2.0,61
3b848176,RIDER_003,4,2,0,7,Medium,-5.4,86
2c6c851f,RIDER_144,4,18,0,9,Medium,-0.5,100
b3adcc1c,RIDER_030,5,11,1,3,Low,-3.7,58
e55664b7,RIDER_023,5,1,1,5,Medium,5.3,48
180c4b45,RIDER_092,8,16,0,2,Low,-3.0,72
a9bb910c,RIDER_115,3,17,1,8,Medium,-3.5,60
98b9ca1d,RIDER_104,6,16,1,7,Medium,1.2,69
22a0d065,RIDER_118,3,10,1,5,High,0.6,64
c3802a6b,RIDER_005,2,17,1,8,Medium,0.4,57
006157b1,RIDER_104,8,3,1,9,High,-2.4,82
d00ef6be,RIDER_108,1,18,1,8,High,5.6,76
ae447e88,RIDER_065,9,19,1,1,Medium,1.3,79
03686917,RIDER_121,7,14,0,8,Low,5.9,100
8f7b934c,RIDER_030,4,21,0,7,Medium,-1.9,100
317f030d,RIDER_149,3,2,0,1,Low,-0.6,31
d4936445,RIDER_084,6,12,0,8,Medium,-1.5,100
9dbc86b8,RIDER_150,9,11,1,4,Medium,1.9,80
4edeab87,RIDER_032,9,17,1,8,High,-0.7,97
ce176564,RIDER_016,4,6,1,2,Medium,6.3,58
8fbfa347,RIDER_038,5,19,0,3,Medium,-7.0,89
c1ee6481,RIDER_142,9,13,1,0,Medium,8.8,94
b4ff98d6,RIDER_036,2,7,0,10,Medium,0.8,100
91f2b597,RIDER_114,2,22,1,4,Medium,-1.1,48
97b7934a,RIDER_066,5,11,0,6,Medium,9.4,100
800cab1c,RIDER_105,1,7,1,6,Medium,1.6,38
7d06ab77,RIDER_085,8,13,0,5,High,0.8,100
897aa04b,RIDER_002,5,13,1,5,Medium,-0.5,63
ba341fe1,RIDER_075,2,21,1,7,Low,0.9,43
9f098a8d,RIDER_067,9,1,1,10,Medium,3.9,67
ee1ce900,RIDER_055,2,19,0,9,Medium,4.1,100
4d2843e0,RIDER_006,7,19,1,8,High,-2.8,92
a8403aec,RIDER_150,8,23,0,3,Low,-2.7,99
90b8476f,RIDER_143,6,15,0,3,Medium,6.1,96
00c7dcc3,RIDER_086,7,14,0,7,Medium,-0.1,100
d05c9ff5,RIDER_060,1,3,1,4,Medium,1.8,36
2d484d81,RIDER_101,4,21,1,9,Medium,2.5,62
fdb5fde2,RIDER_012,7,20,1,8,Medium,7.9,88
1a569a5b,RIDER_049,1,4,0,5,High,7.3,89
72e5d7e1,RIDER_042,1,7,0,8,Low,3.4,83
c314a1d6,RIDER_082,6,1,0,3,Low,-0.7,62
987471c3,RIDER_035,4,23,1,0,Medium,11.3,83
506c7fd2,RIDER_134,3,24,1,3,Medium,4.8,70
858a1ea8,RIDER_067,5,19,0,8,Medium,7.5,100
fb9b8074,RIDER_080,9,3,1,6,Low,1.0,55
24cd4fe3,RIDER_007,3,20,0,5,Medium,-2.6,93
7251dd9f,RIDER_014,5,15,1,1,Medium,4.0,66
d712db63,RIDER_073,5,13,1,3,High,2.1,68
df2ec944,RIDER_143,9,22,1,0,High,8.6,100
339544eb,RIDER_149,4,14,1,2,High,1.6,78
876e57a1,RIDER_066,1,7,1,1,Medium,0.2,37
62602ad1,RIDER_091,5,1,0,3,Medium,7.1,77
e23ea3d1,RIDER_130,1,13,0,3,Low,0.3,53
09fef499,RIDER_020,6,4,0,10,Low,0.9,100
e0a2236f,RIDER_010,7,12,0,8,High,-4.2,100
307a16a8,RIDER_025,1,7,1,6,Medium,6.5,46
f49784eb,RIDER_025,4,2,1,2,High,1.3,62
7cb4d528,RIDER_054,9,17,1,6,Medium,-2.7,84
ec5e1d36,RIDER_033,1,1,1,7,Medium,6.6,38
19e6a130,RIDER_095,9,14,1,6,Low,0.9,74
2db269bd,RIDER_014,8,22,0,7,High,9.3,100
67ac5702,RIDER_065,5,21,1,8,Medium,7.1,88
62b993a1,RIDER_110,6,1,1,0,Low,-2.8,47
619c0610,RIDER_080,7,3,1,9,Low,4.9,53
d5df6806,RIDER_054,4,11,1,5,Medium,6.2,64
58fb6425,RIDER_125,6,7,1,3,Low,-4.7,51
6e719103,RIDER_131,7,9,1,0,Low,1.0,61
18e24c7d,RIDER_134,6,22,1,1,Medium,-0.1,75
ebd429bb,RIDER_025,6,3,1,9,Low,6.3,51
0d6c2bbe,RIDER_141,2,1,0,3,Medium,-1.6,48
e23eddc0,RIDER_117,5,19,1,0,Medium,3.1,71
24f7b891,RIDER_136,3,2,1,5,Medium,9.7,55
5819ca93,RIDER_149,7,21,1,0,Medium,-6.1,82
7a80e76f,RIDER_025,4,24,1,8,Low,2.4,72
f0cf0bd8,RIDER_079,1,5,1,9,Medium,2.5,26
b5d23936,RIDER_068,6,17,1,2,Medium,-7.9,77
e756e9b5,RIDER_012,6,19,1,10,Medium,-4.7,64
7578c482,RIDER_032,7,5,1,0,Medium,5.5,71
0b4492c7,RIDER_128,8,23,1,5,High,1.8,100
1eaa8bf5,RIDER_096,3,21,1,5,Medium,2.8,61
d92f65c7,RIDER_092,6,14,1,6,Low,1.4,61
d015cdf7,RIDER_141,2,10,1,6,Medium,7.0,52
e874a7ff,RIDER_031,9,21,1,9,Medium,11.6,100
c0506005,RIDER_078,2,7,1,10,High,6.5,57
e5612118,RIDER_020,3,8,0,3,Low,-7.4,59
542da84c,RIDER_146,2,8,1,4,Low,1.9,39
a62cfb12,RIDER_060,9,7,0,2,High,7.7,88
76b15c39,RIDER_134,1,13,1,5,Medium,0.3,39
394d78fd,RIDER_093,5,14,1,6,Medium,7.7,70
3a99ed58,RIDER_043,1,19,1,8,Medium,0.7,44
d6e42223,RIDER_130,5,11,0,8,Low,-3.0,100
8180e271,RIDER_060,8,2,1,4,Medium,4.9,70
7fb23357,RIDER_031,8,17,1,3,High,3.8,99
f3c3d5de,RIDER_005,8,6,1,6,High,-0.4,81
190c3629,RIDER_010,2,9,1,2,Low,7.2,46
1f8d554b,RIDER_089,8,19,1,3,Medium,-5.4,75
9a87dc25,RIDER_130,5,5,1,8,Low,6.2,51
0720d0bf,RIDER_126,1,9,1,4,High,-0.2,54
e287c91a,RIDER_011,7,7,0,9,Medium,9.0,100
21811002,RIDER_056,6,4,1,6,Medium,5.3,63
42ffe4ce,RIDER_083,5,18,1,1,Medium,0.6,71
db1076cf,RIDER_137,1,18,1,8,High,-1.9,65
29cfac44,RIDER_099,1,20,1,4,High,-4.5,71
94e1e911,RIDER_149,6,17,1,4,Low,1.7,65
b3bebf91,RIDER_073,7,4,1,3,Medium,2.2,61
1548919f,RIDER_115,1,22,1,7,Medium,6.2,62
be076388,RIDER_007,9,16,1,10,Low,-0.9,72
6fe0d86a,RIDER_080,4,22,1,3,High,3.5,84
2643bb90,RIDER_144,5,23,1,1,Medium,0.6,71
05f6bfb4,RIDER_097,2,5,1,4,Low,8.0,46
e1684fdc,RIDER_004,8,9,1,2,Low,1.5,61
eb89d504,RIDER_004,2,2,1,3,Medium,-0.9,41
433b7d6a,RIDER_103,3,2,1,2,High,-2.8,38
366bc1be,RIDER_040,9,4,0,6,Medium,0.2,100
ea26da6e,RIDER_017,2,20,1,5,Low,1.1,53
5b35016b,RIDER_101,6,20,1,1,Low,1.2,63
5a3e1694,RIDER_103,4,17,0,10,High,3.7,100
21acbd8e,RIDER_124,7,20,1,7,Low,0.7,73
c0898b35,RIDER_052,6,21,0,4,High,-1.3,100
7203f8ed,RIDER_052,9,19,0,5,High,0.3,100
782cd45e,RIDER_124,9,3,0,7,Medium,1.1,100
54ffc983,RIDER_063,4,5,0,10,High,-0.3,100
b7ad3de0,RIDER_116,1,10,1,10,Low,-4.4,32
5d416954,RIDER_062,2,6,1,6,High,-4.1,46
f595f3b0,RIDER_007,8,3,0,10,Low,-5.8,100
f5f17e9e,RIDER_092,8,17,1,2,Medium,2.7,85
b08d7f6d,RIDER_014,2,10,0,1,Medium,3.8,53
8ba72ed2,RIDER_086,4,24,1,2,Medium,-1.4,74
77b50eb6,RIDER_133,1,12,1,7,Low,3.9,45
99885e0b,RIDER_130,7,1,0,3,Medium,0.5,76
507efe1e,RIDER_062,4,18,1,7,Medium,1.4,64
4534d593,RIDER_149,8,19,0,3,High,-3.2,100
be85b0dd,RIDER_079,9,22,1,6,Medium,7.0,100
cc49995f,RIDER_149,9,20,0,5,Medium,8.4,100
0b8c6638,RIDER_138,3,4,0,9,High,3.3,100
56b00f71,RIDER_058,5,15,1,0,High,-1.0,71
fa7a9410,RIDER_120,6,9,1,10,Medium,2.4,49
fdecc2dd,RIDER_133,6,6,1,7,High,-1.1,68
71b93591,RIDER_065,8,12,0,5,Medium,-3.4,100
00329bf6,RIDER_013,6,18,0,1,Medium,4.8,71
46658030,RIDER_082,6,23,1,4,High,-2.0,92
8796ad5f,RIDER_139,4,15,1,1,Medium,-1.4,61
f92cd190,RIDER_149,7,19,0,9,Low,-6.9,100
ed4fba57,RIDER_052,8,9,0,6,Low,6.3,100
958bb710,RIDER_117,3,22,1,10,Medium,8.0,72
0538666c,RIDER_026,7,24,1,9,High,4.9,96
c1698d02,RIDER_034,3,13,0,5,Low,5.2,86
c6a3f960,RIDER_052,8,16,1,6,Medium,-3.4,82
49f35498,RIDER_112,1,13,0,5,Medium,1.0,83
ce8e2823,RIDER_082,1,1,1,9,Medium,4.9,36
9b02b6ba,RIDER_042,6,18,1,0,Low,-1.9,67
606329fd,RIDER_021,9,22,1,2,High,0.4,100
f5c99b9e,RIDER_042,4,3,0,9,Low,-4.5,97
dc4957e0,RIDER_141,6,17,1,1,Low,0.8,70
a5f46677,RIDER_113,5,22,1,0,Medium,1.3,83
114a23d9,RIDER_105,1,5,1,0,Low,4.0,29
d84a27dc,RIDER_017,6,6,0,3,Low,-4.6,74
69f71ba3,RIDER_120,9,21,1,10,Medium,-4.7,84
4f870981,RIDER_137,3,17,1,0,Medium,6.9,64
57834169,RIDER_129,3,17,1,1,Medium,6.3,64
52281e2b,RIDER_130,2,1,1,0,Low,-0.6,28
810dffcf,RIDER_060,4,7,1,5,Medium,8.1,62
4376092e,RIDER_048,3,22,1,10,Medium,2.7,61
19e0e946,RIDER_029,2,16,1,3,High,6.5,74
ce576eb8,RIDER_097,1,5,0,7,Medium,0.8,85
c85d16f2,RIDER_010,3,16,0,10,High,3.2,100
b8e7e74d,RIDER_058,6,4,0,4,Medium,0.6,85
b0976071,RIDER_021,9,11,1,9,Medium,8.7,86
229880da,RIDER_028,5,14,0,4,Medium,1.3,94
131e1d76,RIDER_034,3,13,1,10,Medium,1.7,51
7b1f84cd,RIDER_008,5,24,1,10,Medium,-4.5,74
d5f2a7c6,RIDER_079,5,8,1,7,Medium,1.5,53
d3299b6c,RIDER_145,5,21,1,10,High,9.0,91
0e73dd02,RIDER_087,7,20,1,9,Medium,7.4,85
cddadb4e,RIDER_088,5,15,1,5,Low,1.3,55
8c532fb9,RIDER_069,7,18,1,5,High,1.6,91
6697e653,RIDER_087,9,7,1,2,Medium,-3.0,68
e4455525,RIDER_101,5,21,1,5,Medium,3.4,86
def39937,RIDER_008,2,19,1,9,High,3.3,70
04022a49,RIDER_077,5,9,1,6,High,4.1,69
5e0832e4,RIDER_087,8,11,1,1,Low,-4.4,55
13ed64a5,RIDER_043,4,10,1,2,Low,6.6,62
8c877a96,RIDER_129,2,14,1,5,Low,1.1,44
c4da6d8b,RIDER_109,3,16,1,9,Medium,6.9,61
6a09cc5a,RIDER_017,9,8,0,8,Medium,2.8,100
2fa39dc9,RIDER_133,9,1,1,8,Medium,7.7,73
1114544d,RIDER_148,8,12,1,7,Medium,4.6,83
0f67c201,RIDER_021,8,3,0,7,Low,-1.4,100
b3d0d37f,RIDER_058,8,2,1,8,Low,5.3,57
63ef5b23,RIDER_110,8,16,1,10,High,6.1,100
5682a83d,RIDER_139,8,4,1,10,High,2.8,80
4e4ffade,RIDER_143,1,2,1,8,Low,0.9,21
fbfdfce6,RIDER_135,6,12,1,9,Low,5.7,63
3fe03c54,RIDER_028,9,24,0,10,Medium,6.6,100
d7ec87d1,RIDER_051,8,17,1,8,Low,-3.2,72
52719d90,RIDER_005,3,20,1,4,Low,2.5,57
3ba8748b,RIDER_005,1,21,1,5,Medium,1.2,56
95d0f179,RIDER_094,2,10,0,4,Low,9.6,77
20c5eccb,RIDER_096,2,20,1,0,Medium,-0.9,52
3969c4da,RIDER_008,7,8,1,3,High,4.2,85
41c4d9e6,RIDER_064,6,18,1,10,High,4.8,87
fd50bbc0,RIDER_138,2,18,1,0,Medium,2.2,56
bd3b40b0,RIDER_038,8,18,1,0,Medium,7.5,87
101ba76b,RIDER_111,9,2,1,2,Medium,1.6,72
34844f7e,RIDER_112,7,12,1,6,Low,-2.9,58
a759d9d9,RIDER_081,4,10,1,0,Medium,7.9,73
fb0cc14e,RIDER_136,1,8,1,6,Medium,0.2,35
63b598ab,RIDER_104,4,19,1,9,Low,2.4,61
831de182,RIDER_073,4,10,1,9,Medium,1.4,57
9b78ed7f,RIDER_049,8,11,1,0,Low,-1.8,59
97255ddc,RIDER_036,4,14,1,8,High,-1.7,61
8ba67640,RIDER_126,4,15,0,4,High,-4.2,92
4b11a82e,RIDER_068,2,24,1,5,Low,4.1,59
0df8e302,RIDER_078,7,23,0,8,Low,4.9,100
a8dfc4d3,RIDER_105,4,10,1,10,Low,3.0,46
66b0dfa2,RIDER_122,6,4,1,2,High,4.4,79
c7e11490,RIDER_119,3,7,1,2,Low,1.5,36
20137c5e,RIDER_114,7,11,0,4,Medium,2.8,100
50a0ccc5,RIDER_010,6,24,1,6,Low,1.9,72
df282382,RIDER_149,3,22,1,2,Medium,1.7,64
a8a0ebff,RIDER_140,4,22,1,3,Medium,-2.3,65
60fb1f51,RIDER_091,5,3,0,1,Medium,7.3,59
77250f43,RIDER_002,9,5,1,8,Medium,0.8,65
4a7b8821,RIDER_118,6,2,1,9,Medium,0.1,48
45643a2f,RIDER_013,4,12,1,8,Medium,-0.2,52
55c814c4,RIDER_095,7,21,1,10,Medium,0.5,83
3c31c394,RIDER_144,2,5,1,1,High,0.5,56
bca8e0bc,RIDER_032,4,7,1,4,Medium,2.8,58
da0e1cc7,RIDER_032,5,4,1,0,Medium,-4.7,49
45f282d8,RIDER_124,4,11,1,7,Medium,-1.4,50
64e8e9f1,RIDER_011,4,22,0,5,Low,7.9,100
4506572d,RIDER_010,9,9,0,9,High,7.7,100
965906e3,RIDER_015,2,4,1,9,Low,1.0,30
b7b9e627,RIDER_017,6,22,1,1,Medium,12.0,97
ca5e0986,RIDER_146,8,9,0,1,Medium,4.8,72
313a594c,RIDER_059,8,12,1,9,Low,7.9,77
1a8a8c75,RIDER_078,7,16,1,4,Medium,2.4,76
5fca6680,RIDER_124,4,1,0,6,Low,1.0,73
c27f7ed7,RIDER_114,7,8,1,8,High,5.8,82
857ff13f,RIDER_022,6,1,0,8,High,6.5,100
818ade4e,RIDER_032,6,20,1,10,Medium,0.9,69
2947ae54,RIDER_113,2,19,1,5,Medium,3.8,67
b13b7aed,RIDER_120,8,4,1,1,Low,-9.8,50
b82ddae6,RIDER_149,8,14,0,5,High,-0.6,100
88d52f7b,RIDER_122,7,23,1,0,Medium,7.7,90
31e7d725,RIDER_032,9,14,1,10,Low,-0.1,70
a9324e0d,RIDER_119,8,9,0,10,High,1.8,100
5488cf60,RIDER_039,9,9,0,1,Medium,1.5,78
f326c609,RIDER_012,9,17,0,2,Low,-2.4,73
a3505abe,RIDER_018,6,15,1,4,High,1.6,82
8a2bff3c,RIDER_149,2,10,0,9,Medium,1.2,100
f793975a,RIDER_141,7,17,1,0,Medium,-1.7,79
3ebd1345,RIDER_149,3,9,1,9,Low,1.4,43
28239385,RIDER_126,7,4,0,4,Medium,-2.7,92
754a8742,RIDER_136,9,14,1,4,Medium,1.8,79
0d6c8e38,RIDER_046,2,3,1,3,Low,1.7,29
8cdf3524,RIDER_104,6,21,1,2,Low,9.9,82
df3a48f3,RIDER_135,6,12,0,6,Medium,-1.2,100
7bbd4678,RIDER_086,9,22,1,10,Medium,5.2,95
def92e06,RIDER_150,9,1,1,6,High,-3.8,80
48d58348,RIDER_089,5,1,1,0,High,11.9,78
e6650ff9,RIDER_022,5,13,1,6,High,3.6,76
1578aac5,RIDER_092,9,14,0,2,Medium,3.0,83
7ddb53fb,RIDER_029,8,16,1,2,Medium,4.4,88
e9d57b76,RIDER_013,7,7,0,5,Low,2.3,88
d5871b8c,RIDER_002,8,10,0,5,Low,0.3,92
9a771948,RIDER_029,6,15,1,10,Medium,-1.7,63
c4e26690,RIDER_027,3,8,1,3,Medium,2.8,42
cea56dd4,RIDER_050,7,11,1,4,Medium,7.0,76
7e098a56,RIDER_095,8,24,0,2,Medium,-5.5,77
4b238148,RIDER_088,8,14,1,2,Low,10.9,81
5ae7d477,RIDER_044,1,13,1,8,Low,-1.4,44
bb0f26a8,RIDER_022,7,23,1,4,High,3.2,95
2f659b08,RIDER_097,3,13,1,0,Low,-0.9,47
890a093a,RIDER_003,2,9,0,8,Medium,1.8,98
42b3cb11,RIDER_118,2,17,0,9,High,3.3,100
0feae570,RIDER_019,8,18,1,5,Low,1.3,71
94f8244c,RIDER_023,9,19,0,8,Low,2.7,100
dd3b92ef,RIDER_030,3,13,0,10,Medium,2.4,100
6cd5c27f,RIDER_039,3,12,1,6,Medium,4.3,57
1c3d27fe,RIDER_108,6,21,1,10,Medium,4.0,76
39446640,RIDER_111,1,20,0,9,Medium,-6.7,100
324fd245,RIDER_025,6,20,0,9,Medium,0.7,100
6e54900b,RIDER_128,3,8,1,6,Medium,7.4,52
d27b86b9,RIDER_111,4,24,1,4,High,5.4,90
01688e12,RIDER_136,9,11,0,6,High,-2.5,100
fc47266f,RIDER_106,3,7,1,9,Medium,0.5,49
e9f7bab9,RIDER_144,1,1,0,3,Medium,1.1,50
837ff4a3,RIDER_072,3,10,0,10,Medium,1.0,100
58d82b28,RIDER_129,7,15,0,10,Medium,1.4,100
c51a30ae,RIDER_108,7,4,0,5,Medium,-0.0,86
f78c7208,RIDER_005,5,1,1,1,Low,-1.9,38
e29e36bd,RIDER_003,1,11,0,9,Low,10.5,100
881d8f30,RIDER_132,8,5,1,2,Medium,2.7,71
9b6c3f01,RIDER_104,8,19,0,1,Medium,1.1,84
e816c9f4,RIDER_064,2,19,1,9,Medium,5.0,71
8d934fc7,RIDER_106,3,4,1,1,Medium,-4.2,41
44a65c5d,RIDER_098,4,2,1,6,High,4.2,63
33fc25e7,RIDER_010,1,7,0,4,Medium,-3.9,70
dc452ae7,RIDER_149,4,13,1,5,Low,3.4,57
b4135bb1,RIDER_128,5,20,1,2,Medium,-1.5,71
b7a1d472,RIDER_046,3,21,0,9,Medium,4.8,100
ee9b81c2,RIDER_066,2,12,0,4,Medium,12.6,97
e2cc126b,RIDER_112,6,2,1,4,Low,2.6,43
4ed6629a,RIDER_013,8,22,1,10,Medium,-4.0,78
f1aa8c3a,RIDER_137,7,9,1,3,Low,-0.6,58
d9db3250,RIDER_086,1,16,0,9,Medium,3.4,100
2b50e252,RIDER_090,4,8,0,3,Low,7.1,68
fbe33bd8,RIDER_058,3,24,0,7,High,-2.5,100
754b3238,RIDER_054,6,18,1,5,Medium,9.5,76
0bd768ce,RIDER_012,9,4,1,10,High,4.5,84
c2434f91,RIDER_014,9,24,0,1,Low,2.0,86
61201566,RIDER_121,7,11,1,1,Medium,5.5,70
c1d1e5ce,RIDER_121,9,17,1,1,Low,-3.1,83
a4cb0cbf,RIDER_020,8,8,1,5,Medium,-1.7,65
715d9efe,RIDER_075,5,19,1,0,Low,-3.5,57
4d63b6a5,RIDER_144,9,8,0,2,High,11.0,100
ea357ae8,RIDER_070,7,6,1,0,Medium,2.1,61
27a84d1b,RIDER_056,5,23,0,3,Low,2.7,96
5e64c7d2,RIDER_101,8,2,1,0,Medium,6.5,75
4941e37c,RIDER_132,7,15,1,8,Medium,-3.7,71
8d7bec38,RIDER_111,9,1,1,10,Low,-1.3,62
1b7945c7,RIDER_125,1,6,1,10,Medium,3.4,45
7bf9743e,RIDER_132,9,19,1,5,Medium,8.7,97
1346db69,RIDER_020,7,4,0,7,Medium,5.5,100
18b8bd7d,RIDER_138,1,13,1,1,Medium,3.4,46
46386828,RIDER_024,1,15,1,5,Low,3.0,44
089085ec,RIDER_037,5,9,1,3,Medium,6.5,63
2d6d58e1,RIDER_054,8,3,1,6,Medium,-1.9,61
acc079f8,RIDER_103,9,2,1,7,Low,3.2,60
21c9fa23,RIDER_149,6,16,1,5,Low,3.9,64
2a2e1872,RIDER_038,8,18,1,0,Medium,0.9,83
1c7d7bb3,RIDER_004,6,18,0,7,Medium,1.5,100
9ffd8a4d,RIDER_057,6,6,0,10,Low,-4.4,100
09b28725,RIDER_020,4,18,1,0,Low,-0.2,54
fb3475f1,RIDER_017,5,11,0,8,Low,-7.5,98
6c1381fa,RIDER_119,2,7,1,1,Medium,4.7,47
39695ea5,RIDER_071,3,23,1,10,Low,2.5,62
0b944fae,RIDER_004,3,23,1,9,Medium,1.5,65
311cfbdf,RIDER_014,5,14,1,5,Low,3.0,55
5e1af147,RIDER_003,5,18,0,7,Medium,3.2,100
66c29a0a,RIDER_080,6,7,1,4,Low,0.6,52
fd95e534,RIDER_055,5,10,1,1,Medium,-3.6,59
e19dc5f9,RIDER_132,6,8,1,4,Medium,4.0,69
cf8a2893,RIDER_120,8,24,1,0,Medium,-2.0,83
8d330038,RIDER_024,2,14,0,7,Low,3.4,91
bff8cf12,RIDER_082,4,18,1,7,High,7.2,82
57a90bee,RIDER_147,6,5,0,1,Low,9.1,62
c5b1a856,RIDER_060,5,14,0,5,Low,3.5,86
d92a5ce8,RIDER_147,1,22,1,10,Low,0.8,52
914549b2,RIDER_049,9,22,1,7,High,0.1,93
4541e570,RIDER_063,3,22,1,9,Low,3.4,55
dadeab63,RIDER_110,2,10,1,7,Medium,-5.8,44
58a26908,RIDER_150,9,15,0,6,Low,-1.2,100
f2f19193,RIDER_109,7,6,1,2,Medium,-1.0,58
87cbdf77,RIDER_076,5,9,1,10,Medium,3.6,64
dc161493,RIDER_030,6,10,0,3,Medium,1.8,72
5eeb38ab,RIDER_058,4,23,1,0,High,2.6,76
15f65c4f,RIDER_117,1,17,1,8,Medium,1.5,45
bac4efbd,RIDER_100,4,1,1,9,High,1.1,51
3ff3bd80,RIDER_019,9,14,1,9,Medium,3.2,88
323c444b,RIDER_094,1,4,1,1,Medium,4.8,41
769965d8,RIDER_113,3,2,0,9,Low,6.3,99
b554902f,RIDER_146,5,3,1,6,Medium,1.9,56
1422eb10,RIDER_063,7,7,0,7,Medium,6.2,100
0623f267,RIDER_116,9,23,1,3,Medium,8.4,100
b28f125b,RIDER_113,6,14,1,10,High,-0.4,85
afa11879,RIDER_047,3,12,0,10,Low,5.2,100
2b1460f0,RIDER_057,7,19,1,9,Medium,-0.3,73
eed86031,RIDER_118,4,18,1,0,Medium,6.9,75
6ab08d0a,RIDER_045,3,15,0,4,Low,2.8,76
2fd519a8,RIDER_145,7,1,1,9,Medium,0.4,56
75195b6c,RIDER_004,7,3,1,9,Medium,-1.6,54
80117de9,RIDER_148,4,15,0,5,High,-0.3,100
8049cd18,RIDER_047,7,4,0,6,Medium,1.4,100
d7857341,RIDER_143,2,15,1,0,High,6.5,71
4d026e2a,RIDER_047,1,10,1,3,Medium,0.8,38
a5715fd3,RIDER_078,2,6,1,4,Medium,0.2,42
1faab88e,RIDER_124,4,13,1,4,Medium,9.1,65
dd7cd39e,RIDER_075,8,7,0,6,Low,0.4,95
048ee335,RIDER_103,3,22,1,3,Medium,-2.6,65
c4bc18bb,RIDER_137,6,1,1,9,Medium,-3.5,50
c68ce51f,RIDER_090,6,22,1,6,High,-0.9,93
b0cd621c,RIDER_144,9,11,1,7,Medium,2.0,76
7295820b,RIDER_069,9,14,1,1,Medium,2.1,79
ed985692,RIDER_061,4,6,1,0,Low,-0.5,42
17fbcefd,RIDER_138,9,5,1,9,Medium,-4.2,63
234defec,RIDER_050,6,19,1,9,High,-1.5,87
cc7af0c0,RIDER_003,2,19,1,0,Low,-3.3,46
313b1061,RIDER_107,6,13,1,0,Low,-10.0,53
f409ffd1,RIDER_113,2,7,0,8,Medium,-7.3,87
ad06d3a9,RIDER_094,8,8,0,3,Low,3.2,82
1ad39134,RIDER_118,4,14,1,8,Medium,0.8,53
4a945995,RIDER_081,5,19,1,6,Medium,4.4,83
a3800593,RIDER_109,8,19,0,6,Medium,-0.7,100
635e311b,RIDER_051,8,23,1,1,Low,-0.4,79
319beaad,RIDER_147,6,12,0,1,Medium,-1.4,59
d46650fb,RIDER_035,4,23,0,4,Medium,-1.6,90
ff268350,RIDER_046,1,9,1,9,Low,-1.0,33
f388a313,RIDER_069,7,14,1,0,Medium,8.9,80
cb18ce3a,RIDER_093,8,6,1,6,Low,1.6,58
ea7003f5,RIDER_064,9,15,1,10,Medium,-1.2,82
d7fbc89c,RIDER_049,2,13,0,6,Medium,5.8,93
ca2118ce,RIDER_149,1,7,0,10,Low,1.9,93
fb6c1870,RIDER_074,4,11,1,7,Medium,6.3,58
cf6d3a2e,RIDER_005,5,10,1,6,Low,4.0,58
7b06b3b3,RIDER_100,1,1,1,7,Medium,2.5,37
ee07fcb7,RIDER_070,5,7,1,2,Medium,3.2,66
884506f7,RIDER_090,6,18,1,2,Low,3.5,67
2352594a,RIDER_004,3,23,0,7,Low,-3.1,100
08ef9381,RIDER_126,7,3,1,8,High,2.5,78
4490a2fa,RIDER_039,6,9,1,9,Medium,3.1,65
149858df,RIDER_129,4,5,1,3,High,3.6,68
adb704c3,RIDER_024,3,23,1,7,Medium,0.0,66
17f1a76a,RIDER_057,5,24,1,0,Medium,6.8,87
e2998425,RIDER_100,3,13,1,1,Medium,2.9,52
c6ee130e,RIDER_070,9,16,1,9,Medium,0.3,75
1539e516,RIDER_041,9,16,0,9,Medium,3.6,100
258b1a68,RIDER_060,6,12,1,9,High,6.2,85
11fd071b,RIDER_108,6,18,1,8,Low,-0.9,63
c9b6bd56,RIDER_057,4,11,0,1,Medium,-1.4,46
912c6987,RIDER_031,4,17,0,1,Medium,5.3,74
10e86642,RIDER_084,2,7,1,7,Medium,5.9,47
a079a73f,RIDER_036,4,15,1,4,Medium,1.6,52
68f6f846,RIDER_108,8,6,0,4,High,1.3,100
af63f493,RIDER_106,2,6,1,10,High,5.6,59
30c25369,RIDER_086,9,18,1,5,Low,-1.2,79
5f863e2c,RIDER_135,1,19,1,7,Medium,-7.5,61
dc73c274,RIDER_014,2,20,1,7,Medium,2.4,57
c0feaf90,RIDER_120,2,19,1,8,Medium,2.5,58
b16f5631,RIDER_138,6,2,1,9,Low,5.7,50
6b4b9102,RIDER_080,7,3,0,10,Low,5.2,100
308479dc,RIDER_144,3,14,0,2,High,8.7,73
317ff8f1,RIDER_106,9,22,0,8,Medium,3.1,100
83b27efb,RIDER_070,5,4,1,10,Medium,10.8,70
f1ffcdbe,RIDER_044,5,22,1,2,Medium,6.7,78
783d9374,RIDER_073,4,17,1,0,Low,2.4,56
ef9a6109,RIDER_045,9,6,1,10,Medium,6.3,87
90c6a624,RIDER_107,8,19,1,4,Medium,-1.6,73
a4aa887a,RIDER_084,4,9,1,6,Medium,0.9,53
e120884d,RIDER_082,4,4,1,2,Low,1.4,38
c92797a9,RIDER_107,2,7,1,8,High,1.2,52
002d2e5b,RIDER_021,9,4,1,0,Medium,5.4,66
b48d19f1,RIDER_007,3,11,0,5,Low,6.4,83
a267287b,RIDER_070,4,22,1,5,Medium,5.1,67
0f716d6c,RIDER_127,7,23,0,7,Medium,-0.5,100
2c2c827c,RIDER_143,8,2,0,2,Medium,4.7,69
f2294291,RIDER_148,8,10,1,4,Medium,6.9,87
c2fa1b26,RIDER_143,4,6,0,10,Medium,4.9,100
536eb255,RIDER_149,7,8,0,9,Low,-3.6,100
063a597b,RIDER_120,1,15,1,10,High,-1.9,61
ed9f1662,RIDER_128,6,13,1,4,Low,4.2,68
b2a7b4f3,RIDER_142,6,22,1,7,Low,6.7,78
d71d7998,RIDER_057,6,2,1,6,Medium,-1.9,50
d1594d4c,RIDER_058,2,20,1,2,Medium,2.0,65
0b3844f1,RIDER_021,8,1,1,6,Low,2.2,56
54f13f0c,RIDER_082,5,15,1,9,Medium,-2.0,55
65289c7f,RIDER_069,5,7,1,7,Medium,3.1,59
255f07cb,RIDER_131,2,24,1,4,Medium,3.6,63
edf492df,RIDER_087,4,18,1,10,Low,2.7,68
8db9ce0d,RIDER_049,9,10,0,4,Low,6.0,98
f3bacbd6,RIDER_147,9,15,1,10,Medium,1.8,82
16cbd263,RIDER_115,6,5,1,0,High,4.8,79
f5d9176b,RIDER_089,9,24,1,7,Low,3.7,100
32ce3721,RIDER_085,4,11,1,5,Medium,4.6,60
ee88307c,RIDER_128,1,8,1,5,High,0.1,45
abd9d77e,RIDER_140,2,21,1,4,Low,4.1,51
8fe0c82c,RIDER_117,1,8,0,4,High,6.7,78
91835b7d,RIDER_127,8,6,1,2,High,5.8,87
042b9eb8,RIDER_071,9,15,1,2,Low,6.9,85
e682ed3e,RIDER_086,6,15,1,1,Low,2.8,58
e1228ada,RIDER_033,2,5,1,8,High,8.4,61
3a15ed05,RIDER_081,6,13,0,7,Medium,0.9,100
7ab94218,RIDER_061,9,14,1,10,Low,1.0,70
5535b55d,RIDER_061,3,11,0,2,Medium,9.0,65
5a5cd18c,RIDER_098,9,20,1,4,Low,3.9,83
1e067c24,RIDER_028,2,21,1,9,High,5.7,83
86b937b0,RIDER_043,5,12,1,4,Low,-4.9,45
8b49ae5e,RIDER_086,2,20,1,7,Medium,3.5,60
f9de5811,RIDER_017,7,1,0,5,Medium,3.1,84
febc0f92,RIDER_098,9,3,1,6,High,4.3,87
e37d9b59,RIDER_098,7,8,1,4,High,4.2,81
45fad55e,RIDER_065,5,23,1,0,Medium,0.7,73
6bcb87df,RIDER_074,4,12,1,7,High,11.8,82
be5af4ab,RIDER_085,4,15,1,3,Medium,-1.1,63
439d3c94,RIDER_005,8,23,1,4,Medium,1.1,92
fe055810,RIDER_002,1,3,1,0,Medium,5.8,41
269ffbf0,RIDER_022,5,22,1,2,High,-2.0,82
800574cd,RIDER_112,2,8,1,1,Medium,1.8,45
ef7be0b0,RIDER_057,9,24,0,1,Low,5.1,93
7ee5fefc,RIDER_066,7,19,1,0,Low,0.2,68
1afa5daa,RIDER_074,8,20,0,5,High,-0.7,100
6fdeca03,RIDER_098,6,6,1,7,High,3.8,72
a986ce8e,RIDER_144,9,18,1,2,Medium,2.7,89
f62fa523,RIDER_112,6,11,1,0,Medium,-0.4,61
35a6d183,RIDER_125,7,12,0,9,High,2.6,100
adeee764,RIDER_086,7,23,1,1,Low,2.0,74
083cda7a,RIDER_076,9,2,1,2,Low,6.0,70
cba72210,RIDER_088,8,5,0,5,Medium,-1.8,94
78a45311,RIDER_038,1,4,0,2,Low,-1.3,24
c9ccb492,RIDER_059,4,9,0,8,Medium,1.1,100
9c387d39,RIDER_138,7,13,1,0,Low,1.0,57
d9be9d07,RIDER_099,8,13,1,6,Medium,5.9,79
f86c748b,RIDER_063,7,15,1,9,Low,2.7,78
b686f1f1,RIDER_049,3,2,0,7,Low,4.7,87
06d05a2c,RIDER_032,4,23,1,8,Low,7.8,64
b4287496,RIDER_135,7,13,1,7,Medium,-1.2,67
a25d85a0,RIDER_021,8,7,0,4,Low,7.8,95
fe25ed9e,RIDER_020,7,23,1,0,Low,2.1,80
2f91815b,RIDER_127,6,17,1,0,Medium,-7.2,73
98197594,RIDER_068,9,8,1,7,Low,3.0,70
e38cddc8,RIDER_110,9,18,1,6,Low,-3.5,71
d7bf7713,RIDER_116,7,15,1,4,Medium,-3.3,78
3b1146a1,RIDER_143,8,15,1,9,High,-2.0,92
031ba780,RIDER_120,6,5,1,2,Medium,1.7,56
26d452de,RIDER_079,1,2,1,8,Medium,-3.0,40
4de288e8,RIDER_116,1,16,1,3,High,7.1,68
37773ee4,RIDER_092,6,5,0,5,Low,6.5,93
1af90d72,RIDER_014,2,23,1,10,Medium,12.4,87
a221493c,RIDER_125,8,6,1,3,Medium,1.7,68
a74fc8d2,RIDER_058,1,12,1,8,Medium,0.1,39
f1c12ea3,RIDER_028,2,5,1,3,Medium,2.9,45
d2aea148,RIDER_026,8,20,0,7,Medium,5.5,100
bfe114c5,RIDER_113,6,8,1,10,High,7.2,87
dc67c646,RIDER_066,2,11,1,2,High,-0.4,60
a05ef092,RIDER_131,2,14,0,7,Low,6.0,99
44dcfe7c,RIDER_044,7,24,1,10,Low,6.0,80
9ec045ee,RIDER_097,5,17,1,2,Low,13.8,82
f65c63a6,RIDER_042,5,10,0,10,Low,7.7,100
3dcbdb2f,RIDER_006,8,2,0,4,Medium,9.5,100
22234cf4,RIDER_023,7,3,1,0,Medium,10.0,75
6a2ff997,RIDER_089,9,13,1,5,High,-0.6,81
1ae4d0ca,RIDER_123,4,17,0,10,Low,-1.0,100
0347bb9f,RIDER_147,4,3,1,1,Low,6.0,45
60abe841,RIDER_051,2,10,0,2,High,0.6,54
d4cacd59,RIDER_011,3,8,0,10,Medium,5.1,100
e0355af3,RIDER_012,1,4,1,0,Medium,1.7,29
e3b74b97,RIDER_074,1,13,1,10,Medium,3.7,55
783b4ba9,RIDER_008,7,7,1,5,Low,3.3,62
c8e778a5,RIDER_041,5,7,1,4,Medium,4.9,69
b0b47155,RIDER_085,3,16,1,9,Medium,-2.7,54
2ebfe98d,RIDER_072,7,5,0,1,Low,-3.1,51
b9ae740d,RIDER_055,2,17,1,10,Low,1.6,50
4e5530d9,RIDER_137,3,10,1,7,High,2.5,68
46f463fe,RIDER_047,1,4,0,8,Medium,8.7,100
5e0bd349,RIDER_143,8,23,1,2,Medium,3.7,96
fe39589a,RIDER_104,2,14,1,5,Medium,3.0,60
cdd701c7,RIDER_042,7,5,1,5,Medium,1.0,65
4e7662fa,RIDER_060,9,2,1,9,Low,4.1,66
182da7e9,RIDER_012,6,14,0,5,High,1.1,100
354e6c9e,RIDER_130,2,24,0,7,Medium,-2.7,100
55512527,RIDER_007,2,18,1,4,Medium,6.3,66
86a2efc3,RIDER_080,9,24,1,9,Medium,0.0,89
c7c3770d,RIDER_131,8,11,0,9,Medium,0.3,100
d3fe40cc,RIDER_109,9,16,0,7,Low,-3.7,100
48e17937,RIDER_003,4,18,1,2,Medium,3.5,63
3e29e367,RIDER_027,4,16,0,6,Medium,8.8,100
31f7f51e,RIDER_114,2,21,1,0,Low,-4.8,50
8a98441e,RIDER_107,1,4,1,3,Medium,-4.4,33
a881e6fa,RIDER_040,4,1,0,4,High,3.6,88
06d7e0c8,RIDER_129,8,14,1,6,Low,3.1,74
ce6bddb8,RIDER_008,2,12,1,5,Low,0.1,39
96669135,RIDER_101,8,24,1,5,Medium,-0.2,87
b5ddc5dd,RIDER_124,1,10,1,1,Low,3.2,35
0bac28a6,RIDER_107,1,19,1,10,High,-5.6,63
66f3557f,RIDER_101,4,4,1,1,Medium,-3.2,41
a2585523,RIDER_004,7,20,1,1,High,-2.0,89
88c0eb01,RIDER_110,9,21,1,9,Medium,0.4,89
ec77ab08,RIDER_019,5,3,0,7,Low,0.5,81
c27d2ecb,RIDER_032,2,4,1,6,Medium,-8.4,39
864317cc,RIDER_137,7,15,1,0,Medium,-3.2,71
9c8b8fbb,RIDER_012,2,11,1,8,High,4.3,63
f454ae89,RIDER_139,9,16,0,10,High,4.0,100
2e56e1ac,RIDER_046,9,4,0,10,Medium,5.5,100
a285b0de,RIDER_119,3,6,1,7,Low,4.1,42
6be57fa3,RIDER_016,8,8,1,8,Medium,1.6,68
5ad5446f,RIDER_129,4,13,0,3,Low,-1.9,71
2ae5df6b,RIDER_063,3,23,1,4,Low,-1.9,58
234828be,RIDER_109,1,20,1,10,Medium,-1.4,48
795dca3a,RIDER_119,5,4,1,4,Low,5.3,49
f0a3ef48,RIDER_021,4,5,1,10,High,4.1,60
0f4f2229,RIDER_013,1,10,0,8,Low,-1.9,80
4c049bd6,RIDER_004,8,5,0,7,Medium,3.5,100
6789818c,RIDER_102,8,12,1,9,Medium,4.5,83
f226fbae,RIDER_059,8,1,1,5,High,4.0,77
b9d7beac,RIDER_128,3,24,1,10,Medium,5.6,72
12f2320d,RIDER_027,6,10,1,9,Medium,2.2,68
36d5223f,RIDER_069,7,5,0,10,Medium,0.9,100
d086d052,RIDER_025,9,19,0,9,High,2.3,100
aca90d2c,RIDER_131,5,19,1,0,Low,6.1,68
ca0edf2d,RIDER_097,9,20,1,6,Medium,5.0,93
a7eb64f4,RIDER_025,6,12,1,8,High,2.4,78
860fbef9,RIDER_148,4,23,0,3,High,6.6,100
779cd45c,RIDER_126,1,16,1,3,Low,9.4,55
94ca738d,RIDER_133,1,5,1,4,Medium,12.2,46
fe1a7f95,RIDER_009,5,17,0,7,Medium,12.2,100
b054222c,RIDER_116,3,14,0,10,Medium,14.9,100
1718fbba,RIDER_134,5,12,0,4,Medium,7.4,96
e67b5240,RIDER_060,5,13,1,3,Low,-8.7,60
030a4e64,RIDER_121,1,21,1,7,High,2.8,72
e9675fa5,RIDER_139,8,14,1,10,Low,-3.9,65
3660efa1,RIDER_108,5,5,0,4,High,8.7,100
45c5a84f,RIDER_108,5,22,0,7,High,0.7,100
0e57a847,RIDER_131,9,23,1,0,Low,3.8,89
1fbb9983,RIDER_076,8,5,1,2,Medium,1.4,63
4c4a2dde,RIDER_030,1,18,0,6,Low,9.2,93
8ec4cfc9,RIDER_021,3,14,1,0,Low,-2.7,46
9a25ab4b,RIDER_034,7,18,1,10,High,4.8,94
9b7d0c80,RIDER_041,1,20,1,4,Low,-2.2,41
fbad5ba7,RIDER_051,1,1,0,5,Medium,-6.5,68
2d30b94d,RIDER_082,5,7,1,0,High,2.8,69
1aa08e8c,RIDER_058,9,17,0,6,Low,-2.9,100
c68b3042,RIDER_075,6,3,0,8,Medium,-4.0,100
de93b2f3,RIDER_023,2,10,1,8,Medium,-4.3,44
8cbdf9d4,RIDER_128,9,7,0,2,Medium,0.4,74
6456fd1c,RIDER_150,6,12,1,3,High,5.7,85
497625f2,RIDER_017,5,22,1,0,Medium,-3.8,71
bad11766,RIDER_069,5,15,1,3,Medium,6.3,73
0d524bc6,RIDER_108,3,23,0,4,High,-0.2,100
9a765cf4,RIDER_139,6,21,1,6,High,-2.3,84
60fdfb5b,RIDER_094,4,16,0,4,Medium,6.9,93
bac7afe3,RIDER_015,2,8,0,7,Medium,5.9,100
10cf8ff6,RIDER_091,3,6,1,6,Medium,5.3,48
75c61450,RIDER_033,9,4,1,0,High,2.9,82
67ea6005,RIDER_125,9,11,0,1,Medium,-2.3,78
e597a75e,RIDER_016,6,17,1,6,Low,7.0,70
5a5ab992,RIDER_066,9,2,0,2,Medium,2.1,73
c7f3fc99,RIDER_047,4,6,0,1,Medium,2.5,49
f9c7fe2a,RIDER_148,5,4,1,10,Medium,3.6,53
3fc3a4a4,RIDER_124,6,3,0,8,Medium,6.0,100
570f7fde,RIDER_001,9,7,1,9,Medium,-4.5,71
4302d170,RIDER_087,5,7,0,7,Low,1.8,89
b21edca1,RIDER_128,8,16,1,7,Low,0.2,80
b9e4bed3,RIDER_067,1,2,0,2,Medium,7.9,41
a4d8af44,RIDER_004,5,8,1,10,Low,8.9,59
91106ad3,RIDER_047,1,15,0,9,High,3.2,100
c10cc503,RIDER_038,6,16,1,8,Low,-3.3,62
6321196b,RIDER_143,7,1,1,7,Medium,-0.4,56
ef582611,RIDER_021,5,10,1,1,Low,-8.1,57
ca2bdbe1,RIDER_057,1,7,0,6,Low,6.1,75
e5e9fe28,RIDER_117,6,16,1,7,Low,-0.3,65
70571f74,RIDER_046,5,10,0,6,Medium,6.8,100
0eceb61e,RIDER_142,6,12,0,8,Medium,-0.2,100
1deffbf7,RIDER_145,7,17,0,6,Low,1.2,100
77e47673,RIDER_039,7,13,1,6,Medium,0.5,72
2a37c1c1,RIDER_137,2,12,1,0,Medium,-4.4,47
ed9bd451,RIDER_099,3,15,1,1,Medium,-4.5,53
82311ddb,RIDER_077,6,14,0,4,Low,9.9,94
3d2eb7ef,RIDER_115,3,19,0,10,High,-1.0,100
3c400c90,RIDER_134,2,19,1,0,Low,5.0,53
1d631f78,RIDER_091,4,14,1,9,High,12.5,87
be9ebbd3,RIDER_098,5,18,1,6,Low,0.3,62
f772203f,RIDER_120,9,5,1,4,Medium,3.8,73
22f98036,RIDER_046,3,20,0,4,Medium,3.2,96
a385c069,RIDER_038,3,6,1,7,Medium,3.3,43
f91a2531,RIDER_142,6,18,0,8,Medium,4.0,100
7b5a4e8c,RIDER_100,5,14,1,9,Low,-2.8,50
36a4ba2b,RIDER_072,6,4,1,0,Medium,-3.8,50
02ca53b0,RIDER_035,7,23,0,9,Low,1.9,100
8381f839,RIDER_147,3,1,0,3,Medium,7.6,70
6e671262,RIDER_030,5,13,1,10,High,5.7,83
19d71de5,RIDER_078,8,11,1,1,Medium,-3.7,76
8f76bf52,RIDER_084,4,3,1,8,Medium,4.3,45
9882f0df,RIDER_113,2,17,1,8,Low,3.0,46
d381bf11,RIDER_025,4,18,1,0,Medium,2.6,66
72ba77e8,RIDER_088,2,10,0,2,Low,2.5,46
1a6b557c,RIDER_014,3,16,1,9,Low,3.2,45
c055698b,RIDER_102,4,21,1,7,Low,1.9,61
1f9b6554,RIDER_150,4,13,1,1,High,-0.4,68
9d08f662,RIDER_083,9,20,1,1,High,1.1,92
d66c7864,RIDER_110,6,12,1,1,High,-5.4,80
d0f73fa5,RIDER_131,9,4,0,4,High,4.1,100
b0b9a8a0,RIDER_019,4,8,1,8,Medium,4.0,61
1300bc85,RIDER_028,9,12,0,6,Low,8.6,100
08736cdb,RIDER_071,9,19,1,6,Medium,4.4,90
f6fdc5db,RIDER_063,6,15,0,1,Medium,1.2,74
07416d73,RIDER_073,5,16,1,1,Medium,3.9,67
9afe255e,RIDER_124,3,12,0,4,Medium,0.7,80
2ac2d6d7,RIDER_119,5,20,1,6,Medium,-0.7,62
505c85cf,RIDER_121,3,18,1,6,Medium,-7.6,59
f7c0ed8b,RIDER_019,5,22,1,8,Low,3.6,71
91d13735,RIDER_142,5,12,0,2,Medium,4.0,70
171f4ef0,RIDER_120,2,16,1,0,Low,7.2,54
083b65d0,RIDER_061,9,20,1,8,Low,7.8,86
8d775413,RIDER_030,7,11,1,0,High,3.4,82
da0e3ae5,RIDER_009,6,22,1,7,Medium,-3.0,69
af7a2e04,RIDER_064,5,20,1,4,High,-2.8,79
1fb55166,RIDER_120,4,14,1,7,Medium,2.9,61
5ecb8250,RIDER_052,8,2,0,6,Medium,5.6,100
047b1db6,RIDER_089,2,13,0,8,High,5.8,100
051c48f2,RIDER_142,8,14,0,1,Low,0.3,71
9f19d496,RIDER_053,1,6,0,8,High,-6.4,98
a1f6b6c0,RIDER_078,1,12,1,9,Medium,-2.8,45
272071c5,RIDER_041,3,7,1,4,High,-5.7,63
b62e1995,RIDER_068,5,4,1,4,High,3.3,64
73be6f79,RIDER_008,6,7,1,0,Medium,0.9,60
61d7bf1d,RIDER_002,4,13,1,5,High,0.8,66
a4b34dfe,RIDER_105,7,11,0,9,Medium,3.9,100
19866216,RIDER_125,7,8,0,9,Low,0.6,100
5c8339a7,RIDER_110,2,19,1,9,High,9.7,80
fd58d49d,RIDER_086,2,2,1,9,High,1.2,47
7b405c3e,RIDER_120,2,21,0,2,Low,-4.9,53
b631dbd7,RIDER_127,2,18,0,9,High,-8.2,100
6de0d74e,RIDER_016,9,21,1,2,Medium,4.1,94
b6a0d5f3,RIDER_062,5,10,0,2,Low,4.5,58
91f689eb,RIDER_113,8,6,0,3,Medium,4.5,97
4bb84576,RIDER_012,5,24,1,8,Medium,-3.2,69
6add832f,RIDER_035,5,22,1,7,Medium,-1.5,74
cb7f16d7,RIDER_011,1,4,0,5,Medium,8.7,74
e69312b9,RIDER_064,6,19,0,7,High,1.3,100
a9697e7e,RIDER_050,4,14,1,7,High,-0.5,69
48f5cbb5,RIDER_149,3,14,1,0,Low,7.5,57
eb6e85ef,RIDER_069,6,18,0,8,Medium,-2.1,100
f8696b2e,RIDER_048,2,17,1,0,Low,0.3,41
fa1a9137,RIDER_020,8,18,1,10,Medium,7.0,92
c888a4b0,RIDER_101,1,18,0,1,High,7.3,74
ce86430f,RIDER_137,9,5,1,8,Low,7.4,70
b9f4501b,RIDER_068,8,9,1,6,Medium,5.0,73
ca257d4a,RIDER_035,1,1,0,9,High,10.1,100
bc9daeaa,RIDER_065,9,4,1,0,Medium,5.8,75
860d121b,RIDER_008,2,7,1,2,Low,3.3,42
cf8c8669,RIDER_045,3,11,1,0,Medium,2.0,51
9f41ed7a,RIDER_087,2,14,1,4,High,0.8,62
5b4a0f0d,RIDER_076,8,10,1,3,Medium,-3.0,72
146bd451,RIDER_076,2,19,1,7,Medium,-6.9,60
5ca55b58,RIDER_047,2,8,1,8,Medium,5.8,41
375933ef,RIDER_015,1,3,1,3,Medium,1.6,37
d83aaae7,RIDER_105,7,8,0,2,Medium,-1.4,64
130494a0,RIDER_147,2,18,0,3,Low,10.1,83
e844f47f,RIDER_026,5,5,0,2,Medium,6.8,64
10243a69,RIDER_052,5,20,1,5,High,1.4,81
bb46d54d,RIDER_093,3,11,1,0,High,4.3,74
2a61d171,RIDER_150,3,9,1,1,Medium,1.9,57
5f407b4a,RIDER_021,3,19,0,7,Medium,0.5,100
f347a368,RIDER_051,6,12,1,2,Medium,7.0,82
f926cd4a,RIDER_038,4,5,1,3,Low,3.1,42
c8c1bb10,RIDER_020,3,16,1,0,High,-3.0,64
1af35bfe,RIDER_132,2,13,1,2,Low,3.5,47
3c2b5942,RIDER_055,3,6,1,0,Low,4.5,43
e63ccbce,RIDER_092,4,16,0,10,Medium,8.8,100
7e1d2cff,RIDER_028,6,18,0,9,Medium,3.2,100
7271502c,RIDER_004,4,17,0,4,Medium,2.2,98
0ccd1021,RIDER_150,8,12,1,0,Medium,4.1,80
e938073b,RIDER_076,3,1,1,8,Medium,-2.2,33
2b38fd15,RIDER_067,3,7,0,6,Low,12.9,95
3a9a5ef3,RIDER_086,3,14,1,10,High,9.9,82
394c5e42,RIDER_091,8,18,1,7,High,5.9,97
007ef7eb,RIDER_105,4,23,0,8,Medium,3.3,100
a182a41f,RIDER_001,1,1,1,9,Medium,-3.5,29
c9f244bb,RIDER_072,2,20,1,7,Medium,2.1,54
de0aca1f,RIDER_087,2,10,1,2,Medium,4.0,47
53d11bc7,RIDER_006,3,15,1,6,Medium,-2.1,55
a5b3e1b3,RIDER_145,6,11,1,6,Low,-0.2,55
441e9287,RIDER_061,8,4,1,6,Medium,0.1,56
c5f6001d,RIDER_012,1,15,1,7,Medium,-0.5,47
17a8f925,RIDER_006,9,21,1,3,High,8.7,100
988196bc,RIDER_027,1,16,1,10,Medium,1.3,51
61df652d,RIDER_136,2,15,0,5,Medium,7.4,95
e0dc9a4c,RIDER_124,3,17,1,1,Medium,0.1,55
4758037a,RIDER_106,7,23,1,6,Low,0.6,75
e9bb5e7b,RIDER_093,9,11,1,8,Medium,2.2,89
5d0758a8,RIDER_109,3,18,1,4,Medium,2.8,59
ded617b7,RIDER_099,8,16,1,3,Medium,-2.2,76
eb8f36e9,RIDER_142,9,15,1,1,Medium,3.4,83
9b2b5d1a,RIDER_035,7,11,0,6,High,-2.4,100
63bc2467,RIDER_084,4,13,1,1,Medium,9.4,69
1e194e7f,RIDER_056,4,18,0,1,High,-0.1,73
b94d71d3,RIDER_141,4,8,1,8,Low,5.5,47
1739927a,RIDER_049,6,9,1,1,High,-0.2,83
d86489fa,RIDER_046,4,22,1,9,Medium,7.1,77
0d35b7d6,RIDER_113,5,11,0,2,Low,0.1,46
2c9da085,RIDER_136,9,17,1,2,Low,1.8,82
756dd3c5,RIDER_043,7,1,1,1,Medium,1.0,53
edc39d7e,RIDER_148,8,11,1,9,Low,0.8,64
60acbf03,RIDER_124,5,7,0,2,Medium,-3.9,47
5d2efc3e,RIDER_097,5,8,0,8,Medium,-0.9,100
7056b53d,RIDER_090,7,19,0,10,Medium,3.4,100
18bb8afe,RIDER_039,8,4,1,10,Medium,4.2,72
63517073,RIDER_085,9,4,1,10,Medium,-2.5,71
fbc338a8,RIDER_062,2,19,0,2,High,-0.6,65
d96f01c6,RIDER_106,3,24,1,4,High,1.7,82
1f2dec7a,RIDER_107,2,9,1,6,Low,2.3,46
2fe8d159,RIDER_054,7,17,1,0,High,3.5,93
0c1512f1,RIDER_126,2,18,1,0,Low,6.2,54
242c4433,RIDER_009,2,1,0,9,Medium,3.3,90
0dd3b529,RIDER_088,2,14,1,1,High,-2.0,61
f3900f9d,RIDER_037,4,4,1,0,Medium,4.8,49
8deba3f8,RIDER_049,1,10,1,0,High,5.9,60
e3d82293,RIDER_041,2,23,0,9,High,-4.3,100
1f4bb4fb,RIDER_017,3,14,1,3,High,3.9,67
aa3cc9fb,RIDER_088,7,7,1,9,Medium,7.3,73
4de39f29,RIDER_021,1,12,0,2,High,-0.6,61
e1a28a66,RIDER_051,6,22,1,0,Low,4.8,73
5a478a2f,RIDER_059,3,16,1,2,Medium,-0.8,51
2e6f1f66,RIDER_041,3,5,1,0,Medium,0.8,52
a91d1521,RIDER_039,4,11,0,2,High,-1.5,64
0a9c5b64,RIDER_141,4,4,1,3,Low,4.5,43
58f821d5,RIDER_011,7,13,1,10,High,5.1,89
0d34ecad,RIDER_147,3,8,0,10,High,3.7,100
4d467539,RIDER_139,8,7,1,7,High,4.4,81
efa3d4c4,RIDER_077,8,11,0,2,Low,4.9,70
926f6eb0,RIDER_127,7,11,1,2,High,7.4,92
5e06f22b,RIDER_046,2,17,0,8,Medium,-0.3,100
f66f107e,RIDER_045,5,22,1,10,Low,-8.1,60
c3befcb4,RIDER_001,6,14,1,8,High,0.4,74
1e227af8,RIDER_108,4,2,1,5,Low,0.4,38
9b827e0a,RIDER_019,5,20,1,9,Medium,5.3,75
a61a84ae,RIDER_076,9,21,1,3,Low,-7.0,85
2cc28d33,RIDER_072,7,8,1,9,Medium,3.1,68
ff6364cc,RIDER_109,2,22,0,4,Medium,7.4,97
d5c97b7b,RIDER_012,1,2,1,8,High,2.1,47
501ee89d,RIDER_045,2,21,1,0,High,4.3,77
9cc725e0,RIDER_090,3,15,0,6,Medium,-0.8,90
1ff32855,RIDER_103,2,5,0,10,Medium,4.9,100
65f889e0,RIDER_008,3,6,1,6,Low,1.6,41
04149a0e,RIDER_091,9,17,1,9,Medium,-0.3,81
bcad4d4c,RIDER_087,4,8,1,0,High,2.2,64
73be4726,RIDER_084,9,19,1,0,Low,5.4,87
cac6177a,RIDER_082,3,5,0,8,Low,1.6,91
f9a0dbf9,RIDER_146,1,23,1,6,High,1.3,67
d19be9cd,RIDER_068,5,19,1,3,Medium,1.8,71
46d96833,RIDER_127,2,14,1,8,Medium,3.1,50
24abaaca,RIDER_082,4,10,1,4,High,2.8,68
02ef1dd4,RIDER_147,2,13,1,2,Low,2.8,43
c8a319a9,RIDER_084,2,22,0,1,High,-2.9,78
1c94ff08,RIDER_113,3,5,1,8,Medium,1.4,48
405a5644,RIDER_076,5,7,0,3,Medium,7.1,83
9545cafc,RIDER_122,4,10,0,6,Medium,4.3,98
8adf2bfa,RIDER_143,2,11,1,0,Low,6.8,45
770f2cb0,RIDER_041,2,3,1,8,Medium,3.7,40
93edf183,RIDER_002,6,13,1,8,Low,2.9,62
30595b76,RIDER_029,7,2,1,9,Low,7.8,58
33710e2b,RIDER_105,6,4,0,5,Medium,0.2,89
7e16cec3,RIDER_051,7,3,1,5,Medium,0.0,59
c0a09039,RIDER_075,1,15,1,5,Medium,8.9,68
54f68016,RIDER_010,6,4,1,4,Medium,5.6,54
d35153a7,RIDER_142,3,23,1,10,Medium,0.9,64
d97661fe,RIDER_051,1,21,1,0,Medium,-0.5,49
83f9cd9d,RIDER_118,8,4,1,3,High,-2.1,65
fbd513b9,RIDER_121,4,15,1,9,Low,0.7,53
6ee9e2ed,RIDER_039,8,6,1,0,Medium,5.7,74
90073d34,RIDER_028,4,23,1,4,Medium,-6.7,71
3e224847,RIDER_003,4,5,0,3,Medium,6.4,79
8fe6d289,RIDER_084,4,12,1,7,Medium,4.8,58
b0867866,RIDER_117,6,7,1,0,High,-2.1,68
afb196c9,RIDER_002,9,3,0,7,Medium,2.2,100
d8db394b,RIDER_093,5,7,0,7,Medium,-0.0,91
cb2e262c,RIDER_131,8,12,1,0,Medium,-1.6,71
13d29de6,RIDER_144,8,15,1,8,Medium,3.2,81
2e431981,RIDER_094,4,19,1,8,Medium,4.2,67
299533e2,RIDER_040,9,6,1,5,Low,5.1,69
8c42039b,RIDER_002,9,8,1,0,Medium,-5.1,78
d7b45650,RIDER_081,5,6,1,6,Medium,0.2,57
b6a38f0b,RIDER_012,6,3,0,6,Medium,4.5,94
6dcaeec9,RIDER_065,5,5,1,8,Medium,5.9,63
43a510d7,RIDER_055,3,9,1,0,High,3.0,64
92ae0326,RIDER_045,8,24,0,7,Medium,6.3,100
d34c6549,RIDER_101,9,16,0,10,Medium,2.8,100
31600761,RIDER_062,4,22,1,7,Medium,4.1,75
0bb24bf9,RIDER_049,9,16,0,6,Medium,-1.3,100
2146bae6,RIDER_127,9,9,0,5,Low,4.9,100
799c5955,RIDER_023,7,18,1,0,Low,-3.2,74
ca97d927,RIDER_038,8,13,1,10,Medium,-2.1,73
6103c72d,RIDER_028,3,11,1,9,High,-1.1,62
836c6f9b,RIDER_021,5,10,1,10,Medium,8.7,70
e1090f74,RIDER_107,3,10,1,7,Medium,0.6,46
07bb8f5f,RIDER_146,7,6,1,4,Low,3.8,63
9b7f0908,RIDER_099,6,16,0,3,Medium,4.2,97
2bd4b608,RIDER_119,3,12,1,4,High,4.1,66
545626b0,RIDER_073,9,4,0,4,Low,-2.0,87
5aa92e33,RIDER_122,1,5,1,9,Medium,3.5,33
0ac21e6d,RIDER_030,3,2,0,2,Low,-1.9,20
f59fb661,RIDER_108,7,19,1,3,High,-4.6,90
7a69fb6f,RIDER_098,3,1,1,3,Medium,8.8,57
2b92038b,RIDER_032,3,4,0,7,Low,1.0,77
21bd2461,RIDER_079,2,12,1,4,Low,1.2,39
347a803f,RIDER_041,9,2,1,5,Medium,6.3,71
5db15b7c,RIDER_063,4,12,0,9,Medium,5.4,100
5e9ac952,RIDER_023,6,16,1,1,Medium,-0.3,67
31a42308,RIDER_104,2,2,0,8,Medium,3.4,91
58b869a2,RIDER_075,9,17,1,7,Medium,4.4,86
04d62f09,RIDER_048,7,2,1,7,High,-2.9,67
25e8cf20,RIDER_057,5,4,1,9,High,-0.7,58
6f4e899b,RIDER_118,7,6,0,4,Medium,1.0,80
1ac14edb,RIDER_100,4,23,1,4,Medium,2.5,75
ea52c2f0,RIDER_124,7,7,0,2,Low,7.6,67
261bac52,RIDER_034,2,23,0,10,Medium,-0.4,100
49a856f7,RIDER_007,7,15,1,1,Medium,8.3,86
ac90ad19,RIDER_056,4,20,1,8,Medium,4.3,65
fcefcff6,RIDER_065,4,12,0,5,Medium,-4.0,93
d585f9f1,RIDER_047,1,5,1,7,High,3.7,50
47eefd9d,RIDER_148,3,14,1,3,Low,8.2,61
2f6cd78d,RIDER_019,5,16,1,4,High,1.6,73
f325162b,RIDER_146,5,11,0,9,Low,-0.5,100
ad114b42,RIDER_126,2,12,0,4,Low,0.1,71
e4916e95,RIDER_139,4,19,1,10,Medium,4.4,73
33fd8736,RIDER_049,1,17,1,9,High,-3.1,54
aaf0bc9f,RIDER_113,9,24,0,3,High,9.5,100
9ee9f7a6,RIDER_038,1,7,1,10,Medium,6.9,43
d2a31b73,RIDER_064,6,9,0,1,Medium,5.2,63
a91f253e,RIDER_069,7,14,1,5,Medium,-2.2,68
200338ab,RIDER_136,3,20,0,3,Medium,8.3,93
a71de70c,RIDER_116,1,12,0,10,High,7.6,100
bbb87c8c,RIDER_065,7,15,1,3,High,8.3,93
5b348000,RIDER_031,3,12,1,9,High,3.8,67
14cdef25,RIDER_132,6,21,1,2,Medium,2.7,75
e7f4d7f1,RIDER_113,6,21,1,7,Medium,3.7,80
69284038,RIDER_109,4,23,1,5,Low,4.6,69
5689ba7a,RIDER_069,6,13,0,8,Medium,7.8,100
3d179c1f,RIDER_120,4,9,1,4,Medium,-2.8,46
792fe885,RIDER_088,8,24,1,5,Low,3.6,82
9fb7d0e4,RIDER_067,9,7,0,8,Medium,4.7,100
9fe86297,RIDER_075,2,1,1,3,Medium,6.8,38
5b374c15,RIDER_045,7,10,1,9,Medium,1.5,71
3bdedb19,RIDER_004,9,6,0,6,Low,3.0,100
33eeeb53,RIDER_107,9,15,0,9,Medium,2.2,100
defc926e,RIDER_051,5,15,1,9,Medium,3.9,67
57bbf13c,RIDER_050,1,9,1,10,High,0.4,48
ba625bea,RIDER_006,6,13,1,10,Low,5.3,62
e1714949,RIDER_059,8,23,0,5,Medium,4.3,100
f74f8da3,RIDER_125,1,1,0,5,Low,-3.1,46
abb4b8a0,RIDER_143,2,9,0,5,Low,-2.0,70
6b47b932,RIDER_030,1,3,1,3,Low,2.0,26
a4ee6aad,RIDER_122,5,9,1,9,Medium,15.0,85
a35540f2,RIDER_125,2,20,0,5,High,1.6,100
523a4df1,RIDER_037,4,15,1,6,High,-1.4,72
55799429,RIDER_124,1,24,1,1,Medium,-0.2,61
5a7f972c,RIDER_101,7,7,1,10,Medium,4.7,72
79e96f27,RIDER_035,8,4,0,8,Low,9.1,100
6faa7515,RIDER_087,5,20,1,6,Medium,0.1,67
c0f79cd4,RIDER_134,2,17,1,2,Low,3.4,50
2a9ee5c1,RIDER_018,8,22,1,9,Low,0.5,80
faf49dbf,RIDER_113,1,4,1,9,Low,5.2,33
4a6b3344,RIDER_029,7,19,0,6,Medium,0.5,100
d17bd98c,RIDER_077,1,5,1,9,Low,5.7,32
a333b376,RIDER_059,6,16,1,9,Medium,-7.9,71
1fb3e8c1,RIDER_126,6,3,1,4,Low,5.1,52
4c9cfa09,RIDER_145,5,11,1,8,High,1.5,67
6980719b,RIDER_109,2,22,1,5,Low,4.6,54
1480a741,RIDER_022,2,15,1,10,Low,2.1,40
1c58b7f3,RIDER_068,9,19,0,6,Medium,-2.7,100
0bfbc947,RIDER_069,5,21,1,3,High,2.9,84
a5ce3e83,RIDER_049,5,24,1,1,High,5.3,100
2c84f33b,RIDER_141,7,14,1,10,Medium,3.1,78
21ce8e7b,RIDER_109,6,16,1,3,Low,-3.8,67
d1322e59,RIDER_086,2,24,1,8,Low,2.9,63
5483a1ef,RIDER_053,1,6,0,2,High,4.1,51
46d3041b,RIDER_123,5,5,1,6,Medium,0.4,56
35159c55,RIDER_087,4,21,1,3,Medium,-10.0,66
195a8513,RIDER_131,3,17,1,2,Medium,0.1,61
c5be5222,RIDER_042,2,16,1,4,Medium,-3.0,45
71945d10,RIDER_098,2,2,1,1,Medium,1.6,38
921d2db0,RIDER_109,4,11,0,10,Medium,-3.0,100
dab9998b,RIDER_051,2,4,1,9,Low,-3.2,34
ee1ffce3,RIDER_085,4,6,1,3,Low,5.1,43
7cc10d18,RIDER_127,3,7,0,6,Medium,2.7,86
5546d833,RIDER_021,9,17,1,1,High,4.0,100
5d602050,RIDER_044,7,8,1,9,Medium,-0.3,65
92a87d62,RIDER_139,3,1,1,5,Medium,0.1,45
461616de,RIDER_103,8,15,1,4,High,-0.6,90
d2702b62,RIDER_068,9,20,1,2,Medium,-0.0,89
f0c822ff,RIDER_129,7,12,1,4,Low,0.2,64
67be8707,RIDER_092,6,15,1,9,Low,-2.0,60
f37dfb7c,RIDER_024,4,23,0,6,High,-0.8,100
6edefc47,RIDER_125,5,22,0,2,Medium,2.8,73
db27a4ab,RIDER_141,8,15,0,7,High,-2.0,100
ec96493b,RIDER_111,3,9,0,6,Medium,3.3,90
70c218b7,RIDER_098,2,16,1,3,Medium,-4.3,46
83f46ea7,RIDER_139,3,2,1,4,Low,3.2,31
a1b6aad1,RIDER_017,7,15,1,9,High,1.7,87
134b975c,RIDER_099,8,15,0,10,Low,3.3,100
2e9a4f39,RIDER_082,1,7,1,3,High,3.3,56
ef298ff1,RIDER_104,7,21,1,1,Low,-2.1,72
92dcd7d9,RIDER_019,9,13,0,8,Low,2.2,100
95d18d4a,RIDER_085,3,23,1,0,Low,-2.5,53
371e0a9a,RIDER_008,3,17,0,7,High,0.4,100
f3f7a9f3,RIDER_028,8,11,1,3,Low,5.8,78
17b3ac2f,RIDER_005,4,10,1,8,Medium,-1.9,44
ea78b9d2,RIDER_145,8,1,1,2,Low,1.8,56
704624d5,RIDER_101,5,14,1,6,Low,-1.2,57
4ae998dd,RIDER_118,3,5,1,2,Medium,3.2,50
61b32db1,RIDER_147,4,8,1,9,High,5.7,78
ef2b4394,RIDER_064,4,1,1,6,High,0.1,50
7c7694f1,RIDER_091,8,7,1,1,Low,2.9,61
e841d6cd,RIDER_117,6,2,0,2,High,1.1,58
9152899d,RIDER_098,7,7,0,7,Medium,-1.9,100
58c15616,RIDER_011,9,7,1,6,Low,3.4,65
83f7c2f9,RIDER_054,6,9,1,10,Medium,3.9,69
553277c7,RIDER_047,3,22,1,2,Low,-1.9,51
3c8eab45,RIDER_140,3,4,1,7,High,5.5,62
67bd0d52,RIDER_149,3,23,0,8,Medium,7.1,100
5d7b901d,RIDER_139,2,7,0,1,Low,-1.6,29
1a3a3470,RIDER_005,1,20,0,1,Medium,7.5,68
73f675a3,RIDER_020,1,18,1,6,Medium,2.0,44
95431f5c,RIDER_046,4,13,0,10,Medium,1.7,100
0c537997,RIDER_012,3,11,1,7,Medium,8.7,64
f56b6539,RIDER_070,5,9,1,4,Medium,5.4,63
f27ee771,RIDER_017,9,14,1,1,Medium,-0.5,83
c3ccaf67,RIDER_115,8,8,0,9,Medium,-0.0,100
d206fbe9,RIDER_147,9,21,1,4,High,3.3,100
e54a427d,RIDER_048,5,14,1,2,Low,3.3,56
12037f60,RIDER_108,8,21,1,8,Medium,1.8,85
0b318b88,RIDER_052,4,17,1,1,Medium,-0.8,65
ef6c5d8b,RIDER_096,5,14,1,8,Low,-0.2,50
fd18cc6c,RIDER_070,3,24,1,1,High,1.9,77
991e3922,RIDER_102,5,5,1,0,Low,-4.3,37
564148ef,RIDER_075,3,10,0,9,High,4.0,100
83301faa,RIDER_143,5,6,1,5,Medium,3.0,65
57152791,RIDER_082,5,10,1,10,Medium,-1.7,59
9b7d70df,RIDER_092,6,11,1,5,High,3.9,76
3d51ded2,RIDER_004,9,24,0,3,High,-4.9,100
b6abe17d,RIDER_135,1,6,1,1,High,3.5,47
875dbed0,RIDER_109,6,10,0,9,Medium,5.6,100
1e102275,RIDER_048,1,14,1,10,Medium,3.6,49
bc86211b,RIDER_073,6,20,1,2,High,4.4,94
93bad6e3,RIDER_072,2,3,0,5,Medium,4.7,79
48cd8254,RIDER_116,8,7,1,3,Medium,3.6,66
4fa3054e,RIDER_081,3,2,1,4,High,1.8,52
18cd47e5,RIDER_081,6,7,1,10,Medium,0.7,62
091143fa,RIDER_113,6,17,1,8,Medium,6.6,79
7fb98597,RIDER_096,4,13,1,4,Medium,4.4,60
d6dcbb8e,RIDER_072,5,21,0,9,High,6.7,100
a4f31252,RIDER_147,2,9,0,10,Medium,6.0,100
ccd45ec3,RIDER_063,8,13,1,7,Low,-2.7,64
79ef50be,RIDER_038,7,15,1,1,Medium,-0.7,78
489a582e,RIDER_067,6,13,0,5,High,-5.4,100
b3c04385,RIDER_069,7,17,1,10,Medium,-4.2,80
8f43d457,RIDER_013,1,8,1,10,Medium,-5.2,41
8e7fd235,RIDER_031,5,9,0,5,Low,-7.0,82
dd41e12e,RIDER_114,7,9,0,4,Medium,1.0,90
87a6d545,RIDER_022,1,8,0,5,Low,6.7,72
409b5f9b,RIDER_093,2,16,0,4,Medium,3.4,82
085897a3,RIDER_067,9,20,0,1,Medium,4.8,92
a5fbb6d1,RIDER_054,3,7,1,4,High,2.2,60
a3d01960,RIDER_138,6,17,1,0,Low,2.6,64
be5165e0,RIDER_042,7,7,1,2,Low,5.1,69
504a43ca,RIDER_064,9,6,1,6,Low,1.3,60
669b2230,RIDER_126,5,5,1,3,Low,2.5,50
27ac92cd,RIDER_021,4,17,0,7,Low,0.4,99
194b8d59,RIDER_035,2,8,1,2,High,-2.9,56
2cefd93a,RIDER_030,3,1,0,6,Medium,1.5,82
55c09f06,RIDER_057,5,16,1,1,High,-2.7,81
27bda7c4,RIDER_047,2,17,1,7,Low,5.5,51
c020c153,RIDER_019,4,3,0,2,High,4.0,56
7a4b7191,RIDER_114,1,13,0,5,Low,8.0,90
5c76c965,RIDER_008,4,8,0,1,High,-1.1,61
89884320,RIDER_026,7,16,1,6,Medium,-3.5,67
19a34029,RIDER_113,3,24,0,3,Medium,-4.1,86
4a5b498f,RIDER_071,8,7,0,5,Medium,8.3,100
c36da7b6,RIDER_030,6,21,1,1,High,0.4,91
080b335f,RIDER_135,6,15,1,2,Medium,-4.0,67
1a2d55b9,RIDER_067,1,24,1,2,Low,3.9,59
86529b5c,RIDER_065,5,2,0,3,Medium,0.7,67
c4172dde,RIDER_036,3,24,1,0,High,-1.8,72
3fb32d34,RIDER_025,1,2,1,5,High,7.9,56
301db66c,RIDER_037,8,10,0,10,Medium,1.4,100
7d0d2e1d,RIDER_001,7,5,1,5,Low,4.3,59
67a26222,RIDER_143,7,4,0,3,Medium,3.7,88
abd2231d,RIDER_037,4,15,1,7,High,12.9,87
15cdc896,RIDER_141,6,13,1,4,Medium,1.2,69
052ed460,RIDER_136,9,17,1,9,Medium,-2.0,85
93f8cd09,RIDER_133,3,21,0,3,Medium,-0.7,79
b5e0cbb3,RIDER_128,9,23,0,6,Low,6.0,100
edb71231,RIDER_127,4,1,0,9,High,3.0,100
6d5786a6,RIDER_001,5,18,0,9,High,0.1,100
cf483e33,RIDER_035,7,15,1,7,Low,3.4,66
6a0b2c8f,RIDER_104,6,14,1,1,High,7.3,90
bcea78cb,RIDER_023,8,9,1,0,High,8.6,99
bf2a8f09,RIDER_009,8,12,1,5,Medium,3.5,79
c19f14bc,RIDER_034,8,5,0,1,Medium,6.5,81
22823bef,RIDER_128,3,23,1,10,Low,-3.7,53
d905eeb1,RIDER_004,6,2,0,7,Low,4.5,96
2060b7dc,RIDER_102,7,23,0,4,Medium,1.3,100
2273407d,RIDER_075,9,23,1,1,Low,-2.6,84
b4b1596a,RIDER_099,4,7,0,10,High,-1.7,100
71ba5228,RIDER_072,5,21,1,4,High,-1.3,84
9b17ce51,RIDER_003,8,9,0,1,Low,3.2,59
7e7f2173,RIDER_142,1,18,1,5,Low,-2.4,40
335a9071,RIDER_034,6,4,1,7,Low,4.8,55
6a5aed8f,RIDER_045,4,2,1,1,High,5.9,65
25cf955a,RIDER_061,5,24,0,5,Medium,1.5,100
6e67ac09,RIDER_083,5,1,0,5,Medium,1.2,82
41e6aaaa,RIDER_123,2,12,1,0,Medium,2.6,52
eb2c4b78,RIDER_102,8,13,0,8,Low,0.0,100
087071df,RIDER_016,2,14,1,7,Low,7.8,52
536465f9,RIDER_066,4,5,0,3,Medium,-6.4,63
fda0277d,RIDER_145,5,3,1,6,Medium,0.5,47
ac9c9860,RIDER_119,1,4,1,3,Medium,-4.3,33
0370c42a,RIDER_124,6,17,0,7,Low,4.3,100
51d946c1,RIDER_144,2,19,1,9,Medium,2.9,63
4c3b0054,RIDER_102,5,11,1,1,Medium,5.0,64
52782e76,RIDER_066,6,8,1,1,Medium,2.6,65
6e6ec45a,RIDER_013,8,12,1,2,Low,3.6,75
429851cd,RIDER_111,9,18,1,3,Low,-1.5,72
83f40894,RIDER_034,6,18,0,10,Low,2.6,100
ed856c3c,RIDER_039,5,9,1,5,Medium,-1.1,55
6b46e9c8,RIDER_136,4,5,1,4,Low,4.4,38
24087a3d,RIDER_120,2,21,1,9,High,-1.8,75
ddfcc00f,RIDER_126,2,17,0,9,Low,-0.1,99
9b090466,RIDER_055,7,13,0,6,Medium,1.7,100
7a140ac0,RIDER_027,5,6,0,5,High,8.1,100
c53dbe72,RIDER_118,7,24,1,3,Low,2.1,72
d11bcb2e,RIDER_053,1,22,1,10,Medium,10.1,64
b4c67bbd,RIDER_039,1,14,0,9,Medium,7.5,100
d001a32d,RIDER_065,5,15,0,8,Medium,0.8,100
90074a37,RIDER_145,2,23,1,6,Medium,3.6,68
e1d8d13b,RIDER_013,8,14,1,0,Low,4.2,82
d0336c2e,RIDER_021,3,4,1,7,Low,-9.8,39
e5bacd1e,RIDER_147,1,18,1,3,High,-4.9,61
0ee6ef51,RIDER_053,2,1,0,6,Medium,3.8,76
fd3da5a7,RIDER_019,7,12,1,10,Low,4.0,65
a1f9a0ee,RIDER_057,6,22,1,1,Medium,2.6,71
2ac7dac1,RIDER_025,8,9,1,2,Low,-2.5,62
5975dc8c,RIDER_031,7,10,1,0,Low,11.6,78
06737192,RIDER_081,8,21,1,1,Low,4.3,78
cf5dc75d,RIDER_023,3,18,1,10,Medium,6.1,61
bce9c8af,RIDER_032,6,17,0,4,Medium,5.7,100
2e999652,RIDER_074,7,19,1,1,High,2.6,96
c77a09d9,RIDER_010,1,4,1,5,Medium,2.3,31
636d1850,RIDER_054,1,16,1,5,Medium,5.6,50
46102a57,RIDER_052,7,7,1,5,Low,-0.1,52
045ae290,RIDER_148,3,9,1,10,Medium,5.9,57
d3790bdf,RIDER_114,3,8,1,2,Medium,2.7,47
7d79c9ba,RIDER_014,5,7,0,10,Low,4.4,100
824956a2,RIDER_110,6,10,1,2,High,2.7,76
955ff2fd,RIDER_053,2,8,0,9,Low,-1.5,89
9a95f3ef,RIDER_079,3,24,1,6,High,1.3,79
c1a6be80,RIDER_022,6,17,1,3,Medium,6.9,84
935691bd,RIDER_030,3,12,0,5,Medium,4.6,92
6def81ee,RIDER_004,5,14,1,7,High,6.4,76
a0177cdb,RIDER_059,9,12,1,2,Low,5.8,80
afab398b,RIDER_008,3,2,1,8,Medium,-0.3,42
ddb98e9e,RIDER_012,6,12,1,8,High,-4.2,80
9c8d0004,RIDER_119,5,14,1,2,High,5.4,88
bdced125,RIDER_034,5,7,1,5,Low,1.3,56
fc5facb5,RIDER_082,6,13,0,4,Medium,4.8,99
d1c4432c,RIDER_098,6,21,0,3,Medium,7.6,100
6e979a94,RIDER_127,1,4,1,7,Medium,0.6,29
455fdd1f,RIDER_075,9,1,1,9,Low,-1.0,51
b4647269,RIDER_105,5,17,1,8,Medium,-2.1,64
d5111616,RIDER_049,1,3,1,8,Low,1.9,23
fc43636a,RIDER_079,8,17,0,4,Medium,-3.6,100
aaf05709,RIDER_093,7,8,1,4,Medium,3.4,70
c7a91a98,RIDER_018,7,3,1,10,Medium,3.6,63
c48fc22d,RIDER_096,5,10,0,2,Medium,3.6,63
9a78fed2,RIDER_038,1,2,0,8,Medium,-4.8,77
cfb0f228,RIDER_087,9,22,1,0,Low,6.8,93
0e39759f,RIDER_088,9,4,0,2,Medium,2.5,69
096fd2d4,RIDER_050,8,14,0,6,Low,0.2,100
b0b4d58f,RIDER_008,5,11,1,6,Medium,4.6,56
c3cef71b,RIDER_134,3,14,1,4,Medium,4.5,57
3e1ff0ea,RIDER_069,8,13,1,5,Low,-2.6,68
5d25cb4d,RIDER_121,1,4,1,3,Medium,1.8,29
351dcaaf,RIDER_064,3,2,0,7,Medium,-0.4,89
6b14fa8f,RIDER_139,7,2,1,3,Medium,0.3,61
e1b6c58a,RIDER_121,4,11,1,9,Medium,4.1,67
3cc2e793,RIDER_065,7,22,1,5,Medium,-1.5,86
4697950b,RIDER_107,5,5,1,4,Medium,4.2,60
c0c13212,RIDER_147,6,9,0,9,Medium,-1.7,100
a7e5edeb,RIDER_137,7,20,1,5,Medium,6.8,83
8355f882,RIDER_100,7,21,1,2,High,-0.6,97
1b0eea09,RIDER_082,7,17,1,2,Low,11.2,81
89099a99,RIDER_143,7,12,0,9,Low,5.3,100
67fdc345,RIDER_051,7,18,0,6,Medium,1.2,100
372b2253,RIDER_141,3,3,1,0,High,-1.8,49
b1699005,RIDER_083,3,5,1,0,Low,4.1,45
49acbc6e,RIDER_112,7,21,1,0,Low,6.1,84
702ad895,RIDER_056,2,20,0,5,Low,4.5,89
9f1584a9,RIDER_145,2,14,0,3,Medium,-0.3,68
ad2a50c6,RIDER_060,3,16,0,5,High,7.7,100
f6701e53,RIDER_120,4,19,1,0,High,3.2,80
4670acb4,RIDER_138,6,9,0,3,Low,-0.6,77
81e4f08f,RIDER_023,8,17,0,3,Low,10.9,100
048ee5cc,RIDER_149,7,22,0,1,High,4.6,97
0dbba305,RIDER_013,4,7,1,0,Low,3.6,50
042ba373,RIDER_101,2,10,1,7,Medium,0.1,44
cb6f6304,RIDER_024,2,4,1,5,Low,1.9,36
a47d4748,RIDER_108,4,10,1,3,Low,-1.3,41
b42e43f6,RIDER_011,6,3,0,1,Medium,2.7,58
cd7d349a,RIDER_017,3,24,1,4,Medium,4.2,72
7c334045,RIDER_025,6,9,1,8,Medium,-5.7,60
dbc7d3e7,RIDER_094,5,13,1,6,Medium,-3.2,66
2ca47ffe,RIDER_021,5,1,1,3,Medium,-1.6,46
98854e52,RIDER_084,2,15,0,4,High,-4.0,90
4535e323,RIDER_140,8,15,0,7,High,-1.3,100
bbe51fa9,RIDER_037,5,11,0,10,Low,7.9,100
e2f6181e,RIDER_042,2,10,1,4,Medium,6.6,55
92c84a5d,RIDER_145,7,7,0,5,Medium,-0.5,91
ac6b9f1d,RIDER_101,9,1,1,9,High,4.2,80
21a8e32d,RIDER_048,9,7,1,5,Low,-2.6,63
fb43dded,RIDER_103,1,5,0,7,Medium,9.8,93
2518842b,RIDER_028,7,23,0,10,Medium,1.2,100
abe585b3,RIDER_041,9,16,0,4,Medium,-6.1,100
19ed8686,RIDER_099,6,8,1,0,Medium,10.9,79
62e69824,RIDER_047,1,22,1,3,Low,0.8,46
bd66d118,RIDER_146,2,2,1,2,Medium,10.1,44
79b90925,RIDER_105,4,8,1,1,Medium,5.7,57
08830c22,RIDER_124,4,14,1,6,Low,3.2,60
ec706891,RIDER_013,2,4,1,6,High,-5.3,46
0223fa36,RIDER_141,8,24,1,7,Low,2.4,91
88caf60c,RIDER_100,2,15,1,9,Low,-4.2,40
a84b3074,RIDER_031,3,7,0,4,High,0.7,90
3cc147f9,RIDER_130,4,20,1,0,Medium,2.6,74
f9ce6513,RIDER_016,9,8,0,5,Medium,7.3,100
f291e395,RIDER_137,1,11,1,5,Medium,-0.4,35
36245c4d,RIDER_073,8,2,1,10,Low,10.6,65
54262f4c,RIDER_054,5,9,1,7,Low,-4.1,47
3eb2699a,RIDER_100,7,6,1,9,Low,-1.3,55
7f9382f0,RIDER_109,8,23,1,1,Low,2.7,79
89dce249,RIDER_087,5,1,1,10,High,-7.3,52
a3351774,RIDER_137,8,3,0,8,High,-2.7,100
388a6a6d,RIDER_008,8,10,1,10,Medium,3.9,73
744e77e8,RIDER_007,9,5,0,5,Low,5.7,99
7a63ed8f,RIDER_036,2,12,1,0,Low,-1.9,35
e39583b4,RIDER_018,3,23,1,8,Medium,-0.1,64
247e06a9,RIDER_003,1,1,1,7,High,4.0,49
6fac232e,RIDER_028,4,9,0,9,High,-4.9,100
0ebe6b82,RIDER_070,5,21,1,0,Low,1.3,59
dd65849f,RIDER_149,1,13,1,7,Low,1.1,34
0520d143,RIDER_028,8,19,0,6,Low,9.1,100
1b42df2f,RIDER_054,2,7,0,4,High,4.1,84
09e25575,RIDER_065,1,16,0,5,Medium,2.1,78
a2cf0ba5,RIDER_100,2,8,1,3,Medium,5.1,53
8e91b16c,RIDER_021,5,19,1,8,High,2.9,84
5c28226b,RIDER_013,9,7,1,8,High,-1.7,90
f237f6fd,RIDER_057,9,23,1,9,Medium,4.9,98
e4ba4835,RIDER_049,2,4,1,0,Low,5.4,34
13542a2a,RIDER_118,2,10,1,8,Low,0.7,35
24c1854d,RIDER_054,3,1,0,2,Low,2.8,28
c724b43c,RIDER_138,7,17,0,1,Medium,9.8,95
e6674e49,RIDER_053,3,21,0,3,Medium,2.8,84
ba7f334c,RIDER_044,1,13,0,3,Medium,1.2,57
3ea31378,RIDER_047,6,19,1,8,Low,-2.0,68
a49529a2,RIDER_053,3,13,1,3,Medium,-1.6,47
3b05819b,RIDER_074,1,9,0,4,Medium,2.4,70
c4bb58d9,RIDER_046,4,5,0,5,Low,-0.5,69
6a96f8d4,RIDER_013,1,23,1,3,Medium,4.4,63
78671b26,RIDER_102,1,1,1,0,High,0.3,35
5e9732da,RIDER_024,2,2,0,1,Medium,13.5,55
ded49929,RIDER_002,8,11,1,2,Low,2.9,65
63723042,RIDER_081,2,4,1,3,Low,-4.3,21
7a5611f0,RIDER_100,2,9,1,4,Low,2.8,41
d1e90ebb,RIDER_142,8,5,0,9,Medium,0.5,100
49ecbf0b,RIDER_138,6,5,1,9,Medium,4.9,60
fa3a8506,RIDER_131,4,8,0,2,Medium,2.0,51
7b312c1b,RIDER_111,3,2,1,10,Medium,3.7,47
cd97f2d7,RIDER_102,1,7,1,0,High,12.9,67
16fac22a,RIDER_017,3,17,0,10,Medium,1.2,100
428660e3,RIDER_012,9,11,1,10,Medium,4.9,84
8ab85e67,RIDER_116,5,15,1,7,Medium,6.4,77
fb3fba3e,RIDER_024,6,3,1,7,Medium,3.2,52
91f21dcb,RIDER_029,5,13,0,3,High,-4.4,86
a22f5783,RIDER_122,1,18,1,6,Medium,5.1,58
0fd5dc67,RIDER_090,1,20,1,3,Low,-6.0,47
2e5c4005,RIDER_065,4,20,0,2,Medium,8.8,80
852930fc,RIDER_084,3,3,1,6,Medium,-3.2,44
bb3d4f74,RIDER_119,8,2,1,5,High,9.8,91
fc759923,RIDER_016,7,5,1,0,Medium,2.3,65
df919fea,RIDER_104,7,20,1,8,Medium,5.5,79
31210196,RIDER_092,8,5,1,1,Low,4.0,62
e33e4b78,RIDER_027,7,13,1,2,Medium,5.9,77
83fd222a,RIDER_134,2,8,0,4,Medium,-5.9,69
5b9de165,RIDER_135,4,16,1,2,Low,-0.6,54
7f2f9e6f,RIDER_033,6,18,1,2,Low,3.6,62
ce3b6543,RIDER_055,3,16,0,7,Medium,2.2,99
c998f335,RIDER_007,3,1,1,3,Medium,0.4,28
97adf9eb,RIDER_057,6,8,1,9,Medium,2.8,70
858ffce3,RIDER_126,1,21,1,1,High,1.1,68
c9e3d316,RIDER_012,1,2,0,4,Medium,10.8,70
cec6eb97,RIDER_016,5,24,1,1,Low,7.4,78
9d423239,RIDER_043,1,5,0,9,High,7.9,100
e0aa6c33,RIDER_117,8,15,0,10,Medium,9.2,100
2dbd2206,RIDER_135,2,14,1,7,Low,4.0,38
2e2de43e,RIDER_111,6,3,1,2,Medium,-1.7,50
d687222a,RIDER_051,5,7,0,1,Low,0.9,48
8a1bf1bc,RIDER_075,4,4,1,2,Medium,3.4,51
160b5f0c,RIDER_008,1,11,1,2,Medium,2.6,46
bfb7ee4b,RIDER_045,3,12,1,0,High,-3.3,57
cbd8e9cd,RIDER_059,4,15,1,2,Medium,3.4,62
e8d8e8a0,RIDER_132,2,6,1,2,Low,-2.5,30
e847e8c6,RIDER_104,2,24,1,3,Low,9.8,69
9649dd91,RIDER_098,2,1,1,7,Medium,5.1,41
29454c90,RIDER_079,1,18,1,8,Low,1.2,39
0cbb2ab7,RIDER_124,2,14,1,0,Medium,2.3,56
71882060,RIDER_004,6,24,1,0,Medium,8.9,89
bf3157e6,RIDER_090,3,7,1,5,Medium,-4.0,41
f4df4757,RIDER_104,5,10,1,0,High,0.1,70
564f1a06,RIDER_137,1,9,1,4,Medium,4.1,41
868065c3,RIDER_119,8,2,1,0,Medium,-6.2,65
f5b0e775,RIDER_133,4,8,1,7,Medium,1.4,58
548c9300,RIDER_056,9,22,1,4,High,0.2,100
1eb0a2e1,RIDER_096,4,1,0,5,High,11.9,100
6a7e79e5,RIDER_075,2,20,1,3,High,1.5,72
ab6ca643,RIDER_143,3,2,1,7,High,-2.1,51
e78cc5f8,RIDER_032,5,7,1,8,High,-1.5,63
d7e5e58b,RIDER_028,6,16,1,8,Medium,-8.8,67
2245d4c5,RIDER_022,7,22,1,0,Medium,8.7,93
2e19db0d,RIDER_017,4,4,1,6,Low,2.4,35
8c108367,RIDER_059,7,21,0,3,Medium,1.3,100
016e40a2,RIDER_090,3,17,1,9,Medium,5.8,61
69415265,RIDER_106,7,4,1,10,High,4.2,75
166e0d01,RIDER_026,4,3,0,7,Medium,2.1,93
9bb12c8f,RIDER_025,8,9,1,6,High,-2.0,85
b70bab2f,RIDER_138,9,22,1,0,Medium,-0.2,97
db3c7736,RIDER_045,7,15,1,0,Low,2.5,67
d7114270,RIDER_083,8,20,1,0,Low,4.7,85
39c48cff,RIDER_011,8,3,0,1,High,-3.3,72
71c90280,RIDER_104,2,12,1,9,Medium,1.7,51
8c1cb976,RIDER_068,9,15,1,1,Low,7.2,82
6d96e6e6,RIDER_095,6,20,1,8,Medium,-3.0,67
5c0fa3d6,RIDER_065,4,8,0,4,Low,5.0,79
093c80c9,RIDER_049,5,12,1,0,High,-3.2,69
3b1fa3d9,RIDER_052,5,21,1,6,Low,-0.1,63
aa55e3a3,RIDER_102,7,13,1,9,Medium,-5.9,63
0f9942f5,RIDER_057,9,15,1,1,Medium,3.2,80
6d724d44,RIDER_047,7,11,1,2,High,-1.1,72
0802670f,RIDER_026,9,17,1,3,Medium,-6.0,85
40b0341c,RIDER_114,4,21,0,2,Low,2.6,58
5e6c4ec0,RIDER_005,4,24,1,2,High,6.2,96
09d0cedc,RIDER_084,6,12,1,8,Medium,3.6,63
d4cbb148,RIDER_052,8,20,1,3,Low,3.4,80
10427011,RIDER_105,9,18,1,7,Medium,5.1,84
eaf31e7b,RIDER_054,1,16,1,0,High,-0.9,67
cae0bafb,RIDER_015,1,3,1,5,Medium,2.4,29
bc28ae5a,RIDER_061,8,9,1,0,High,10.8,100
7c660b51,RIDER_122,7,7,1,4,Medium,2.6,64
e9613de6,RIDER_021,9,19,0,6,Medium,-1.3,100
edc7bded,RIDER_046,3,5,1,0,Low,3.4,35
2a8940ee,RIDER_134,5,19,1,8,High,0.5,81
f8aa3919,RIDER_038,3,10,1,10,Medium,1.9,48
4ff5e5b9,RIDER_062,5,20,1,8,Medium,5.0,87
fabde3c4,RIDER_086,1,12,1,5,Medium,-0.2,38
647e7d04,RIDER_078,4,8,1,1,Medium,-9.4,46
70915082,RIDER_046,6,3,0,1,Medium,1.3,61
b3e1ed4e,RIDER_141,2,19,1,8,Medium,4.0,63
ea6bab2d,RIDER_003,7,11,0,3,Medium,9.0,97
509df0d4,RIDER_006,8,8,1,5,Low,6.3,70
707fb26f,RIDER_093,1,13,0,9,Medium,0.7,100
29f85de0,RIDER_008,4,23,1,1,Medium,3.9,75
6e761430,RIDER_108,4,23,1,3,Medium,1.0,73
7efaad47,RIDER_075,5,10,0,1,Medium,5.5,61
2b6a06be,RIDER_077,4,18,1,2,Low,1.4,57
d912b9c0,RIDER_050,9,12,1,1,Low,5.0,76
3288366a,RIDER_011,7,7,0,7,Medium,8.7,100
504088c4,RIDER_095,2,11,1,4,Medium,12.2,61
fed59f3b,RIDER_070,1,10,1,4,Low,-4.0,29
1805516b,RIDER_016,9,3,0,7,Medium,-5.2,100
127e203e,RIDER_068,1,7,0,10,Medium,-1.7,100
b7819de5,RIDER_099,6,4,0,7,Low,1.8,97
4fe8fc1f,RIDER_048,2,8,1,6,Medium,-0.1,33
5d6c16f1,RIDER_064,4,8,0,4,Low,7.0,87
0f3ca1a7,RIDER_090,6,6,0,6,Low,-1.2,92
da342a1b,RIDER_076,5,13,1,0,Medium,-2.5,60
03ec5f5d,RIDER_139,6,12,0,2,Medium,7.3,75
bce5f0ef,RIDER_101,3,3,1,2,Medium,4.2,48
df8c4edc,RIDER_089,5,6,1,1,Medium,3.2,57
3e517a37,RIDER_018,2,22,1,5,Medium,-2.5,61
511abe89,RIDER_019,7,19,0,2,Medium,6.3,92
b0bd5b55,RIDER_055,3,11,1,3,Medium,1.1,43
098b350a,RIDER_102,1,4,0,2,High,2.5,46
886420de,RIDER_118,8,15,0,6,High,3.4,100
0a4ecfed,RIDER_134,8,2,0,3,High,7.5,99
0990e0dd,RIDER_004,3,15,0,4,Medium,3.8,94
55e9ce90,RIDER_108,7,17,0,6,High,-0.7,100
15a41db2,RIDER_115,9,2,0,3,Low,2.0,77
bc543ea3,RIDER_029,8,7,0,5,Medium,4.7,100
579784c3,RIDER_059,3,16,1,8,Medium,8.8,77
4e94c2ef,RIDER_125,2,5,1,5,Low,0.4,31
d666c933,RIDER_098,7,16,1,4,Low,0.0,68
5733cfe3,RIDER_017,7,19,1,0,Medium,5.0,82
64644adb,RIDER_107,9,2,1,7,Low,-1.5,65
b139aaa6,RIDER_043,5,15,0,4,Low,-0.5,88
5f0321b4,RIDER_080,4,4,0,4,Medium,2.1,78
0f361d33,RIDER_008,8,2,1,2,Medium,3.7,57
9764d713,RIDER_141,4,23,0,9,Low,6.1,100
8f962e9e,RIDER_106,4,10,1,1,Medium,2.7,54
64495fdd,RIDER_008,2,22,1,0,Medium,2.4,62
1e0987b4,RIDER_096,1,24,0,8,Medium,4.3,100
8f665058,RIDER_094,4,5,1,4,Low,-4.1,40
56095f2e,RIDER_065,7,18,0,9,Low,2.3,100
ebbce642,RIDER_039,9,4,1,3,Medium,8.5,80
76816f2a,RIDER_081,9,1,1,6,High,5.1,82
39eadc03,RIDER_084,1,18,0,3,Low,1.9,65
a0576af9,RIDER_088,5,20,1,10,Medium,4.9,70
1527bf8d,RIDER_086,7,6,0,1,Medium,-2.9,54
17d4152e,RIDER_093,7,20,1,8,High,3.7,99
ca6b51a6,RIDER_086,6,20,1,7,Medium,1.9,75
d5478f5b,RIDER_044,4,14,0,3,Medium,2.4,83
e6763c8f,RIDER_137,3,10,0,7,Medium,0.5,98
e665d26b,RIDER_074,9,18,1,8,Low,7.6,85
708bd3fd,RIDER_036,4,9,1,1,Low,0.0,41
4b9f92c9,RIDER_101,8,12,0,3,Low,-2.3,82
d3306a16,RIDER_104,1,10,1,10,Medium,-3.9,33
e3e8f537,RIDER_066,7,24,1,5,Medium,-6.6,76
18d88d3f,RIDER_055,6,24,0,6,Low,2.9,100
9a0e459a,RIDER_091,1,21,1,4,Medium,-1.1,47
8210d3c6,RIDER_022,4,19,1,9,Low,-3.2,55
b3697ac6,RIDER_101,5,6,1,9,Low,0.9,42
fcb58e6b,RIDER_121,8,14,0,6,Low,4.7,100
8f07e6c3,RIDER_093,4,8,1,10,Low,1.6,43
d87e3a45,RIDER_108,3,23,0,3,Low,2.5,86
ec7335e7,RIDER_141,2,14,1,7,Medium,6.7,65
80eb5b7f,RIDER_010,4,11,1,2,Medium,5.3,66
9248728a,RIDER_009,4,24,1,2,Low,2.4,65
003e32e6,RIDER_034,5,16,1,4,Low,-1.9,49
8a8562fc,RIDER_129,7,20,1,5,High,-0.2,95
af1462cd,RIDER_089,9,6,1,2,Low,2.1,63
42496226,RIDER_093,2,15,0,9,Low,4.9,100
ec12e499,RIDER_071,5,15,0,1,Low,3.4,57
3b968fa5,RIDER_067,9,14,1,4,Medium,-0.5,85
5aef11f2,RIDER_148,3,21,0,9,Low,3.6,100
816e2019,RIDER_117,1,12,0,5,High,8.8,91
5850e96d,RIDER_094,2,2,1,2,Low,3.2,34
640f59a1,RIDER_099,6,8,1,6,Low,4.5,58
e1c9eb37,RIDER_113,5,19,1,2,Medium,0.6,63
675df2d3,RIDER_103,1,14,1,1,Low,1.2,36
9b9dbcb0,RIDER_091,1,5,1,9,Medium,-4.7,43
3d859685,RIDER_090,4,24,1,3,Medium,2.5,65
d7c345c4,RIDER_017,4,9,1,2,Low,-9.0,44
bfd89758,RIDER_018,6,13,0,6,High,-4.1,100
2f569aab,RIDER_116,6,9,0,7,Medium,3.3,100
47b98213,RIDER_093,6,14,1,2,Medium,-2.0,71
debe2344,RIDER_091,1,5,0,5,Medium,-5.9,67
74d0f357,RIDER_082,9,2,1,0,Low,2.3,65
2b96cab7,RIDER_068,7,7,0,4,Medium,-4.2,84
77a7cc49,RIDER_114,7,16,1,1,Medium,6.2,82
3559c33f,RIDER_001,7,11,1,0,High,3.9,92
32910252,RIDER_058,2,11,1,6,Medium,9.3,56
f317a07f,RIDER_109,2,23,1,9,High,3.6,73
f7c26e41,RIDER_148,6,12,1,3,Low,9.5,68
27880217,RIDER_116,7,13,1,4,Low,-1.9,64
aeb4e28c,RIDER_087,3,8,1,1,High,-0.4,58
520be8b3,RIDER_010,4,24,1,7,Low,3.2,69
7b939a90,RIDER_059,3,16,0,10,High,1.5,100
6fe02525,RIDER_041,7,21,1,9,Low,2.6,69
4ef24dcd,RIDER_105,7,1,0,2,Low,1.9,47
e3aa3262,RIDER_133,4,13,0,6,Medium,1.2,91
bd0c7365,RIDER_122,7,11,1,10,Medium,-1.7,68
8a81fa00,RIDER_145,5,4,1,0,High,-0.9,61
7bec2ccc,RIDER_022,1,4,0,9,High,-1.6,100
78026746,RIDER_098,4,15,1,0,Medium,-1.9,60
f3df2638,RIDER_068,7,3,0,6,Medium,2.3,98
8b9f3d8b,RIDER_139,2,24,1,0,Medium,-0.9,63
2cd9cbfa,RIDER_056,2,19,1,8,Medium,-0.1,55
207779a2,RIDER_149,1,21,1,8,High,7.6,73
6cadd5cd,RIDER_099,2,2,1,7,Medium,3.9,41
8f81354b,RIDER_076,8,6,0,7,Low,5.2,100
7ff9df03,RIDER_026,8,22,0,3,Medium,6.5,100
c12523fa,RIDER_115,8,24,0,3,Medium,8.6,100
eae2c164,RIDER_147,1,8,1,4,Medium,2.0,44
aa9d94c6,RIDER_109,1,17,1,8,Medium,3.1,50
131cbab6,RIDER_047,4,5,1,2,High,-0.1,55
0f70c563,RIDER_071,6,2,0,3,Low,-1.4,66
10fc6bf6,RIDER_040,8,12,1,9,Medium,-4.0,70
b3a5c89a,RIDER_133,2,5,1,4,High,-2.1,48
3d272d54,RIDER_149,3,10,0,6,High,-0.1,93
fa265250,RIDER_132,6,9,1,4,Low,2.8,57
e3c6cc26,RIDER_023,4,20,1,8,Medium,-2.6,63
04ccf16c,RIDER_106,2,8,1,5,Medium,-1.9,40
04a43459,RIDER_084,7,1,1,2,High,-6.4,70
140a6800,RIDER_143,4,24,0,5,Medium,-0.7,99
b54248a3,RIDER_116,8,6,1,5,Medium,2.2,69
b8babed0,RIDER_109,8,24,1,9,High,2.2,100
0d8d45d0,RIDER_136,7,22,1,0,High,0.7,88
1cd44486,RIDER_041,9,11,1,6,Medium,1.0,79
c6089f5e,RIDER_112,4,3,1,2,Medium,2.0,49
5dbd4feb,RIDER_147,7,15,1,0,Medium,7.0,86
7f9029e4,RIDER_112,1,11,1,0,Medium,0.6,43
a7c6a638,RIDER_103,4,24,1,4,Medium,1.4,70
28995987,RIDER_046,2,5,0,9,Medium,-3.2,100
985cbc88,RIDER_068,9,16,1,9,Medium,3.9,88
98830534,RIDER_122,5,21,0,1,High,1.7,85
79ef14db,RIDER_015,3,7,1,1,High,-0.1,52
5525b737,RIDER_129,4,6,1,3,High,-2.7,57
fa1a0d09,RIDER_111,6,9,0,9,Medium,3.4,100
b6d151d4,RIDER_024,1,7,1,10,Medium,-2.4,37
ddcadc36,RIDER_027,7,3,1,6,Medium,4.1,59
f8af165a,RIDER_040,8,11,1,7,Low,9.2,73
54993791,RIDER_024,7,12,1,10,Medium,6.6,81
9de41af7,RIDER_024,7,21,1,9,Medium,2.1,80
28a02d44,RIDER_004,9,11,1,6,Low,4.5,81
56d61739,RIDER_067,4,2,0,8,Medium,-0.8,100
c46fa70a,RIDER_034,7,1,1,6,Low,-3.3,48
7abb178a,RIDER_116,9,24,0,3,High,2.5,100
32f68466,RIDER_023,5,24,1,8,Medium,-0.4,76
e7493ba1,RIDER_109,2,2,1,8,Medium,-3.5,32
b221ed2c,RIDER_069,5,14,0,2,Medium,-4.8,59
7ae281a9,RIDER_095,4,13,1,9,Medium,0.8,50
b8aec85a,RIDER_062,8,24,0,7,Medium,6.0,100
79f48e28,RIDER_057,5,5,1,0,Medium,1.4,52
7c8ee0f4,RIDER_054,9,2,1,1,Medium,1.2,63
2ec5ddad,RIDER_070,9,23,0,7,Medium,1.8,100
618f0d60,RIDER_101,3,23,0,7,Medium,-1.8,100
b73fc33a,RIDER_057,6,19,1,5,Low,0.2,60
5cecaf1b,RIDER_138,6,17,0,7,Medium,7.0,100
4ec4df0f,RIDER_135,4,11,0,7,Medium,8.1,100
2a8b4813,RIDER_103,3,16,1,1,Medium,6.2,61
e9ffb62d,RIDER_085,1,20,0,2,Low,5.1,47
64f4e55e,RIDER_061,7,18,0,6,Medium,8.2,100
b07972f6,RIDER_003,5,20,1,2,Low,-2.4,52
6c49cdb2,RIDER_128,7,8,1,10,High,12.9,89
2369473d,RIDER_086,1,2,0,1,High,-6.2,37
2acce279,RIDER_047,8,17,1,5,High,0.7,98
76ba2585,RIDER_076,3,11,1,1,Medium,-11.9,53
108b78bf,RIDER_038,7,14,1,1,High,5.0,90
2adee91b,RIDER_141,3,16,1,10,Medium,-2.7,59
0d91c06f,RIDER_087,3,15,1,1,Medium,-2.2,57
ba0ee10d,RIDER_058,9,15,0,3,High,7.5,100
fa7e081a,RIDER_050,2,3,0,6,Medium,1.0,70
053826a8,RIDER_030,4,7,1,5,Medium,4.6,53
7ef53f52,RIDER_101,6,12,0,4,High,0.1,100
d2e29660,RIDER_025,3,22,1,3,High,-1.8,68
0554dd42,RIDER_112,7,22,1,1,Medium,5.6,91
ab4d1bed,RIDER_126,7,23,1,10,Low,2.7,79
0a7bc7e1,RIDER_123,5,24,0,7,Medium,2.9,100
dbe1fed3,RIDER_047,3,3,1,1,Low,-0.4,29
ab8e9069,RIDER_118,2,19,1,10,High,1.3,64
33a80016,RIDER_039,4,10,1,7,High,-0.4,73
7221caab,RIDER_016,4,8,0,9,Medium,5.0,100
e053fe1d,RIDER_022,8,16,0,3,Medium,2.1,98
ba379327,RIDER_054,8,16,1,4,Medium,4.5,82
0697fb55,RIDER_149,5,12,1,10,High,0.7,75
d49923cb,RIDER_016,6,23,1,0,High,9.2,100
470e605e,RIDER_059,8,5,0,1,Low,1.7,58
7a046fb8,RIDER_031,1,20,1,10,Low,3.4,52
a3dd682b,RIDER_032,5,6,0,7,Low,4.3,100
8e9791ee,RIDER_009,4,6,1,0,Medium,-1.3,45
b38274ee,RIDER_139,4,8,1,2,Low,0.6,35
21b61eb6,RIDER_010,2,17,1,1,Low,4.3,49
1bc08bdb,RIDER_017,1,12,1,9,Medium,-4.2,43
2cb62424,RIDER_068,6,22,0,4,Medium,3.7,100
4991175f,RIDER_048,7,14,1,3,High,-3.6,79
04378f73,RIDER_111,5,2,1,3,Medium,-4.0,46
4b714e5a,RIDER_123,8,19,0,3,Medium,-2.4,100
3da86c01,RIDER_149,9,6,0,10,Low,3.9,100
73764969,RIDER_101,2,18,1,3,Medium,12.6,74
ab83bbab,RIDER_102,4,4,1,3,Low,-3.1,32
9ad80a76,RIDER_065,9,22,1,5,Medium,2.3,96
6e57363d,RIDER_051,5,5,1,1,Low,5.9,51
bbed2fee,RIDER_036,3,6,0,3,Medium,4.1,77
8abb524a,RIDER_081,6,15,1,6,Low,-0.7,58
ad8e4cfd,RIDER_127,3,6,1,6,Medium,4.7,54
39273e98,RIDER_088,5,8,1,0,Low,-0.1,46
eadb1b9f,RIDER_104,3,9,1,9,Medium,1.4,53
b7b1f631,RIDER_015,6,21,1,8,Medium,-1.6,80
c7c758f0,RIDER_096,5,22,1,6,Medium,6.3,81
dc35d9e0,RIDER_123,9,6,0,10,Medium,3.2,100
9a0ac25c,RIDER_001,3,22,1,5,High,0.8,80
499dd01d,RIDER_122,6,2,1,1,Medium,3.3,60
af7404d1,RIDER_126,8,16,1,5,Medium,2.4,75
1db1df24,RIDER_057,7,20,0,4,Medium,3.2,100
0988e197,RIDER_081,6,1,1,8,Medium,5.1,66
0287bc2d,RIDER_073,2,16,1,0,Low,3.3,52
4cd8cd58,RIDER_141,7,1,0,4,Low,-1.3,71
389aa0a6,RIDER_070,8,1,0,2,Medium,-5.0,53
03af828a,RIDER_006,1,7,0,8,Low,5.0,83
60fadaed,RIDER_084,9,16,1,0,Medium,-0.2,85
43064560,RIDER_052,4,17,0,5,Medium,6.5,96
d7bd278a,RIDER_003,8,16,1,2,High,-3.9,95
184482b2,RIDER_081,7,16,1,0,Medium,-1.7,80
a4fd639a,RIDER_063,7,6,1,10,Low,1.5,57
9af5b2c9,RIDER_049,2,18,1,2,Medium,2.4,61
c20278c4,RIDER_076,1,22,1,1,Medium,5.8,61
ca9df59a,RIDER_112,4,22,1,9,High,6.2,88
038ac25d,RIDER_109,2,3,0,7,Medium,1.8,83
e44f1bb8,RIDER_065,8,8,1,2,Medium,5.0,74
607a3339,RIDER_081,7,4,1,10,Medium,-5.4,61
0ac0a72b,RIDER_015,8,23,1,6,Medium,0.7,92
2f7df675,RIDER_100,6,4,0,9,Medium,5.2,100
c1e8ebfa,RIDER_032,1,17,1,5,Medium,2.3,50
4aa00a70,RIDER_096,9,22,1,6,Low,7.8,94
ec7a0d33,RIDER_128,6,5,1,10,Medium,-1.8,54
496bfa55,RIDER_146,1,14,0,6,Low,5.6,83
8f3c3fad,RIDER_113,1,15,1,9,High,0.1,54
a1220627,RIDER_083,8,12,1,0,High,4.0,91
b2b42c3a,RIDER_043,6,13,1,3,Medium,-1.5,66
96601889,RIDER_116,8,24,0,3,Medium,2.6,100
2e4ed656,RIDER_078,8,23,1,4,High,5.5,100
37987caa,RIDER_058,8,18,1,9,Low,5.1,79
b5cfe71e,RIDER_033,7,14,1,4,Low,2.5,63
c22e3fd9,RIDER_014,7,24,0,7,Medium,5.3,100
59ab926e,RIDER_132,4,19,1,3,Low,4.6,65
afd40900,RIDER_059,9,22,1,0,High,0.8,100
5aa39129,RIDER_083,2,7,1,4,Low,2.8,43
9769a01c,RIDER_134,9,6,1,0,Medium,5.5,71
5a220915,RIDER_121,3,5,1,2,Medium,9.5,54
ab4ff468,RIDER_083,2,4,1,7,Low,4.2,29
3e6679cd,RIDER_027,4,18,0,9,Low,-2.6,100
0dc09ad9,RIDER_080,5,14,1,4,Low,3.6,64
a16ddfa7,RIDER_134,2,16,0,6,Low,9.4,97
c97645fd,RIDER_013,1,23,1,0,High,-0.6,67
ea210676,RIDER_064,5,23,0,5,Low,-3.2,93
74420d51,RIDER_147,9,20,1,7,Low,4.0,86
3aeab1be,RIDER_080,5,14,1,5,Medium,2.2,60
252fe49a,RIDER_123,9,5,1,3,Medium,2.3,79
faf27729,RIDER_043,6,22,0,10,High,1.2,100
169e39cd,RIDER_089,3,11,0,7,High,-0.2,100
6f010462,RIDER_148,4,12,1,7,High,-0.8,62
55c191ad,RIDER_095,4,18,1,5,High,3.2,80
ef6aa9fe,RIDER_002,1,4,1,7,Low,4.9,26
53bb7199,RIDER_120,3,13,1,5,Medium,0.6,50
6d716c5e,RIDER_022,3,20,1,3,Medium,7.2,76
48f15d9f,RIDER_115,1,13,1,10,Medium,2.2,45
79dac7bc,RIDER_057,9,4,1,5,Low,5.1,66
a1974d99,RIDER_072,1,23,0,8,Low,0.3,100
cc680ad6,RIDER_007,9,23,0,7,Medium,2.6,100
54e19229,RIDER_119,1,7,1,6,Low,3.4,35
30632348,RIDER_114,2,23,0,4,Low,1.6,83
269b145a,RIDER_016,2,2,1,6,Medium,-2.7,33
9ea3da4d,RIDER_083,6,21,1,0,Medium,7.1,85
b0b6aafc,RIDER_072,7,18,1,7,High,1.5,81
cd62ef55,RIDER_124,1,21,0,4,Medium,-6.0,72
0a5359ed,RIDER_113,3,6,1,6,High,0.1,63
1f272498,RIDER_012,2,16,1,6,Low,8.4,57
447f09b5,RIDER_126,8,3,0,7,Medium,6.8,100
43a0c39c,RIDER_053,9,22,1,6,Low,3.1,84
3bd6896c,RIDER_075,2,15,1,5,Medium,5.4,58
6fbc5bbf,RIDER_133,2,21,1,5,High,7.7,83
4a75225f,RIDER_027,9,20,0,4,Low,2.5,100
e2c989f3,RIDER_140,4,10,1,4,Medium,6.2,67
3a3e6e2f,RIDER_145,5,9,1,3,Medium,-1.2,56
49f06aca,RIDER_134,9,11,1,6,Medium,-2.3,79
259d4a1b,RIDER_097,6,14,1,10,Low,2.1,62
c1eb6315,RIDER_005,9,24,1,2,Low,5.0,93
33f98db0,RIDER_057,9,12,0,4,Low,7.0,100
91c2f4fd,RIDER_078,7,7,1,2,Low,1.6,60
d4c4d962,RIDER_069,9,11,1,7,Medium,-1.3,74
6e0e1e3a,RIDER_118,5,17,1,4,Medium,10.6,84
13eb1ad9,RIDER_120,5,9,1,10,Medium,1.2,66
5f6d3fd7,RIDER_059,8,22,0,9,Medium,-2.0,100
7ba52b6c,RIDER_033,4,23,1,5,Low,4.3,67
13a1d8b3,RIDER_062,9,13,1,0,Medium,15.5,98
24802656,RIDER_050,7,16,1,10,Medium,2.4,77
85ad0f8a,RIDER_112,7,3,1,3,Low,2.3,56
cfee2bf7,RIDER_019,3,5,1,8,High,5.0,59
582f3a27,RIDER_123,4,23,0,4,Medium,5.7,99
d7de656b,RIDER_047,7,17,1,0,Medium,-2.7,81
bc490c0d,RIDER_033,5,1,1,3,Low,8.0,52
c66c7303,RIDER_141,3,21,0,5,Medium,1.5,100
fd046403,RIDER_084,1,9,1,6,High,2.3,57
42e74cad,RIDER_135,7,23,0,6,High,-2.5,100
8fdf0982,RIDER_079,6,17,0,7,Low,0.7,100
67bad5e1,RIDER_014,7,13,0,4,High,7.7,100
cc0a9e5f,RIDER_147,2,15,0,5,Low,6.6,81
811e64e5,RIDER_128,4,21,0,10,High,3.8,100
91e98fab,RIDER_054,2,8,0,10,Medium,-7.9,100
9bdf5682,RIDER_148,8,8,1,1,Medium,-0.9,64
176d84c3,RIDER_029,7,2,1,9,High,3.7,72
4988d471,RIDER_024,1,23,1,1,Medium,0.3,48
2ddc2c31,RIDER_082,2,10,0,2,Medium,4.6,51
e427ccea,RIDER_063,2,5,1,3,Low,5.2,35
62d33ccf,RIDER_105,4,16,1,5,High,7.6,84
37160240,RIDER_057,3,19,0,5,Medium,-5.2,99
257aa2d0,RIDER_136,1,1,0,2,Medium,0.5,24
08ddc441,RIDER_062,2,13,1,0,Low,-1.1,33
f103103d,RIDER_017,9,4,1,2,Low,-0.3,58
5c0d5984,RIDER_066,1,7,1,3,Low,1.7,27
92f0b8f8,RIDER_006,9,1,1,8,Low,3.0,61
4f86aff3,RIDER_058,7,2,0,9,Medium,4.6,100
1c9543a5,RIDER_069,2,16,0,7,Low,-1.1,95
cb93f09d,RIDER_062,2,14,1,3,Low,0.7,39
8dfe8605,RIDER_082,5,5,1,6,Medium,2.5,51
a3f70462,RIDER_071,5,14,0,8,Low,2.3,100
7873b56f,RIDER_131,4,17,1,1,High,-0.3,74
1c8f513d,RIDER_010,3,12,1,2,Low,-0.5,42
29ae53a9,RIDER_098,4,20,1,0,Medium,1.2,67
5f4c0eaa,RIDER_089,4,12,0,7,Medium,-3.9,98
ede20610,RIDER_035,2,3,1,1,Low,-3.2,28
a16b87ad,RIDER_002,5,21,0,6,High,1.3,100
b67d3e95,RIDER_124,5,21,1,6,Medium,2.3,79
27ddb7f1,RIDER_024,5,2,1,10,Medium,6.7,67
4d13a481,RIDER_074,1,21,1,2,High,-4.4,65
98f60174,RIDER_022,6,21,1,1,High,3.8,88
41e83e1d,RIDER_039,2,15,1,2,Medium,7.6,52
6d6517f0,RIDER_020,7,11,1,7,Low,3.1,66
f18e06d6,RIDER_041,4,10,0,8,Medium,-0.7,99
d2f99018,RIDER_148,5,18,1,10,Medium,0.6,75
b05b098c,RIDER_108,5,23,1,7,Low,9.3,79
2d4b3a5d,RIDER_147,5,22,1,10,Medium,6.5,80
e0276a6c,RIDER_084,2,23,1,1,Medium,-0.6,59
4ddf3dc6,RIDER_111,5,24,1,8,Medium,-1.0,75
6fa5d153,RIDER_066,3,21,1,5,Medium,3.6,70
49a3fd81,RIDER_053,4,2,0,1,High,3.8,60
dc75938f,RIDER_034,2,7,1,8,High,7.7,64
f7a77e87,RIDER_150,4,7,1,4,Medium,1.2,53
fa7e5480,RIDER_067,9,24,1,5,Low,-4.0,85
b7dc78b8,RIDER_134,8,7,1,0,High,0.9,74
12faa5e0,RIDER_027,3,23,0,1,Low,0.1,54
2b12346a,RIDER_010,1,14,1,0,Low,-8.8,40
906fd65d,RIDER_073,1,24,1,3,Medium,0.9,64
42bc4c18,RIDER_096,6,2,0,1,Medium,5.8,67
8edce633,RIDER_048,3,2,1,0,Medium,5.0,48
00d5aa6e,RIDER_070,4,23,1,2,Medium,0.7,67
773ce929,RIDER_100,1,15,0,3,High,0.3,82
de75e35c,RIDER_059,8,11,0,3,High,-0.1,100
37cd9eae,RIDER_002,1,10,1,2,Medium,-0.2,37
df2d8602,RIDER_065,5,3,1,1,Medium,5.2,58
59f94818,RIDER_083,6,17,0,7,Medium,7.4,100
a9a6bd84,RIDER_010,2,9,1,9,Low,5.0,42
767da11b,RIDER_053,7,15,1,10,Medium,-0.9,72
4a692d47,RIDER_079,7,14,1,1,High,-1.3,82
1a2b4a97,RIDER_059,1,19,1,4,High,7.8,73
85294adc,RIDER_150,4,17,1,6,Medium,2.3,70
566fd60b,RIDER_048,4,22,1,8,High,-0.9,72
4c740f33,RIDER_149,5,20,0,2,Medium,2.4,74
0f0a509c,RIDER_123,1,17,1,0,High,-3.4,62
3e44e08a,RIDER_022,1,16,1,8,High,-2.7,65
7554a2ea,RIDER_100,7,20,1,0,High,-0.4,91
b1b440fd,RIDER_098,9,8,0,7,Low,5.6,100
3369c129,RIDER_025,1,7,1,1,High,0.9,49
cb6318ab,RIDER_028,2,12,1,6,Medium,4.8,54
24fa500e,RIDER_113,6,1,1,2,Medium,2.7,55
d73aef42,RIDER_045,6,12,1,5,Medium,-3.5,59
8286b935,RIDER_068,2,6,0,5,Medium,8.3,85
567c0a3a,RIDER_007,9,16,1,3,Low,-2.8,75
cce39ec4,RIDER_049,4,18,1,7,Medium,-0.3,60
f4e541cc,RIDER_137,7,19,0,4,High,0.1,100
10961621,RIDER_083,6,23,1,6,High,5.2,100
90e8e3a2,RIDER_129,3,3,1,4,Medium,-0.5,38
85b19692,RIDER_138,8,3,1,3,High,-1.5,81
badc2c97,RIDER_073,7,5,1,5,High,5.4,86
f6672195,RIDER_046,9,3,1,2,Low,0.9,57
85fdf66a,RIDER_106,3,19,1,5,Medium,4.5,63
630c516d,RIDER_032,1,5,1,5,Medium,11.7,50
a9e4defa,RIDER_006,2,14,1,10,Low,0.2,36
710859e9,RIDER_145,1,21,0,10,Medium,3.8,100
9a6cd30a,RIDER_074,5,16,0,5,Medium,-2.9,88
161f85b6,RIDER_114,2,1,0,10,High,-0.3,100
2d966e5e,RIDER_027,3,17,1,2,Medium,3.2,64
26a6fd9d,RIDER_054,8,11,0,7,Medium,7.7,100
9e035347,RIDER_085,5,9,1,3,Medium,-4.2,50
60c80f63,RIDER_127,4,21,1,10,Medium,3.5,71
3e26b1ef,RIDER_111,5,4,1,1,Medium,-2.6,50
0a02a757,RIDER_015,6,2,1,6,Medium,0.8,58
337b4bcc,RIDER_132,7,9,1,10,High,-0.3,74
e3a99380,RIDER_093,9,22,1,7,Medium,-1.0,87
e80fd97e,RIDER_123,1,5,1,10,Medium,2.7,38
00262a9b,RIDER_073,4,4,1,3,Medium,-2.0,50
18ad8eb4,RIDER_147,9,23,0,5,Low,-11.0,100
06bb3caa,RIDER_092,5,5,1,7,High,0.3,60
88ae51ab,RIDER_017,8,24,1,4,Medium,-1.2,92
cbc2e038,RIDER_043,1,24,0,8,High,0.2,100
22cecd54,RIDER_121,4,18,1,5,Medium,-1.2,55
b1d68c9b,RIDER_041,9,13,1,5,High,4.0,97
535142a1,RIDER_039,1,5,1,1,Medium,4.3,44
6bb078d8,RIDER_113,1,24,0,6,Low,-3.2,86
635592df,RIDER_111,4,19,0,8,Low,6.7,100
a4dd7835,RIDER_047,3,23,1,4,Low,4.6,59
11eb3c73,RIDER_063,7,3,1,4,Medium,0.1,58
2e9e2384,RIDER_110,3,22,1,10,Low,1.4,60
c777116e,RIDER_069,1,18,1,4,Medium,5.7,59
14a06b04,RIDER_043,2,6,1,0,Medium,0.2,38
f3505d89,RIDER_034,4,6,1,4,Medium,4.9,53
17d41d28,RIDER_040,1,24,1,9,Medium,3.2,60
ab989fdc,RIDER_061,1,5,0,7,Medium,5.3,91
233d8e1a,RIDER_062,8,1,1,2,Low,4.3,58
a9bff06c,RIDER_058,7,8,0,8,Medium,-0.5,100
e9011486,RIDER_075,8,1,0,8,Low,2.6,100
5d6fef69,RIDER_016,4,21,1,5,Medium,5.3,74
f57dc4db,RIDER_082,6,6,0,3,Medium,4.9,85
d87cdf0b,RIDER_094,3,20,1,3,Low,4.6,58
c9209db5,RIDER_048,8,14,1,10,Medium,1.1,77
3e588b2c,RIDER_138,4,11,1,0,Low,7.8,61
a06ee057,RIDER_082,3,2,1,9,Medium,3.3,52
1ab3057e,RIDER_038,4,21,1,4,Medium,8.6,78
7883920b,RIDER_127,6,4,1,4,Medium,-2.7,58
6611fe3b,RIDER_019,7,13,1,4,High,0.8,77
b8919841,RIDER_063,7,7,1,0,High,1.3,76
1f459875,RIDER_077,4,6,1,0,Low,5.3,47
a5217c6f,RIDER_131,8,3,1,9,Medium,-1.1,57
4cc7e5e2,RIDER_102,7,9,1,1,Low,-1.2,59
2b9e9892,RIDER_065,2,14,1,0,Medium,5.8,61
e499228e,RIDER_120,8,20,1,7,Medium,1.4,87
b213af70,RIDER_091,9,11,1,3,Medium,4.3,83
62afccb2,RIDER_008,5,5,1,5,Low,-1.3,41
6dcfb096,RIDER_073,4,14,1,7,Low,4.8,62
017d2874,RIDER_134,4,19,1,4,Medium,5.4,73
b6f7f8a2,RIDER_107,4,8,1,5,Medium,7.1,59
7728aadf,RIDER_089,6,7,1,3,Low,-2.0,57
8cce931a,RIDER_039,4,7,0,5,Medium,-2.8,71
c47e399d,RIDER_113,7,24,1,5,Medium,1.6,85
c1191678,RIDER_028,7,23,1,2,Medium,6.9,93
eda0a5f4,RIDER_097,5,3,1,3,Low,-1.6,49
e63e204c,RIDER_037,5,3,1,5,High,-2.3,60
de280d49,RIDER_137,8,18,1,7,Medium,0.0,78
20e026cb,RIDER_082,7,13,1,6,Medium,2.7,76
b46bf48d,RIDER_056,7,1,1,3,High,2.5,60
8f0b5d49,RIDER_085,6,5,0,2,Low,-1.6,40
05bd12aa,RIDER_002,7,4,1,10,Medium,-0.9,51
8b09bf54,RIDER_058,7,16,0,7,Medium,1.6,100
9100ba95,RIDER_107,2,15,0,5,Low,-1.0,76
7c7eb436,RIDER_123,2,18,1,7,Medium,-2.2,58
c9399cdd,RIDER_114,7,17,1,8,Low,4.1,74
696ebb18,RIDER_107,7,14,1,8,Medium,-0.3,69
d403343b,RIDER_037,7,14,1,9,Medium,0.0,71
e0540859,RIDER_079,5,19,0,10,Medium,0.6,100
648e3d2f,RIDER_092,1,6,1,8,High,3.2,54
010f0963,RIDER_018,2,13,0,9,High,2.2,100
33531439,RIDER_098,9,18,1,0,Medium,-0.2,87
17247503,RIDER_063,8,15,1,2,Low,1.4,70
120b525e,RIDER_150,8,23,1,8,High,1.2,97
98bac388,RIDER_139,1,7,1,3,Medium,7.8,47
13672f08,RIDER_004,6,19,0,9,Medium,1.9,100
528b70dd,RIDER_135,9,17,0,1,Medium,-1.3,80
81fa3868,RIDER_061,8,9,1,0,Low,-4.4,58
4c3b7668,RIDER_107,3,11,1,4,Medium,5.8,58
95638a23,RIDER_054,4,5,1,3,Low,1.7,45
225137e7,RIDER_088,3,2,0,4,Medium,3.3,67
0d905ed1,RIDER_068,6,15,0,10,Medium,5.1,100
2170f7a6,RIDER_129,9,24,1,4,High,-1.0,100
e6e77c1b,RIDER_055,8,12,1,7,Medium,-1.1,74
27c22394,RIDER_003,4,10,1,5,Medium,2.2,61
c8e3515b,RIDER_121,2,10,1,2,Low,11.2,50
b415f5c8,RIDER_129,8,20,0,8,Medium,-0.9,100
b060b07c,RIDER_102,8,11,1,7,Medium,-0.1,78
f02afdce,RIDER_038,6,10,1,8,Low,5.3,67
f0dce22e,RIDER_085,8,7,1,3,Medium,4.4,76
cdc431c2,RIDER_133,9,14,1,7,Medium,0.0,75
139b25b1,RIDER_092,1,13,1,10,Medium,-4.3,45
e53eec15,RIDER_021,9,5,0,2,High,1.0,88
952686f5,RIDER_109,2,19,0,4,Low,9.3,76
b34ddf8f,RIDER_047,1,10,1,6,Medium,0.2,41
2f1a45b6,RIDER_084,8,8,1,0,Medium,5.2,78
d571a4cf,RIDER_083,8,18,1,0,Low,-2.4,69
1ca18131,RIDER_035,4,1,1,2,High,5.4,54
19c9b967,RIDER_069,8,5,1,3,High,5.5,83
b3327f80,RIDER_129,7,11,1,0,Medium,2.1,72
59bda24c,RIDER_140,2,20,1,7,High,6.9,75
79246aa3,RIDER_027,5,11,0,1,Low,1.6,59
b690a83b,RIDER_056,4,16,1,10,Low,9.9,67
8fd2f6bb,RIDER_023,3,10,1,4,Low,1.5,43
fb2f37ae,RIDER_021,1,15,1,5,Medium,0.7,45
ef8dc0ae,RIDER_061,5,7,0,10,Medium,3.3,100
2008f83c,RIDER_063,8,15,1,5,High,-2.8,88
b4811649,RIDER_122,9,16,1,5,Medium,3.0,87
70b75910,RIDER_052,7,6,1,10,Low,-1.3,52
e943a64d,RIDER_088,1,11,1,0,High,5.9,59
f13f81ea,RIDER_055,1,17,0,2,Medium,5.6,58
369625a7,RIDER_046,1,15,0,2,High,-1.0,57
0eeb3933,RIDER_032,2,16,1,7,Medium,0.2,55
fb4e3a28,RIDER_055,1,24,0,5,Low,5.9,90
322cd8fa,RIDER_096,4,2,1,1,High,9.8,66
e334a7a7,RIDER_133,9,4,1,0,High,2.0,78
2e79f04e,RIDER_036,4,19,0,3,Medium,5.3,91
8528ae0c,RIDER_110,4,6,1,0,Low,5.0,51
03fc1af8,RIDER_106,7,18,1,4,Low,5.0,81
79f9cade,RIDER_058,9,21,0,10,Medium,-7.2,100
ea4a5aeb,RIDER_039,7,11,1,7,Medium,-1.6,72
7b52f99e,RIDER_080,1,9,1,9,Medium,7.9,57
1f133a63,RIDER_097,1,3,0,1,Low,-1.1,19
5798b891,RIDER_113,4,2,0,7,High,1.2,100
06aa11bb,RIDER_061,4,18,0,7,High,9.9,100
dc76bd85,RIDER_137,1,15,1,5,Medium,0.0,47
841c4521,RIDER_006,6,22,0,7,Low,2.5,100
d47e4c26,RIDER_109,2,18,0,1,Low,3.7,49
85d43ce2,RIDER_035,5,19,1,6,Medium,6.7,79
40c0b997,RIDER_039,8,15,0,7,Medium,4.5,100
8fdd9931,RIDER_150,3,17,1,3,Medium,-0.1,57
5f179325,RIDER_118,9,18,1,8,Medium,2.0,87
c5fa6066,RIDER_005,7,18,1,10,Low,1.1,64
8ca4a6a3,RIDER_087,9,11,1,5,Medium,5.6,90
9236c1ce,RIDER_076,1,18,1,2,Medium,1.8,53
62863908,RIDER_057,5,23,1,3,Medium,2.9,79
2bf81fa8,RIDER_127,3,3,1,3,Low,0.1,37
adb402ed,RIDER_029,4,13,1,0,High,10.0,87
2610d34f,RIDER_087,4,14,1,9,Medium,-1.3,51
98b849d8,RIDER_141,7,4,1,0,Medium,10.5,79
5e2babfc,RIDER_046,8,18,1,0,Medium,1.3,83
02f63d34,RIDER_116,5,5,0,3,Low,5.7,72
7c1cc54a,RIDER_112,7,14,1,0,Low,2.5,69
c5ad6ae7,RIDER_045,3,12,0,5,Medium,-2.8,84
9c8602d5,RIDER_145,3,7,1,1,Low,0.1,34
aff37d2c,RIDER_104,3,12,1,0,Medium,6.5,55
e8a54e30,RIDER_085,4,8,0,6,Medium,-2.2,76
94d197b6,RIDER_134,6,21,1,5,High,-8.4,90
4fb36329,RIDER_108,5,21,1,0,Medium,-5.2,79
17b4bcdf,RIDER_018,8,3,1,9,Medium,2.0,63
7301bd92,RIDER_094,5,22,1,8,High,-1.9,88
ec9a49c4,RIDER_150,5,1,0,5,Medium,2.2,78
8196670c,RIDER_033,2,3,1,1,Medium,4.4,40
560277d7,RIDER_126,5,11,0,6,Medium,4.5,100
94f39bb4,RIDER_122,7,18,0,2,Low,3.5,70
8a86f335,RIDER_138,2,7,1,6,Medium,10.1,53
8fd58017,RIDER_115,6,9,1,8,Medium,8.3,71
b4ed28c2,RIDER_028,7,4,1,4,Medium,-1.8,58
c1ef50c5,RIDER_011,5,23,1,0,Low,4.5,76
0d1e1030,RIDER_047,9,24,1,4,Medium,4.3,93
612d93c0,RIDER_127,4,10,1,7,Medium,-2.4,51
9f2164d0,RIDER_147,1,18,0,7,Medium,-0.2,91
f442ca5e,RIDER_118,8,23,0,2,Low,-4.5,70
4e67bbce,RIDER_143,8,16,0,3,High,-0.2,100
1869b561,RIDER_126,7,12,1,7,Low,4.6,67
9e4e0101,RIDER_072,8,19,1,7,High,6.3,91
bc2e78ee,RIDER_107,2,24,0,6,Medium,10.9,100
152f4e15,RIDER_137,3,22,1,5,Low,5.2,64
210a1cbd,RIDER_033,9,3,0,3,Low,3.6,82
221b72fb,RIDER_019,1,8,0,9,Medium,9.3,100
9178307c,RIDER_074,8,19,1,8,High,8.2,100
a8d1e37d,RIDER_098,8,9,0,1,High,-0.2,92
250ce103,RIDER_141,7,19,1,1,Low,1.5,70
8b1c782b,RIDER_129,5,17,1,0,Medium,4.8,70
d772bb5b,RIDER_093,4,13,1,10,Low,-3.4,46
14f25422,RIDER_048,6,2,1,2,Low,3.6,44
10643b3c,RIDER_064,1,4,0,2,High,3.8,55
dd1eb117,RIDER_061,5,11,0,3,High,4.9,93
01849d53,RIDER_039,4,2,1,2,Medium,5.5,45
571826f5,RIDER_128,4,4,1,9,Low,0.6,36
ca13c7ca,RIDER_088,7,4,0,5,Medium,3.8,100
2bb18d51,RIDER_026,9,20,0,8,Medium,0.3,100
79387627,RIDER_017,8,1,0,7,High,5.8,100
ab42b61f,RIDER_071,8,11,0,5,High,2.8,100
9645d1f6,RIDER_013,5,23,0,7,Medium,5.9,100
cc855f60,RIDER_069,6,2,0,7,Low,-5.3,87
7fdaa41d,RIDER_026,2,19,1,9,High,-3.2,65
68ec588f,RIDER_049,3,8,1,5,Medium,3.3,54
92d50cc3,RIDER_007,5,23,1,1,Medium,-3.0,69
7a7e67d8,RIDER_058,2,20,0,4,Low,6.1,91
6446b57b,RIDER_049,3,4,0,3,Low,6.1,66
2f426a68,RIDER_103,4,16,1,5,Low,3.8,66
db14b714,RIDER_053,6,15,1,1,Low,0.7,54
e7005bdf,RIDER_062,5,5,1,3,Medium,0.6,50
78aea694,RIDER_017,4,5,1,7,Medium,5.6,56
6a567064,RIDER_025,2,15,1,0,Medium,4.4,56
4b078c17,RIDER_131,5,23,1,2,Low,-1.4,68
c198a680,RIDER_029,5,17,0,3,Low,3.7,85
6b51e473,RIDER_117,7,3,1,1,Medium,7.9,65
4ad3c3b7,RIDER_026,1,18,1,1,Medium,4.3,52
0f6bd6fe,RIDER_124,4,11,1,5,High,0.5,66
2d4a967f,RIDER_144,5,6,0,5,Medium,1.1,80
512bb1db,RIDER_025,8,12,0,2,Medium,0.5,72
0f7f2bda,RIDER_054,8,22,1,7,Medium,0.2,87
480b4015,RIDER_073,1,17,0,2,Medium,-2.8,53
d50efd73,RIDER_120,5,14,1,1,Low,2.4,59
a62cb495,RIDER_056,1,6,1,4,High,-4.2,35
6ee87d65,RIDER_065,1,10,1,6,Medium,5.1,47
09a5a44c,RIDER_093,2,16,1,0,High,0.7,68
bae1dbea,RIDER_086,2,18,1,1,High,7.3,69
cadb1021,RIDER_080,9,20,0,1,Low,-2.0,78
b9c4cb87,RIDER_108,4,6,0,7,Medium,1.5,100
afb7a91a,RIDER_118,3,19,1,9,Medium,2.4,62
1afcf7f0,RIDER_083,1,3,1,5,Medium,-2.6,30
5e349987,RIDER_147,2,12,1,3,Low,4.0,49
43b3b44f,RIDER_015,6,16,1,3,High,-2.6,80
0a3cc2da,RIDER_131,9,3,1,4,High,3.7,84
a591c506,RIDER_139,5,16,1,2,Medium,7.9,75
43a2f10c,RIDER_030,4,4,0,3,Low,4.4,68
2ad60f9b,RIDER_057,5,20,0,3,Medium,0.2,89
861cdc18,RIDER_146,9,13,1,6,Medium,6.7,88
b82a5112,RIDER_128,7,4,1,6,Medium,11.3,75
0ea7d9f9,RIDER_048,8,4,1,0,Low,3.0,52
4ff554e6,RIDER_136,4,7,1,2,Low,-0.6,43
90fa10fe,RIDER_022,8,21,1,8,Medium,2.3,87
0e576c82,RIDER_006,6,12,1,5,Low,-2.9,57
6ab3d7e8,RIDER_104,5,2,1,5,Medium,6.5,54
8fa2253f,RIDER_036,7,16,0,3,Low,3.2,85
f87154c9,RIDER_079,6,7,1,9,High,-0.1,67
1b260736,RIDER_116,3,19,0,8,High,4.1,100
230d3ce6,RIDER_057,5,11,1,2,Low,0.0,48
332515d0,RIDER_049,9,1,0,7,Low,1.2,100
0edc03fc,RIDER_082,7,9,1,5,Medium,2.0,70
8a158215,RIDER_066,4,5,1,1,Medium,9.2,61
244767e9,RIDER_077,7,17,1,2,Low,-2.5,62
bdd4738c,RIDER_045,5,1,1,0,Medium,5.1,50
2098be9b,RIDER_079,2,17,1,2,High,-0.8,63
091abb97,RIDER_020,6,12,0,3,Low,9.1,80
858dfc38,RIDER_123,7,13,0,5,Low,-1.7,95
72f9c80b,RIDER_067,8,24,1,9,Medium,-1.6,85
f3b88771,RIDER_083,6,11,1,6,Medium,5.1,81
a8c37933,RIDER_003,8,13,1,2,Low,2.0,75
7c0069d4,RIDER_064,7,13,0,10,Medium,5.3,100
1a5251ef,RIDER_040,2,6,0,6,Low,6.9,78
cc71a3c6,RIDER_059,6,22,1,3,High,2.8,99
bb9a4905,RIDER_062,9,6,1,0,Medium,6.1,75
87f4105f,RIDER_132,6,20,1,0,Medium,-5.8,76
adaeeb8e,RIDER_060,4,21,1,7,High,3.5,81
9daf2a42,RIDER_116,7,10,1,9,Medium,1.2,70
1f09b63b,RIDER_075,3,19,0,6,Medium,8.0,100
45b3c5d9,RIDER_122,5,3,0,3,Low,-6.7,56
17fb0f5b,RIDER_107,1,7,1,0,Medium,-0.9,35
9c7d94a4,RIDER_096,3,5,0,5,Low,-3.3,71
01e09103,RIDER_091,8,8,1,10,High,2.9,93
21a18765,RIDER_130,9,5,1,10,Medium,3.0,79
9c367fed,RIDER_062,9,12,1,9,High,2.2,91
cb2f9f50,RIDER_049,2,4,0,6,Low,5.2,71
a3108506,RIDER_137,4,19,1,5,Low,6.4,64
0be238d9,RIDER_092,5,18,1,5,Medium,3.5,82
fd26f590,RIDER_124,3,3,1,7,Low,-3.3,26
291d1dbd,RIDER_061,1,7,1,5,Low,-0.2,27
51f04cf2,RIDER_048,6,8,0,1,High,4.7,74
ec774486,RIDER_136,2,15,1,6,Low,3.0,37
305d59b2,RIDER_058,9,21,0,9,Medium,-0.6,100
e7d8ab99,RIDER_101,1,17,0,3,High,6.1,88
06172b3c,RIDER_112,9,19,1,10,Low,4.4,87
c4d7591f,RIDER_062,7,4,0,10,Medium,6.1,100
9aa04c7c,RIDER_039,2,16,1,2,Medium,3.5,59
08b5356d,RIDER_058,6,13,1,7,High,-0.9,81
25f5301e,RIDER_099,8,12,1,9,Medium,7.8,81
9c541902,RIDER_044,2,4,0,4,High,4.7,90
65bc1f9c,RIDER_029,5,12,1,3,Low,4.1,64
c54fd71f,RIDER_059,6,17,1,10,Low,5.6,72
7d73c037,RIDER_071,3,9,0,3,Medium,1.0,64
407514f6,RIDER_092,2,12,0,4,Medium,4.3,75
bca334d8,RIDER_009,6,15,1,3,Medium,1.6,64
6406dee6,RIDER_127,3,20,1,2,Medium,-0.9,60
aac499e4,RIDER_134,2,2,1,3,High,-3.4,50
46f2dfa5,RIDER_145,1,9,1,9,Medium,-6.1,40
25eaaed6,RIDER_144,8,14,1,4,High,3.5,91
abd001fe,RIDER_131,1,4,1,1,Medium,-1.0,27
88e69a4e,RIDER_021,5,4,1,6,Medium,-0.0,55
39e6c017,RIDER_064,6,6,0,4,Medium,-1.1,80
e6e0b160,RIDER_090,3,24,1,8,Medium,-4.1,58
b3705f61,RIDER_036,7,5,1,5,Medium,6.3,71
232c4ae5,RIDER_062,2,24,1,10,High,10.1,86
b284cd7c,RIDER_076,7,17,1,0,Medium,-5.2,78
ddff0d2d,RIDER_013,2,13,1,8,Medium,3.5,50
860e6cf5,RIDER_011,5,20,1,4,High,-2.7,81
071bae10,RIDER_054,7,17,1,8,Medium,5.2,82
87166420,RIDER_016,3,19,1,0,Low,7.6,61
d1900e13,RIDER_008,4,23,1,1,Medium,5.1,73
3d95ebe1,RIDER_104,1,1,1,2,Low,-1.7,24
93372687,RIDER_059,3,21,1,4,Medium,-0.8,63
4b681c8f,RIDER_057,9,17,1,5,Medium,0.3,84
6bbe6777,RIDER_040,5,22,1,4,High,4.8,90
a25f4700,RIDER_130,8,3,1,0,Medium,1.1,64
013cdc74,RIDER_094,2,14,0,3,Medium,4.8,72
88fb5bba,RIDER_138,3,12,1,5,Medium,2.0,50
ee6489e8,RIDER_044,7,15,0,3,Medium,1.7,95
5e5c8d38,RIDER_139,4,6,0,3,High,2.5,85
9af9d6ad,RIDER_080,9,20,0,4,Medium,1.9,100
e2edfec4,RIDER_081,7,22,1,7,Medium,-4.2,84
240106e4,RIDER_002,1,2,0,4,Medium,-1.8,59
3b59dbb4,RIDER_140,4,4,0,6,Low,8.6,88
5ca35bfd,RIDER_115,6,13,1,7,High,3.9,93
df39f717,RIDER_090,6,13,1,5,Medium,9.2,86
6cc5c4bf,RIDER_023,6,23,0,5,Medium,-1.5,100
750b7569,RIDER_146,5,22,1,1,Medium,2.0,76
cce03234,RIDER_062,3,23,1,9,Low,1.2,54
62a3a4b9,RIDER_113,2,17,0,4,High,-2.2,87
7f7b8e61,RIDER_128,3,6,1,0,Medium,-4.7,42
c36f5914,RIDER_062,9,11,1,8,Medium,-2.0,81
728f4582,RIDER_038,3,19,1,6,High,6.2,76
4bbc517b,RIDER_061,3,16,1,1,Medium,0.1,65
793c7536,RIDER_129,1,8,0,5,Medium,0.7,73
438d2412,RIDER_149,2,1,1,9,High,2.0,42
4a8c03b7,RIDER_122,3,10,0,8,Low,2.7,98
9c15d822,RIDER_110,2,2,1,4,Medium,0.8,33
081ae115,RIDER_013,8,19,1,2,Medium,0.4,80
aee5ffa7,RIDER_100,6,14,1,10,High,3.6,88
fdd0761a,RIDER_135,7,3,1,9,Medium,8.5,71
94014ec2,RIDER_022,1,23,0,10,High,-0.5,100
6ea56394,RIDER_074,6,24,1,3,Medium,-4.1,79
5bac06df,RIDER_132,2,9,0,2,Low,-0.5,30
ecc41e0f,RIDER_023,6,23,1,0,Low,1.6,72
2b355d62,RIDER_119,3,8,1,9,Medium,-5.4,53
b92063f0,RIDER_070,7,11,1,10,Medium,2.4,63
5fb4307f,RIDER_084,3,15,0,6,Medium,4.3,100
10b91db1,RIDER_101,9,6,1,7,High,-2.1,83
29fb0640,RIDER_084,3,2,0,1,Medium,0.8,39
4e25a077,RIDER_028,7,1,0,7,Low,4.7,89
adb114a4,RIDER_136,4,3,1,8,High,1.9,57
998ff890,RIDER_001,8,23,1,6,Medium,2.6,92
64492d01,RIDER_063,2,18,1,10,Medium,1.6,62
a096826e,RIDER_022,8,14,1,0,Low,2.4,69
2a258510,RIDER_070,9,17,1,3,Low,8.3,83
57ca27c4,RIDER_125,8,2,1,6,Medium,4.3,70
1f0425c4,RIDER_149,6,19,1,5,High,-6.1,87
a98c3969,RIDER_096,1,22,0,10,Low,2.7,100
a5d112dd,RIDER_079,7,9,0,7,Medium,9.1,100
e91c6347,RIDER_005,1,8,0,5,Medium,2.2,69
7e1075c9,RIDER_060,7,10,0,9,Medium,-5.2,100
9e0542f3,RIDER_120,2,9,1,5,High,-2.1,55
75f4e41c,RIDER_046,8,8,1,9,Low,1.6,59
86f441d7,RIDER_134,2,7,0,5,High,-1.2,84
af8c2bed,RIDER_056,3,22,0,6,High,8.5,100
8f2f7458,RIDER_110,3,24,1,4,Medium,-2.3,59
3d214db8,RIDER_104,1,6,1,10,Medium,1.8,34
7ff0dc5e,RIDER_077,5,2,0,8,Low,2.0,94
e3fb8c97,RIDER_146,5,9,1,6,Medium,8.2,70
3cc87405,RIDER_002,5,9,1,0,Medium,1.6,57
63f27836,RIDER_008,9,19,0,10,High,6.6,100
8d27fefc,RIDER_075,6,9,0,8,Medium,1.0,100
1d477706,RIDER_125,6,2,1,10,Medium,1.5,54
7694c619,RIDER_038,3,19,1,5,Medium,0.5,68
a77d3532,RIDER_027,5,16,1,10,Medium,-5.0,68
15ffbf0a,RIDER_020,7,22,0,7,Low,6.0,100
e6798b7c,RIDER_140,3,14,0,8,Low,4.9,100
e0cfdfdd,RIDER_043,2,20,0,10,Low,1.9,100
1aaf56ed,RIDER_031,5,24,1,10,Low,0.1,65
5f44b07f,RIDER_091,3,1,1,1,Medium,-2.9,35
4aa0e4f4,RIDER_061,5,13,0,1,Medium,-0.2,56
96295802,RIDER_109,9,22,1,4,Low,1.9,83
9b2966e8,RIDER_091,1,2,1,4,High,3.3,41
d87d1834,RIDER_095,4,22,1,9,Low,3.9,71
45dde709,RIDER_143,5,14,1,9,Medium,-1.6,62
1cafa6fd,RIDER_144,2,1,0,1,Medium,-1.5,29
8d7f3a41,RIDER_013,2,15,1,9,Low,1.7,45
a72f4c6d,RIDER_113,1,18,0,3,Low,0.6,61
dee9ece4,RIDER_035,8,9,1,8,Low,4.7,76
bb929765,RIDER_149,2,22,0,3,Medium,-3.6,81
8d8f624c,RIDER_048,3,8,1,0,Medium,4.3,49
5f25dcd3,RIDER_035,2,7,1,4,High,2.2,51
ff7ab298,RIDER_086,4,9,1,1,Low,-0.5,47
9201145c,RIDER_114,1,9,1,5,High,3.3,54
0217aa35,RIDER_100,3,11,1,0,Medium,4.4,50
61996181,RIDER_099,5,4,0,6,Medium,-5.6,87
16cae3b0,RIDER_003,1,7,1,6,Low,9.8,41
b4cce67b,RIDER_085,4,21,1,3,Low,1.8,63
0c86b3cf,RIDER_125,6,7,1,8,Medium,3.8,64
51c94d19,RIDER_138,4,4,1,2,High,3.7,60
b6d36cc1,RIDER_083,7,12,0,4,Low,2.7,92
9cbe3736,RIDER_025,7,17,1,4,Medium,-0.1,75
29547e83,RIDER_068,6,20,1,7,Low,2.4,58
65d30bab,RIDER_061,9,3,0,9,Low,2.0,100
61700f28,RIDER_029,2,9,1,9,High,3.1,55
54a71848,RIDER_127,8,5,0,3,Low,8.1,87
c77b56cb,RIDER_019,8,20,1,0,Low,0.8,74
b0b04dd2,RIDER_074,4,16,1,10,High,-1.7,63
de6e5be8,RIDER_061,6,8,1,4,Medium,2.2,64
52f744e4,RIDER_020,6,21,1,0,Low,-0.9,61
b14e9ed1,RIDER_048,5,16,0,2,Medium,-2.4,63
e2306076,RIDER_087,1,19,1,5,Medium,-1.0,49
4575a0d4,RIDER_139,3,16,1,0,Medium,-3.6,48
a84c50ac,RIDER_110,7,18,1,9,Medium,-3.1,79
9f6d5ab6,RIDER_028,8,15,1,2,Medium,7.8,87
d958dc78,RIDER_059,2,24,0,6,Low,6.2,99
926fa347,RIDER_133,3,18,1,1,High,1.9,73
ec3d27a0,RIDER_051,4,14,0,5,Low,-2.3,80
68d47aa4,RIDER_149,5,24,0,6,High,-5.5,100
1aff6fe4,RIDER_012,3,16,1,1,Low,0.9,44
854614db,RIDER_050,5,5,0,10,High,4.6,100
3623712f,RIDER_132,8,8,1,10,Medium,1.5,70
5a844b76,RIDER_113,8,16,1,4,Medium,5.8,83
a9be8569,RIDER_014,2,21,1,9,Medium,0.3,58
8988cd07,RIDER_032,6,1,1,9,Medium,0.8,56
d3bd8f41,RIDER_139,4,11,1,0,Medium,4.2,71
90735d74,RIDER_146,9,11,1,2,Medium,-3.4,76
60409211,RIDER_055,2,2,1,0,Medium,2.8,36
02809962,RIDER_120,8,22,1,2,Medium,2.6,79
7ecb22e5,RIDER_075,1,19,0,3,Low,1.1,63
59131e74,RIDER_021,6,24,1,4,Low,7.4,79
ad9e7c9b,RIDER_133,1,5,0,3,Medium,4.8,60
c7353caf,RIDER_087,2,3,1,3,Medium,-4.3,35
d1576676,RIDER_059,3,23,0,8,High,0.5,100
3ea2cece,RIDER_089,9,8,0,8,Medium,-0.8,100
397f57f2,RIDER_150,5,4,0,8,Medium,1.5,100
b9780b44,RIDER_083,2,13,1,10,Medium,-2.0,48
9a4b696a,RIDER_065,5,22,1,4,Low,-2.2,62
367800b4,RIDER_064,5,14,0,10,High,1.3,100
71a57fa4,RIDER_071,1,1,1,4,Medium,2.3,33
400f041c,RIDER_004,3,5,1,1,High,-1.3,57
85b9649c,RIDER_143,5,21,1,5,Low,-1.8,61
c32c5bac,RIDER_104,9,7,1,1,Medium,-4.3,67
2b3ce6f3,RIDER_150,1,23,1,9,Medium,3.3,56
bae48bb3,RIDER_093,8,6,1,4,Medium,0.4,72
8588765d,RIDER_142,1,15,1,10,Medium,-0.4,52
8dd9603b,RIDER_148,9,15,1,4,Low,5.3,78
a2ab48f3,RIDER_112,6,8,1,3,Medium,-8.2,55
73b6977f,RIDER_119,1,2,1,4,Medium,4.1,39
c88f3fc3,RIDER_059,8,14,0,6,Low,7.7,100
b443bca6,RIDER_043,5,16,1,9,Low,-6.4,50
d7113e83,RIDER_012,7,23,1,1,High,-5.8,89
e5495a47,RIDER_040,7,10,1,0,Medium,-3.8,66
e2a719bf,RIDER_118,7,15,1,3,High,-2.8,93
2a9d69c5,RIDER_020,6,23,1,6,Medium,6.0,93
a9ee95f8,RIDER_131,8,4,1,0,Medium,0.9,62
55bb4f11,RIDER_090,9,12,0,3,Low,10.1,98
f34b33bb,RIDER_094,2,10,1,5,High,0.5,54
9999df8f,RIDER_013,7,2,0,5,Medium,0.8,89
da102d8c,RIDER_066,2,4,1,0,Medium,7.3,48
8d2e6a66,RIDER_037,6,20,1,6,Medium,-8.2,71
eec6518a,RIDER_066,2,6,1,4,Medium,2.4,40
7951d093,RIDER_036,6,14,1,5,Medium,4.2,75
d1f15670,RIDER_026,2,23,1,0,Medium,6.5,67
19bab671,RIDER_075,1,3,0,6,High,5.6,89
e83b5295,RIDER_108,7,15,0,3,Medium,3.0,97
1b2a163e,RIDER_043,3,1,1,2,Medium,7.2,51
a70b28f2,RIDER_150,4,19,0,10,Low,7.5,100
c53fe3ee,RIDER_148,6,1,0,3,Medium,4.6,79
4e8afa5a,RIDER_008,5,13,1,8,High,-2.0,79
5c1fd9c5,RIDER_029,4,8,1,4,Medium,2.6,53
455bbdc8,RIDER_040,9,18,1,4,Medium,5.3,95
3567088b,RIDER_128,6,22,1,7,High,0.9,86
c17b96a4,RIDER_084,6,3,0,6,Low,4.8,91
d67a4159,RIDER_116,2,23,1,2,Medium,1.7,60
d89a74c3,RIDER_144,6,18,1,0,Medium,-0.3,72
de932d86,RIDER_062,7,20,1,10,Low,2.6,78
ed67f7f1,RIDER_007,8,9,1,1,Low,-3.5,58
9a388cc0,RIDER_045,8,6,1,2,Medium,3.0,75
7936afa7,RIDER_088,9,20,0,10,Medium,-0.9,100
8eac7e40,RIDER_073,3,2,1,0,Medium,4.3,45
5f47688c,RIDER_037,7,4,1,0,High,-2.5,68
720c2aeb,RIDER_119,7,18,1,7,Low,9.7,76
bc34d6ac,RIDER_057,1,7,1,7,Low,-2.1,25
2004af06,RIDER_008,8,11,1,1,Low,5.4,74
853ed61d,RIDER_095,4,5,1,7,Medium,1.4,44
2656980f,RIDER_117,5,8,1,10,High,4.1,75
1f2dd9b0,RIDER_110,6,11,1,1,High,4.9,77
715fe785,RIDER_020,3,24,1,10,Low,1.2,53
08a6082a,RIDER_124,5,20,1,4,Low,1.3,61
2a388107,RIDER_053,5,20,1,0,Medium,1.2,68
b993218e,RIDER_119,1,15,1,8,Medium,-5.8,50
220492b4,RIDER_012,3,24,0,3,High,5.3,100
fe860239,RIDER_017,3,3,1,9,Medium,2.2,41
fb13634b,RIDER_064,1,7,1,10,High,0.6,52
2184af14,RIDER_042,7,24,0,1,High,1.5,98
20850edd,RIDER_094,1,8,1,0,Medium,0.2,32
a14c4274,RIDER_147,7,11,1,5,Low,-6.2,58
e4876ac4,RIDER_011,4,10,1,10,Low,0.2,42
80bd4632,RIDER_098,9,20,0,7,Medium,2.0,100
1d9344b7,RIDER_071,7,9,1,3,Medium,-1.2,61
0cd08105,RIDER_108,5,15,1,0,Low,2.2,57
122c5501,RIDER_058,7,20,1,0,Low,5.4,80
d3938886,RIDER_034,9,24,0,5,Low,-0.4,100
2397ddea,RIDER_020,6,22,1,1,Low,-3.8,71
6f773a48,RIDER_050,1,5,1,4,High,2.2,49
2e1ad0b0,RIDER_102,6,15,1,1,Medium,3.7,68
65d87d6f,RIDER_138,1,4,0,8,Medium,8.9,99
ffc95425,RIDER_052,4,5,1,1,Low,0.1,44
560848f2,RIDER_015,8,15,1,4,High,2.1,92
67d12112,RIDER_084,5,17,0,3,Medium,6.9,96
eec83dea,RIDER_131,5,23,1,10,Medium,-1.4,68
2ce7b155,RIDER_037,8,8,1,0,Low,4.2,63
3eb4065c,RIDER_126,8,19,0,9,High,4.1,100
e46647f7,RIDER_040,1,9,0,8,High,4.5,100
736f9e65,RIDER_072,5,10,1,2,High,-0.3,70
b6035f83,RIDER_040,5,5,1,9,Medium,-1.7,51
591e13ab,RIDER_056,8,10,1,7,Medium,1.0,74
4be949ab,RIDER_104,1,22,0,3,Low,1.9,64
7601cb79,RIDER_139,7,1,0,10,Low,-3.4,100
5c714902,RIDER_110,7,22,1,8,Low,4.1,82
eff49257,RIDER_136,9,24,0,4,Low,5.4,100
460b333b,RIDER_093,2,4,0,1,Low,-3.0,28
5d41bf01,RIDER_094,3,21,1,7,High,5.6,81
41999cc8,RIDER_056,4,5,1,3,Medium,-2.7,45
b786ec67,RIDER_060,1,23,1,1,Medium,-0.9,54
78623853,RIDER_138,7,7,1,5,Low,2.1,60
742bce5f,RIDER_039,3,23,1,0,Low,2.4,60
2699dc9c,RIDER_028,3,5,0,7,Medium,7.4,98
6fa50d57,RIDER_049,3,20,1,8,Medium,4.5,70
1fd23311,RIDER_125,8,8,1,6,Low,3.1,70
738e4f58,RIDER_013,9,17,1,8,Low,-0.7,72
34d5dc2c,RIDER_036,2,1,0,1,Low,0.0,32
da650f43,RIDER_101,1,22,1,10,Medium,-1.8,57
ad8bbb80,RIDER_026,9,18,1,0,Medium,0.1,90
6b8f1d9e,RIDER_086,6,12,1,6,Low,8.9,81
f82ada04,RIDER_004,9,3,1,3,Medium,1.6,72
08bfcbfb,RIDER_082,6,20,1,9,Medium,2.7,71
988ebbe4,RIDER_127,2,14,0,7,Low,0.2,83
455904e9,RIDER_088,1,16,1,2,Medium,-1.7,41
bbaeb439,RIDER_127,8,18,1,6,Low,2.6,82
496183ca,RIDER_120,3,10,1,6,High,2.6,69
161af301,RIDER_022,1,23,1,10,Medium,6.6,72
65f7b027,RIDER_130,8,15,1,9,Medium,0.0,80
8750bd9a,RIDER_031,1,10,1,8,Low,0.2,38
99320f7d,RIDER_119,8,1,0,10,Medium,-1.1,100
16f31f07,RIDER_011,1,19,1,3,High,2.9,66
373b4c52,RIDER_046,9,2,1,9,Medium,6.3,71
4bb54363,RIDER_096,9,13,1,0,Medium,6.1,81
5702e1ff,RIDER_010,9,16,0,6,Medium,8.9,100
9ff660b5,RIDER_128,3,8,1,9,Medium,-3.1,41
71ea687f,RIDER_099,4,3,0,5,Medium,3.3,81
7ef04fbf,RIDER_112,5,21,1,10,Low,3.8,70
2f96cc13,RIDER_060,6,19,1,0,Low,-3.9,61
0d969458,RIDER_087,9,14,1,8,Medium,5.8,81
0f56c97e,RIDER_145,4,11,0,9,Low,-7.2,100
efc45720,RIDER_065,6,12,1,7,Medium,1.0,63
11fecae4,RIDER_057,1,11,1,9,Medium,-4.6,48
49e28a16,RIDER_106,2,11,1,3,Medium,14.1,67
8c125ba8,RIDER_009,8,22,1,4,Medium,1.5,90
50ff83fb,RIDER_022,4,21,1,7,Medium,5.8,62
a4461ea5,RIDER_141,7,18,1,1,Medium,2.1,81
56670dc7,RIDER_089,4,10,1,5,Low,-0.8,44
81e7cc94,RIDER_018,9,16,1,9,High,6.4,100
790763c4,RIDER_115,9,8,1,1,Medium,1.9,73
46722464,RIDER_145,4,6,1,10,Medium,-2.7,50
1dcbfea2,RIDER_143,8,19,1,7,Medium,-0.5,77
337a60dd,RIDER_106,6,13,1,4,Low,-2.0,51
6efebfed,RIDER_015,1,15,1,9,High,1.6,57
308b6337,RIDER_063,7,13,1,2,High,0.9,81
d9b84e4c,RIDER_013,1,1,1,1,High,1.2,38
46f6bc2d,RIDER_081,3,21,1,3,High,3.9,78
a10452b1,RIDER_032,8,2,1,7,Low,12.7,73
ce4e5540,RIDER_137,9,13,1,0,Low,2.3,78
43112525,RIDER_040,3,2,1,9,High,-1.3,42
b660f386,RIDER_148,1,11,1,2,Low,11.1,49
81c2d6dd,RIDER_082,1,13,1,0,Low,7.9,38
18ba4577,RIDER_077,7,10,1,1,High,4.2,90
383c092c,RIDER_076,5,23,1,9,Medium,2.5,81
df2ef862,RIDER_038,1,22,1,10,Medium,3.6,58
103ebc9b,RIDER_071,6,15,0,6,Medium,-7.4,100
e29f30c1,RIDER_048,6,1,1,0,High,-4.4,62
c02d0d31,RIDER_018,4,14,0,8,Medium,5.5,100
41b2cb83,RIDER_144,7,10,1,7,Medium,7.8,84
04b1ccb6,RIDER_039,7,18,1,0,High,-5.2,83
00e20568,RIDER_089,9,11,1,9,Medium,-1.5,79
b6a1b080,RIDER_062,1,7,1,0,Low,-0.7,25
a74ea09b,RIDER_141,5,15,1,1,Medium,-1.8,65
77a973be,RIDER_109,3,3,1,1,Low,3.2,35
bcd866f7,RIDER_081,7,2,1,5,Low,5.0,59
3ed35798,RIDER_134,4,22,1,0,Low,-2.1,63
e7d21247,RIDER_077,4,8,0,3,Medium,-3.7,68
94cb1045,RIDER_090,1,8,1,6,Medium,-2.7,38
39e81078,RIDER_014,1,11,1,8,Low,0.2,40
62245261,RIDER_095,2,16,1,9,Medium,8.4,63
10d81268,RIDER_054,2,2,1,2,Low,2.3,32
b118288f,RIDER_132,1,22,1,3,Medium,9.7,71
b98b5693,RIDER_039,8,5,0,4,Low,5.2,86
fa903349,RIDER_072,6,7,1,4,Medium,-0.5,52
0c894480,RIDER_025,6,20,1,1,Medium,2.5,77
d05e9ac4,RIDER_077,9,13,1,4,Low,-0.1,69
dc9529cd,RIDER_120,5,2,1,9,Medium,-2.4,43
9c4b3a9e,RIDER_053,4,3,1,0,Medium,0.8,37
4fed058d,RIDER_131,6,9,1,6,Low,5.2,59
65ddca3f,RIDER_150,8,10,1,4,Low,-0.3,62
2167b7d9,RIDER_096,1,24,1,5,Medium,1.0,60
f3ec443c,RIDER_072,7,13,1,8,High,-0.4,81
c1f9aeb7,RIDER_062,8,21,1,2,High,7.4,100
b1bd8573,RIDER_006,9,13,1,0,Low,1.3,71
b5db5c36,RIDER_032,8,5,1,7,Low,0.7,53
c5fcdd97,RIDER_099,7,23,0,1,Low,0.8,77
a98e4f8b,RIDER_138,3,7,1,1,Medium,3.3,55
ee84af6f,RIDER_131,2,17,1,9,Medium,2.3,55
9a0eb447,RIDER_076,3,15,1,3,High,5.9,74
36a3452f,RIDER_059,4,5,0,4,High,0.5,86
de3044ae,RIDER_031,4,24,1,0,Medium,9.1,88
6ea64845,RIDER_093,6,7,1,10,Medium,-0.9,48
cc385202,RIDER_069,7,2,1,2,Medium,2.5,57
7ca3626e,RIDER_052,4,24,0,10,Medium,3.9,100
dd44d917,RIDER_089,6,18,1,7,Medium,1.9,74
9aedec2c,RIDER_127,9,10,1,5,Medium,2.1,80
3003166f,RIDER_031,6,1,1,2,Medium,-1.5,52
2bfb4643,RIDER_084,3,14,1,6,Medium,4.7,61
378f2a6d,RIDER_127,1,19,1,10,Medium,2.6,54
2eda88f9,RIDER_150,5,16,1,5,Medium,2.1,66
ffbf39e9,RIDER_132,3,19,1,4,Medium,-5.6,59
332b3c68,RIDER_013,8,6,1,7,Low,4.3,55
e136b538,RIDER_045,1,12,1,7,Medium,4.5,45
1d25a2ac,RIDER_127,2,3,1,2,High,-9.0,48
7ad9c9d5,RIDER_114,3,7,1,7,Medium,4.6,46
26ecb911,RIDER_020,3,24,1,9,Medium,1.1,61
9fb3f0c7,RIDER_081,8,3,0,8,Medium,-4.6,100
457e6a4d,RIDER_129,5,17,0,9,Medium,-1.9,100
3c45b916,RIDER_143,8,15,1,2,Low,-2.9,69
b7e6923b,RIDER_017,6,19,0,10,Medium,-1.4,100
6e1a2517,RIDER_058,2,19,1,7,High,4.1,73
dc9a0519,RIDER_072,4,23,1,7,Medium,4.4,78
c635c2c6,RIDER_109,9,11,1,6,Medium,4.3,84
751ac658,RIDER_023,4,21,0,7,Low,1.0,100
0d2f4078,RIDER_072,5,20,1,0,Medium,12.5,87
97469801,RIDER_008,5,2,1,2,High,-7.8,60
9f871722,RIDER_059,8,7,1,5,Medium,-2.0,69
f9f159b1,RIDER_111,6,19,1,6,Low,3.0,68
aca59078,RIDER_013,7,7,1,6,Low,-0.7,50
629bfa06,RIDER_016,6,10,1,10,Low,0.9,54
976d77b8,RIDER_119,5,12,1,5,Medium,2.2,61
fd2f0a5e,RIDER_002,5,23,0,10,Medium,0.8,100
97a7395b,RIDER_145,3,18,0,3,Medium,-3.5,83
a0f8e6dc,RIDER_030,7,23,1,4,Medium,5.3,94
0649a976,RIDER_103,5,6,1,8,Medium,5.3,60
c29548bc,RIDER_013,7,20,1,0,Low,8.3,83
f832c4f9,RIDER_096,2,21,0,1,High,-5.5,63
229174d9,RIDER_094,9,8,1,4,Medium,5.1,83
f4ab4a61,RIDER_082,8,5,1,4,Low,-1.5,57
bb396420,RIDER_013,5,3,0,6,Low,1.5,84
2e5ce945,RIDER_094,2,2,0,7,Medium,-0.6,76
42986113,RIDER_149,6,22,1,9,Low,-1.8,68
e390d37d,RIDER_112,8,6,1,5,High,4.5,82
a62457bb,RIDER_055,7,7,1,5,Medium,8.7,79
7f32c700,RIDER_081,8,8,1,4,High,9.9,97
730004aa,RIDER_116,4,4,0,4,Medium,6.1,85
eeb705d1,RIDER_143,3,12,1,10,High,-2.5,58
a3230c9e,RIDER_108,7,24,0,7,Medium,1.5,100
a292b7ab,RIDER_053,2,12,1,4,Low,1.8,40
9b19032a,RIDER_128,5,17,1,5,Medium,4.1,73
7916506a,RIDER_057,7,22,1,2,Medium,4.9,89
b61ba5a4,RIDER_052,1,22,0,4,High,0.1,92
39fc79f6,RIDER_137,4,19,0,8,Low,7.0,100
c9ca0d85,RIDER_111,2,9,1,2,Medium,11.4,55
cb182816,RIDER_001,6,12,1,7,High,3.4,80
e289a3ea,RIDER_044,1,21,0,10,Medium,-0.3,100
3cd8ecb5,RIDER_075,7,17,1,6,High,6.3,100
ef835517,RIDER_098,3,23,0,3,Low,6.5,86
b87b3e27,RIDER_009,1,10,1,4,Medium,4.8,51
2a02870c,RIDER_032,8,19,1,7,Medium,2.0,83
579b3d6d,RIDER_015,7,11,1,9,Low,7.6,65
93e01e52,RIDER_140,2,20,0,6,Low,-1.8,88
5ecc217c,RIDER_136,7,22,0,9,Low,1.7,100
394ec3f1,RIDER_072,3,24,1,9,Medium,9.6,78
6421bdea,RIDER_012,9,13,1,1,Low,1.9,67
d38fe24f,RIDER_065,8,4,1,7,Low,2.1,50
4710f630,RIDER_107,5,15,1,7,Medium,2.9,72
ef3582c4,RIDER_042,7,12,1,8,Low,-1.6,58
2edafd38,RIDER_115,3,24,0,1,High,-2.6,80
cb38d3c8,RIDER_139,1,10,1,3,Medium,-0.1,46
ab98a441,RIDER_103,1,22,1,1,Low,1.3,46
77088352,RIDER_095,2,7,1,3,Medium,6.7,54
5e0fe971,RIDER_017,8,24,1,2,Medium,3.1,94
4287b1c9,RIDER_085,1,2,1,6,Low,8.1,38
4b130186,RIDER_056,5,21,0,4,High,4.1,100
0513675b,RIDER_134,9,7,1,6,Medium,5.5,81
ebb29f84,RIDER_086,9,8,1,1,High,4.5,94
72bdd0d4,RIDER_102,2,21,1,3,Medium,8.4,63
872e6b1e,RIDER_054,7,19,0,5,Medium,2.2,100
e3caa519,RIDER_115,1,6,1,4,Low,2.4,24
fa48249d,RIDER_139,3,21,1,10,Medium,-2.2,61
e03826d6,RIDER_088,6,8,0,1,Medium,5.6,66
eed85468,RIDER_049,9,22,0,6,Low,0.0,100
e7a57553,RIDER_149,2,20,1,1,Medium,4.9,71
17575f6e,RIDER_115,7,4,1,8,Medium,2.8,65
1ecc8e06,RIDER_063,4,20,0,6,Low,-2.6,100
2978f087,RIDER_104,2,24,1,2,Low,2.4,57
0aac95cd,RIDER_083,3,9,1,5,Low,0.3,37
b6585dd2,RIDER_103,6,5,1,4,Medium,-3.7,59
da96c753,RIDER_017,9,6,1,8,Medium,3.3,74
1efc99cc,RIDER_006,8,19,0,2,Medium,8.9,94
6f3c5a15,RIDER_147,9,12,1,1,Low,-1.9,72
7c42af2d,RIDER_028,4,5,1,1,Medium,-8.7,45
15c9331b,RIDER_038,4,5,0,3,Medium,10.2,89
0f064ee8,RIDER_119,9,18,1,0,Medium,-4.4,76
434f972f,RIDER_037,8,6,1,8,Low,9.1,67
ef86073c,RIDER_115,2,9,1,2,Medium,7.3,54
42783cc2,RIDER_068,8,11,1,4,High,2.3,88
9e21059d,RIDER_043,1,23,1,1,Low,-0.6,46
ccbb5494,RIDER_058,9,14,1,7,Medium,6.6,90
8c60c371,RIDER_013,9,24,1,10,Medium,2.7,91
3cc45258,RIDER_052,8,2,1,10,Low,9.4,70
6a494b3f,RIDER_058,5,14,1,2,Medium,4.2,69
10a381f6,RIDER_032,5,19,1,4,Low,9.1,73
26d18808,RIDER_105,3,10,1,6,Medium,5.2,58
20444fde,RIDER_083,5,5,1,1,Low,7.3,56
14e843c9,RIDER_099,4,23,1,2,Medium,3.5,70
cfc54630,RIDER_104,1,4,0,7,Low,1.8,73
00d0e170,RIDER_028,9,7,0,9,Medium,0.3,100
07b6e5b7,RIDER_129,4,24,1,7,Low,-1.6,64
c83a0788,RIDER_048,3,13,0,2,Medium,1.5,58
4fa840fc,RIDER_040,6,10,0,9,Low,-2.0,100
c2b89e59,RIDER_097,1,10,1,6,Low,0.4,34
b3629f34,RIDER_114,5,4,1,10,Low,2.9,47
463ab2dc,RIDER_132,7,16,0,1,Medium,4.1,74
1d3063db,RIDER_137,2,15,1,8,Medium,7.5,58
0ccc76a1,RIDER_111,9,21,1,7,Low,3.0,82
e536f47a,RIDER_144,6,11,0,8,Medium,3.9,100
271d05ae,RIDER_076,2,19,1,8,Medium,1.2,51
f8b1ae4a,RIDER_031,8,21,1,6,High,2.0,93
92bdcea0,RIDER_119,8,24,1,3,Low,2.3,86
6af92439,RIDER_142,1,3,1,4,Medium,10.4,47
3c89c414,RIDER_025,1,15,1,6,Medium,3.7,49
286ae6b3,RIDER_034,1,16,0,4,Low,-2.8,57
a124fe6b,RIDER_067,4,14,1,9,Low,2.9,46
c5acb6de,RIDER_118,4,5,1,7,Medium,-1.4,37
2638607f,RIDER_073,8,17,1,4,Medium,-0.6,75
89709b57,RIDER_026,1,18,1,4,Low,2.2,53
942b0072,RIDER_148,3,19,0,4,Medium,3.8,91
3acf22cb,RIDER_104,1,1,1,3,Low,3.5,27
ac40f06d,RIDER_010,9,9,1,10,Medium,-0.7,74
54fa115d,RIDER_067,9,21,1,10,High,-4.1,95
a4f9f2ec,RIDER_005,7,14,1,6,Medium,1.5,71
7de89589,RIDER_027,8,20,1,1,Medium,1.7,90
37c8cf57,RIDER_113,1,21,1,9,Medium,1.6,56
f9dbd018,RIDER_015,5,20,1,3,High,2.9,76
2cab9f75,RIDER_105,2,21,1,10,Low,0.3,56
63a05c37,RIDER_044,1,23,0,2,Medium,5.7,63
7b8a4051,RIDER_026,3,11,1,9,High,4.7,65
fddb1ea7,RIDER_095,7,24,1,7,Medium,5.3,90
a24176f2,RIDER_084,1,2,0,6,Medium,7.9,78
7fc2b9c1,RIDER_140,2,20,0,2,High,3.9,70
b0b5d0ee,RIDER_132,2,24,1,3,Low,2.2,58
6804ef9a,RIDER_087,4,23,0,3,Medium,1.6,87
900f8bea,RIDER_112,3,5,0,9,High,4.8,100
ea7b7488,RIDER_129,3,22,1,6,Medium,2.3,66
2005978f,RIDER_089,5,24,1,7,Medium,-5.3,75
4301e671,RIDER_066,3,15,1,3,Medium,-0.4,57
de5e92ee,RIDER_131,7,12,1,7,High,7.9,95
75435580,RIDER_122,5,14,1,0,High,-5.4,74
9db58c96,RIDER_149,4,11,1,8,Low,3.4,44
f06282ef,RIDER_084,3,21,0,6,Low,4.2,100
4e5773b7,RIDER_116,4,9,1,3,Medium,1.7,58
89b1c597,RIDER_116,2,20,1,7,High,-0.7,69
b80e914b,RIDER_038,1,8,1,9,Medium,-2.2,36
828db3d1,RIDER_143,3,12,1,1,High,2.8,64
ffceaee0,RIDER_110,2,3,0,7,Medium,0.8,85
d95aef91,RIDER_046,1,21,1,9,Medium,8.2,57
73b54028,RIDER_025,1,15,1,5,Medium,3.9,52
b0a107f1,RIDER_021,2,8,1,6,Medium,0.4,44
0af078c8,RIDER_121,9,7,0,6,Low,3.2,98
2fea672e,RIDER_122,5,17,1,1,High,-0.7,85
11a82fee,RIDER_133,9,12,1,10,Low,1.3,81
b0827ca0,RIDER_070,8,20,1,1,High,-5.1,100
2865820d,RIDER_113,6,18,0,3,Medium,0.6,94
1e58b5f4,RIDER_107,1,18,1,5,Low,4.2,54
bf71e304,RIDER_112,5,15,0,3,Low,1.3,75
6c68bac3,RIDER_108,1,23,1,5,High,5.6,84
62f25ce6,RIDER_047,7,3,1,4,Low,7.1,61
6b45d55b,RIDER_091,8,19,1,5,Medium,4.9,81
9863e4a4,RIDER_018,8,15,1,8,Low,10.0,81
fb330169,RIDER_149,7,16,0,5,Medium,6.1,100
db6f7f99,RIDER_104,2,22,0,5,Low,2.1,86
c32f2f3c,RIDER_040,5,22,0,10,Medium,1.2,100
de54e454,RIDER_138,4,17,1,10,Low,0.4,59
cecf6799,RIDER_089,5,1,0,7,Medium,-0.8,96
43c3ace9,RIDER_061,9,11,1,4,Medium,3.3,79
adb16001,RIDER_005,4,6,0,4,Medium,0.5,67
dcc17c90,RIDER_122,8,23,0,9,Low,-3.4,100
e1a10e25,RIDER_055,8,9,1,10,Low,5.2,67
11d3fa94,RIDER_037,2,20,1,0,Medium,-0.3,53
04df73c9,RIDER_056,6,16,1,5,Low,-4.0,56
2f27d38f,RIDER_102,5,6,1,0,Medium,6.5,67
671fc0f2,RIDER_093,2,12,1,10,Medium,6.6,50
26fe4cbe,RIDER_073,4,19,1,7,Medium,-2.6,60
f9332268,RIDER_059,7,13,1,9,Low,-0.1,60
fa89ca2e,RIDER_002,1,13,0,8,Medium,-1.2,93
4f8d0c84,RIDER_104,9,4,1,5,High,-0.6,71
63a4aea2,RIDER_051,1,9,1,8,Medium,-6.3,36
db224809,RIDER_030,5,14,1,1,Medium,0.3,64
28a3a668,RIDER_011,7,14,1,8,Low,0.5,65
8057fd6b,RIDER_108,8,17,1,3,Low,8.3,73
eed53e56,RIDER_076,2,5,1,2,High,2.6,57
5cbe20c7,RIDER_090,4,23,1,0,Medium,-0.2,70
9ca21e2f,RIDER_123,2,19,1,0,Low,2.9,44
93a1a418,RIDER_125,4,2,0,7,Low,-3.4,79
fde9665d,RIDER_122,6,13,1,1,Low,2.3,55
843312dc,RIDER_094,6,11,1,0,High,-0.7,79
c3cc900d,RIDER_103,2,2,0,1,Medium,2.5,43
309bd892,RIDER_031,4,1,0,2,High,3.8,62
976d6b1b,RIDER_052,4,21,1,3,Medium,-0.2,72
3eb7e470,RIDER_089,1,3,1,10,High,3.1,49
f2479f93,RIDER_076,2,12,0,8,Low,-0.8,90
952f44f5,RIDER_129,3,7,0,6,Medium,-2.2,86
4527fb20,RIDER_022,5,1,0,4,Medium,5.7,77
e30a6e2c,RIDER_040,8,9,1,4,High,6.1,86
76fb0ab5,RIDER_101,6,18,1,5,Medium,2.8,74
f50a420a,RIDER_111,3,24,1,0,Medium,5.1,71
37e8001d,RIDER_129,6,20,1,5,Medium,-4.2,70
a2ad4026,RIDER_065,7,6,1,10,High,5.3,88
9d3f26a7,RIDER_149,6,9,1,5,High,7.7,81
c8d8839f,RIDER_079,6,23,1,10,Medium,4.4,78
4adf794b,RIDER_022,1,8,0,4,High,1.5,71
bc682e7b,RIDER_099,3,23,1,9,Medium,-3.3,64
021074a3,RIDER_008,7,18,1,8,High,4.2,100
3d1f636f,RIDER_017,4,15,0,9,High,4.2,100
dd19b4b1,RIDER_017,4,1,1,9,Low,6.4,46
014c2e37,RIDER_090,7,14,1,4,Medium,0.7,77
8ead3c2e,RIDER_141,9,18,1,8,Medium,-0.3,81
f5b5e14e,RIDER_145,2,19,1,9,High,-1.0,62
3e2bddbc,RIDER_081,9,19,1,6,Medium,-1.7,94
98ddb59c,RIDER_078,3,10,0,2,Low,4.0,51
f30b43c4,RIDER_006,6,20,1,10,Medium,1.9,74
ec5f43cd,RIDER_110,4,21,0,8,Medium,3.9,100
c4d2d46a,RIDER_014,1,6,1,9,High,2.6,50
53881640,RIDER_072,9,17,1,6,Medium,0.3,88
bc3794c2,RIDER_143,6,14,0,3,Low,-1.5,78
15db347d,RIDER_054,8,13,1,8,High,7.3,94
32bbf5b4,RIDER_027,2,8,1,5,Medium,2.9,43
a5283fd4,RIDER_013,7,22,1,8,Medium,6.7,96
2cb753db,RIDER_060,6,10,1,3,High,3.9,80
342d3ad0,RIDER_006,2,9,1,9,Medium,0.5,43
3fcea1cb,RIDER_058,2,5,0,1,Medium,0.3,40
a11643d4,RIDER_049,4,23,1,8,Low,-1.2,62
c145a0b9,RIDER_026,4,4,0,9,High,7.1,100
8d4689ae,RIDER_047,3,6,1,3,Low,7.6,45
8d7c0d3b,RIDER_005,8,6,1,10,Low,0.8,54
c7d1882b,RIDER_020,7,13,1,1,High,4.6,85
99b2f649,RIDER_134,2,4,1,6,Medium,0.6,43
61aa5490,RIDER_059,3,22,1,6,Low,-3.9,66
ab78fe5e,RIDER_146,9,8,0,4,Low,-0.3,87
713acb46,RIDER_132,5,5,1,4,High,4.9,68
61fcab5d,RIDER_017,2,2,1,7,Medium,6.1,42
cf404e76,RIDER_014,3,9,0,5,Medium,2.0,71
cd5739b1,RIDER_013,8,11,1,0,High,-0.7,94
264c32bf,RIDER_135,4,20,1,10,Medium,-2.5,59
2ead7ba5,RIDER_128,2,20,1,3,Medium,0.7,55
e6250125,RIDER_044,2,11,1,0,Low,1.0,40
93ea5898,RIDER_119,6,7,1,4,Medium,1.0,60
931a6f46,RIDER_143,8,14,1,4,Medium,-2.7,76
21b30e4c,RIDER_019,7,6,1,3,Low,3.4,60
abbfedff,RIDER_063,4,4,0,8,Medium,2.4,95
c26859a8,RIDER_081,2,6,0,7,Low,0.9,77
5a746d52,RIDER_147,9,3,0,9,High,2.0,100
f5796d32,RIDER_148,4,23,1,2,Low,4.1,64
31005bbc,RIDER_100,9,6,1,4,Medium,4.2,77
31d3b15c,RIDER_122,5,3,1,5,Medium,7.0,61
7f81ace5,RIDER_044,7,1,1,4,Medium,7.1,68
b04fef3c,RIDER_104,5,21,1,7,Medium,4.1,77
56a24297,RIDER_061,2,18,1,4,Low,1.4,48
be061d14,RIDER_125,6,23,1,7,High,-0.6,85
6eb3fdc8,RIDER_145,7,23,0,9,Low,5.4,100
fcd2785c,RIDER_071,6,4,1,9,Medium,-2.7,56
d6495438,RIDER_107,3,6,0,2,Low,2.3,37
44dcc776,RIDER_050,8,17,0,4,Low,-1.7,98
4eac5af0,RIDER_065,3,18,1,3,Medium,5.9,66
5d54644e,RIDER_099,5,6,1,10,Medium,5.2,57
e4488bb5,RIDER_032,9,2,1,5,High,2.1,78
fb71b14d,RIDER_141,5,12,0,2,High,13.6,85
8e1bf3ce,RIDER_058,7,12,1,9,High,-1.0,80
eed002c6,RIDER_128,7,4,1,3,Medium,3.8,61
86ccef6e,RIDER_142,5,16,1,10,Low,4.2,64
8e000279,RIDER_112,2,20,1,3,Medium,3.0,60
547712bb,RIDER_068,5,10,0,4,Medium,0.9,86
8f05fd38,RIDER_040,7,10,1,10,Low,2.4,62
7d2e51e9,RIDER_144,7,7,1,5,High,9.1,91
65133098,RIDER_132,4,14,1,1,Medium,2.2,63
f641e3f0,RIDER_090,1,7,0,9,Medium,4.6,99
461f5d91,RIDER_028,6,12,1,7,Medium,-4.4,66
e790feca,RIDER_096,3,11,0,3,High,1.4,87
a63e16c4,RIDER_031,5,17,0,6,Low,11.1,100
5f6fe382,RIDER_003,4,11,0,6,Medium,-0.0,95
32d79943,RIDER_136,2,21,1,9,Medium,-0.2,58
a6c9fbb7,RIDER_024,7,3,1,10,Medium,8.9,73
38a882ab,RIDER_015,5,19,1,10,High,-0.4,82
37daa271,RIDER_045,7,22,1,1,Low,-0.9,77
7a39a64a,RIDER_008,9,4,1,6,High,4.8,80
3ae76140,RIDER_071,4,8,1,0,Medium,11.5,70
27dd1f67,RIDER_108,5,14,1,1,Medium,5.7,73
6cc3c375,RIDER_115,9,20,1,4,Medium,2.3,96
655c7a15,RIDER_103,4,24,1,7,Medium,7.4,82
1f539aaa,RIDER_125,5,14,1,6,Medium,1.2,67
a64d6e2c,RIDER_057,5,16,0,2,Low,-0.0,56
7ca4feb2,RIDER_030,8,15,1,9,Medium,8.0,85
cc719408,RIDER_146,4,12,0,8,Low,7.3,100
5c71163d,RIDER_114,4,16,1,4,Medium,0.6,60
2d299fe2,RIDER_117,7,20,0,2,Medium,6.2,89
9db933d7,RIDER_060,5,19,0,6,Medium,7.2,100
ec86ae7e,RIDER_098,6,5,1,3,Low,1.4,51
5698ea8e,RIDER_126,6,12,1,0,Low,2.7,60
52342ebb,RIDER_094,6,5,1,4,High,-2.7,68
b8098def,RIDER_134,5,10,1,10,Medium,2.0,62
950d8727,RIDER_122,5,17,0,7,High,-0.4,100
5b5a28a0,RIDER_108,9,15,1,3,Low,1.2,76
ebccd9be,RIDER_004,8,8,1,6,Medium,-3.3,68
c470cd62,RIDER_093,4,8,1,7,Low,7.3,56
db7cbd8a,RIDER_006,7,8,0,8,Medium,6.3,100
0e4ae667,RIDER_032,8,10,1,10,High,7.2,92
c0dc7512,RIDER_106,9,20,0,8,Low,2.2,100
67e1316f,RIDER_146,5,13,1,4,Medium,0.8,61
3f38afc1,RIDER_015,3,16,1,5,Medium,3.2,57
43aeceb3,RIDER_122,4,9,1,6,High,3.5,69
b653eb3c,RIDER_096,6,16,1,9,Medium,8.0,79
fb1d9ff7,RIDER_006,5,10,0,1,High,2.7,69
5e7f1c23,RIDER_112,9,3,0,8,Medium,2.5,100
eb49a3e8,RIDER_120,3,23,1,0,Medium,5.2,69
86b40f76,RIDER_123,2,22,1,5,Medium,-5.4,59
5ea79ec1,RIDER_067,6,14,1,5,Low,8.0,70
59151256,RIDER_106,7,13,1,6,Medium,5.0,75
74fea725,RIDER_139,5,4,1,1,Medium,3.9,54
8a3eae34,RIDER_043,1,4,1,5,Low,4.6,31
48e257cb,RIDER_145,3,6,0,5,Medium,5.7,89
7927c174,RIDER_096,3,24,0,8,Medium,12.6,100
6055e0c1,RIDER_132,4,19,1,7,Low,0.6,62
b37d46f4,RIDER_081,6,11,0,4,High,6.6,100
4b2a0410,RIDER_041,5,8,1,6,High,3.8,73
3d5ce2d3,RIDER_133,1,14,1,6,Low,-1.0,31
942546ff,RIDER_035,6,8,1,4,High,6.7,84
c2949d14,RIDER_022,9,14,0,6,High,3.5,100
f17886ff,RIDER_150,1,23,0,2,Low,3.6,55
0174140e,RIDER_112,8,7,0,6,Low,3.1,100
3b7b454d,RIDER_011,8,21,0,5,Medium,3.9,100
47e5f095,RIDER_003,3,18,1,5,High,5.6,80
9ef166d0,RIDER_137,9,12,1,1,High,0.4,94
3c0f83ae,RIDER_060,8,14,1,1,Low,1.9,75
7f766767,RIDER_076,3,15,0,6,Low,6.4,95
e27a81cd,RIDER_087,5,18,1,0,Medium,-1.7,64
d1967053,RIDER_014,3,12,1,8,Low,6.4,58
eaa460ae,RIDER_018,5,10,0,2,Low,2.2,53
3312dbd5,RIDER_113,9,12,1,5,Medium,6.4,87
72bcccc4,RIDER_073,4,8,1,2,Medium,4.4,54
bc778e41,RIDER_023,6,6,1,8,Medium,0.4,57
896ad892,RIDER_083,3,24,0,9,High,0.4,100
13509c28,RIDER_125,3,19,1,6,Low,-0.5,47
0aa567c5,RIDER_069,5,1,1,0,Medium,-2.4,43
3e1550fd,RIDER_047,8,13,1,3,Medium,2.7,81
acbfe459,RIDER_116,8,22,1,4,Medium,3.0,88
7962a4a5,RIDER_030,3,16,1,6,Medium,4.7,63
123d60cd,RIDER_025,8,18,0,6,High,1.1,100
ce299744,RIDER_112,8,12,1,4,Medium,4.6,76
035a10c0,RIDER_025,3,5,1,0,Medium,6.7,57
6c2c02c1,RIDER_074,2,21,1,4,Low,9.8,64
89234980,RIDER_058,2,13,1,4,Low,-1.3,42
8bbaa30e,RIDER_094,9,8,0,3,Medium,7.5,100
fc1d2979,RIDER_119,7,6,1,5,High,3.8,79
e382d0a8,RIDER_127,6,3,0,7,Medium,3.5,100
0c1471f0,RIDER_025,7,20,1,9,Medium,0.9,73
9a447cae,RIDER_078,8,4,1,4,Medium,7.1,66
93a02d11,RIDER_099,1,12,0,7,Low,3.5,87
3e5c09dd,RIDER_116,8,13,0,4,Medium,-2.6,100
2d3c0bb2,RIDER_048,3,2,1,2,Low,-4.5,35
ea89e9e1,RIDER_010,3,19,1,7,Medium,2.7,62
47420acc,RIDER_099,6,4,1,3,Medium,4.4,58
d26a4e58,RIDER_011,4,23,1,2,Medium,-0.2,71
977f3a04,RIDER_085,4,13,1,2,High,1.0,74
a36d9363,RIDER_149,4,19,1,5,Low,6.6,72
7df01445,RIDER_135,9,8,0,7,Low,1.1,100
148bc011,RIDER_126,8,8,0,9,Medium,4.4,100
bfef8cd7,RIDER_064,3,16,1,4,High,0.3,70
c7dbae5f,RIDER_002,1,11,1,0,Medium,7.0,51
9288365c,RIDER_076,1,18,1,0,High,3.7,64
5b740b71,RIDER_121,1,4,1,2,Medium,2.9,41
3276af09,RIDER_042,4,24,0,5,Medium,8.0,100
1797a70c,RIDER_054,6,1,0,1,High,-3.3,62
f55134b3,RIDER_075,4,1,1,0,Medium,5.0,52
6ea7753a,RIDER_016,3,14,0,6,Medium,-3.7,94
9a2ca76b,RIDER_018,8,4,1,1,Medium,3.0,70
216add8c,RIDER_090,8,11,0,7,Medium,2.8,100
8a55843c,RIDER_144,6,18,1,1,Low,4.0,65
75170c9d,RIDER_006,9,16,0,10,Medium,-4.2,100
318727a6,RIDER_108,1,17,1,0,Medium,3.6,54
efd77203,RIDER_048,8,24,1,9,Medium,7.5,100
52fe3b07,RIDER_042,6,2,1,1,Low,0.2,38
3994ad51,RIDER_076,1,4,1,1,Medium,-0.0,36
25ed8f24,RIDER_077,4,3,0,6,Low,0.6,71
c475d047,RIDER_132,5,15,1,0,High,6.0,85
47152ed1,RIDER_130,7,2,0,2,Low,-0.6,41
2271feb0,RIDER_059,8,24,1,4,Medium,1.1,94
92ebbb36,RIDER_027,9,19,0,6,Medium,5.8,100
153c1e78,RIDER_079,6,9,1,5,Medium,-0.7,62
d3d51d03,RIDER_072,9,10,1,7,Medium,6.5,88
df86bfda,RIDER_007,4,21,1,0,Medium,0.4,65
a01c280e,RIDER_111,8,19,1,6,Low,2.0,69
2c4193af,RIDER_119,3,5,0,8,High,6.0,100
5f1427e8,RIDER_063,4,14,0,6,Low,5.9,99
c1ae6ec5,RIDER_124,4,10,1,5,High,0.9,65
0ad41a58,RIDER_012,6,16,1,8,Medium,-1.1,74
15534d62,RIDER_141,9,6,1,3,Low,8.2,75
09451673,RIDER_043,6,8,0,9,Medium,1.6,100
25de46f7,RIDER_017,1,2,1,5,Medium,4.2,39
b69e5c67,RIDER_063,5,18,1,5,Medium,5.3,78
ea71d9a6,RIDER_120,9,21,1,9,Low,-0.4,79
c41585d0,RIDER_036,5,21,1,2,High,-2.8,83
48176c6b,RIDER_008,6,21,0,6,Medium,4.8,100
f30811ac,RIDER_069,3,20,1,0,Medium,-3.2,61
0989b244,RIDER_090,8,8,0,10,Medium,-1.5,100
ed011384,RIDER_036,4,5,1,7,Low,5.0,37
307f60f9,RIDER_028,4,17,1,7,Low,3.9,56
ddeb38bb,RIDER_118,5,16,1,7,Low,3.8,66
905d020c,RIDER_093,9,5,0,8,High,0.4,100
47bee7df,RIDER_076,8,17,1,3,Low,7.3,88
9e278237,RIDER_101,7,4,1,5,Medium,-1.3,62
15bbab9f,RIDER_144,5,1,1,10,Low,-5.7,33
d7b30f84,RIDER_014,9,22,1,6,Low,-4.6,85
6e087c3a,RIDER_071,9,6,1,1,Low,2.7,61
054a65aa,RIDER_124,2,1,0,5,High,2.0,87
cfa54db4,RIDER_125,4,24,1,7,Low,5.1,71
483e1d25,RIDER_037,8,4,1,3,Low,4.7,68
9f4e2ae0,RIDER_029,1,2,0,4,Low,1.9,52
02b58925,RIDER_143,5,13,1,7,Medium,-3.4,61
e2bf3721,RIDER_019,8,14,1,2,High,-0.1,88
2b57b0e0,RIDER_106,2,17,1,5,High,0.2,61
3bcde6ab,RIDER_021,2,11,1,0,Low,8.5,50
ea4590ac,RIDER_064,8,3,1,3,Low,1.6,57
843ade26,RIDER_027,9,7,1,5,Medium,6.1,83
c1dfce8a,RIDER_055,7,10,1,2,Medium,2.8,69
5b0d2f0a,RIDER_029,8,11,1,0,High,1.7,83
ea0bfe37,RIDER_148,5,10,1,5,Low,0.1,49
5886fd08,RIDER_025,1,8,0,2,Medium,4.1,39
7f4b41ad,RIDER_070,4,5,0,7,Low,-2.1,80
c8aecc01,RIDER_063,2,23,0,6,High,1.9,100
b608d08a,RIDER_130,3,2,1,10,Low,2.4,33
0279c782,RIDER_150,3,15,1,6,Low,2.8,51
709ea8ed,RIDER_016,9,16,0,7,Medium,-1.3,100
e5fa76c7,RIDER_146,4,4,1,6,Low,0.5,40
59344a98,RIDER_100,2,22,1,4,Low,3.3,54
6915315d,RIDER_030,3,16,1,9,Low,2.9,50
94f5f628,RIDER_045,3,12,1,7,High,7.0,77
541d064a,RIDER_019,7,14,0,7,Medium,1.2,100
ff711b05,RIDER_034,8,12,0,10,Medium,-2.7,100
40d08b93,RIDER_141,6,21,0,7,High,0.1,100
bb043e20,RIDER_062,4,16,0,9,High,-2.2,100
87a3e9c3,RIDER_118,6,16,1,5,Medium,8.3,77
7b60494a,RIDER_100,1,22,0,1,Medium,5.2,62
a77e9a3b,RIDER_022,8,12,1,7,High,3.4,90
1e8dc16e,RIDER_111,1,2,0,9,Low,3.6,88
00054fe3,RIDER_073,5,23,1,0,Medium,1.7,73
39ab4a6b,RIDER_147,2,24,0,8,Low,-3.4,100
0260ae10,RIDER_038,6,14,0,8,Low,0.3,100
f6e4cab8,RIDER_070,9,11,1,5,Low,-7.6,67
6dd00d05,RIDER_116,5,9,1,9,Medium,4.8,67
d8d3119f,RIDER_079,4,22,1,5,High,2.5,81
34e30431,RIDER_148,2,7,1,5,Medium,2.3,43
350516a7,RIDER_009,3,12,1,10,Medium,-0.9,49
1b0b6234,RIDER_032,6,17,0,3,Medium,1.6,88
d51fe5a0,RIDER_132,8,9,1,0,Medium,4.4,72
0c7bc618,RIDER_050,8,6,1,0,Medium,3.6,74
0c1fceba,RIDER_082,5,12,1,0,Medium,-2.4,57
17fcee41,RIDER_005,5,20,1,4,Low,-0.8,58
85c92d96,RIDER_148,3,10,1,6,Medium,4.7,52
1d347f6e,RIDER_087,7,9,1,0,Low,0.9,52
ddbddd46,RIDER_126,6,12,1,0,Medium,9.2,75
d15a4967,RIDER_075,1,1,1,10,High,-1.9,39
f1a8f806,RIDER_022,4,2,1,5,Low,1.2,33
72b6212f,RIDER_068,6,19,1,10,Low,0.5,66
c87d3a34,RIDER_044,6,1,1,1,High,1.1,64
218048fa,RIDER_034,3,16,1,1,High,-1.9,64
033e2c5d,RIDER_077,6,16,0,6,Medium,-5.4,100
a8a62720,RIDER_042,6,18,0,8,Low,4.3,100
4472ddee,RIDER_137,9,18,1,7,Medium,8.0,99
06a8148b,RIDER_106,9,23,1,1,Medium,0.1,85
8d6fc59c,RIDER_095,2,13,1,6,High,3.1,70
b44f557d,RIDER_135,4,22,1,4,Low,1.3,60
1849a51c,RIDER_068,9,12,1,10,Medium,1.3,83
9cda34d8,RIDER_147,4,9,0,9,High,-0.4,100
c4464b2e,RIDER_128,8,5,1,3,Medium,4.8,72
396ee129,RIDER_085,3,9,1,9,Low,3.0,42
94dbbf94,RIDER_083,3,13,1,3,High,-0.6,65
f9ffed57,RIDER_095,9,16,1,3,Medium,5.1,96
e8bc06d4,RIDER_032,8,10,1,8,Low,7.7,74
414c9f88,RIDER_066,1,16,1,6,Medium,6.7,54
aca5646e,RIDER_116,2,14,1,6,High,1.4,63
6ca0fd42,RIDER_138,3,2,1,3,Low,-1.4,22
57928433,RIDER_130,2,19,0,8,Low,-1.5,97
0ac0b869,RIDER_060,3,11,1,7,Low,0.1,33
82f39c95,RIDER_017,8,19,1,9,High,0.4,98
3e90fc46,RIDER_096,6,11,1,3,Low,5.5,66
fe9759ba,RIDER_144,7,14,1,5,Low,-5.5,65
fc3a1367,RIDER_016,6,15,1,3,Low,1.8,59
a16f362a,RIDER_046,1,7,1,0,High,-0.1,42
b9a48eb9,RIDER_107,3,15,1,4,Low,-0.9,50
d5884877,RIDER_088,1,24,0,9,Medium,4.1,100
d5252599,RIDER_129,9,23,1,10,Low,-0.7,85
77a2a383,RIDER_139,9,8,0,2,Medium,1.4,81
2148a711,RIDER_119,5,4,1,0,Medium,5.5,59
88bca869,RIDER_085,4,18,1,1,Low,0.9,54
58fe9c96,RIDER_004,9,14,1,1,Low,7.0,89
89685d3b,RIDER_071,9,21,1,7,Low,-1.2,80
9997078d,RIDER_111,3,18,1,3,Medium,-9.4,62
32d367a2,RIDER_050,5,4,1,2,Medium,4.0,55
c8256c5d,RIDER_140,3,2,1,3,Low,3.2,34
67d51411,RIDER_095,2,21,0,9,Medium,6.1,100
097587c0,RIDER_092,1,6,1,0,Low,3.7,33
192e73c1,RIDER_065,2,11,1,0,Medium,8.0,55
e1f659ee,RIDER_047,8,1,1,4,Low,3.2,65
a44c6d37,RIDER_106,8,15,1,6,Low,6.1,79
dd186cb6,RIDER_130,3,12,0,8,Low,5.4,100
4cde6b00,RIDER_106,7,24,1,6,Medium,-0.3,80
a8e96c9c,RIDER_024,7,18,1,10,Low,0.2,70
b92c6e31,RIDER_004,2,5,0,4,High,1.0,68
9bca2271,RIDER_108,9,11,0,2,High,10.6,100
87e06162,RIDER_019,3,24,0,7,High,-0.3,100
c8e45695,RIDER_040,2,21,0,6,High,3.7,100
589e7897,RIDER_050,3,19,1,3,High,2.4,76
b70ff464,RIDER_075,2,22,1,0,Low,2.9,56
cb2c1928,RIDER_012,8,1,1,2,Medium,2.2,62
a85c3e23,RIDER_027,5,17,1,10,Medium,0.5,67
c37fda86,RIDER_113,3,8,1,7,Medium,-2.5,45
66e91088,RIDER_049,5,23,0,1,High,-1.7,81
e21e9f48,RIDER_144,8,16,1,8,Medium,5.0,92
d0881eb9,RIDER_130,7,11,0,3,Medium,3.9,94
93f66f64,RIDER_060,6,19,1,6,Medium,2.8,76
d38e0310,RIDER_030,1,24,0,9,High,9.2,100
26b1e77e,RIDER_084,1,11,1,6,Medium,11.8,61
d5a49a40,RIDER_028,1,15,0,7,Medium,-1.8,83
79419e99,RIDER_025,8,8,1,6,Low,7.6,71
6c466ff7,RIDER_096,8,14,1,10,High,-2.8,82
70ab87a4,RIDER_125,7,1,1,3,High,0.3,71
a4accdff,RIDER_010,6,10,0,6,High,2.7,100
c8a9c12a,RIDER_042,4,7,1,4,Medium,5.4,56
222b7e14,RIDER_040,1,18,1,9,Medium,-3.0,50
5441da74,RIDER_077,9,12,1,6,Medium,2.3,82
ba3b3303,RIDER_105,1,2,1,2,High,2.5,52
96483c35,RIDER_118,4,18,0,9,Low,-3.8,100
1cd1d8c3,RIDER_042,3,21,0,10,Medium,3.8,100
ef80cf14,RIDER_047,7,7,0,6,Medium,1.5,100
923c8931,RIDER_022,5,20,1,6,Medium,4.3,76
671471f9,RIDER_107,5,12,1,1,Medium,0.1,51
e85e9255,RIDER_027,4,20,0,7,Medium,0.5,100
fd76e98f,RIDER_041,1,14,0,6,Low,11.1,93
2c307ab5,RIDER_080,5,10,0,8,Low,-1.1,94
fcba16e3,RIDER_089,4,9,0,3,Medium,1.3,73
f4e4549f,RIDER_066,8,23,1,8,High,-0.0,100
9f21de33,RIDER_012,2,15,1,0,Low,2.5,43
4792fe52,RIDER_073,8,20,0,4,Low,3.2,99
9fe5a70d,RIDER_076,1,24,0,9,Medium,6.9,100
22a90d50,RIDER_090,4,10,0,6,Medium,-0.2,85
8600b64c,RIDER_010,3,19,1,3,Low,1.0,53
da210526,RIDER_096,5,19,1,6,Medium,3.0,68
3f9cc439,RIDER_020,5,12,1,8,Medium,-5.2,62
7b07f61b,RIDER_039,5,23,1,4,Low,6.7,76
6d85fbd7,RIDER_060,4,12,1,4,High,-11.0,64
b363a168,RIDER_066,8,9,0,1,Medium,4.9,71
160e879f,RIDER_065,3,20,1,4,Medium,15.9,85
37ed6526,RIDER_124,4,4,1,7,Medium,4.4,52
e91855c3,RIDER_130,1,1,1,3,Medium,4.8,29
bec965bb,RIDER_057,7,16,0,1,High,2.4,86
9e019863,RIDER_078,1,1,1,7,Medium,-1.3,22
52365f42,RIDER_029,2,13,0,3,Low,5.2,63
9ad4725a,RIDER_015,7,3,1,4,Low,-3.6,49
5bf62d3e,RIDER_012,1,12,1,6,Low,-2.7,31
3ba39ef4,RIDER_101,3,23,0,10,Medium,0.2,100
9d15a1b9,RIDER_084,6,9,1,4,Medium,4.1,68
68cfb792,RIDER_125,6,4,1,9,Medium,-2.9,56
9ad89d94,RIDER_103,6,2,1,3,High,4.7,74
6faa17c5,RIDER_024,2,22,0,6,Medium,3.8,100
726c9cdc,RIDER_149,2,22,1,3,Medium,2.3,63
2d02a0f8,RIDER_138,6,9,1,9,Low,-4.7,48
e9942e6d,RIDER_110,5,20,0,3,Medium,5.7,95
1c4c5567,RIDER_078,7,24,1,1,Medium,1.0,86
f691e11e,RIDER_101,7,13,1,4,Medium,1.7,74
9e50ec4b,RIDER_146,5,14,1,7,Medium,0.0,58
4098db1a,RIDER_142,8,3,1,3,Low,-4.2,58
0d64400d,RIDER_128,6,18,1,10,Low,-1.9,58
d337cfd2,RIDER_058,5,9,0,1,High,5.8,70
11870029,RIDER_076,4,15,0,8,High,8.4,100
6eaedc96,RIDER_150,7,22,1,5,High,4.2,96
2f566d4d,RIDER_036,4,24,0,2,High,5.0,87
cfbb862a,RIDER_022,5,10,1,9,Low,8.6,59
255cb811,RIDER_127,5,17,1,10,Medium,8.5,79
cce4de76,RIDER_080,1,13,0,4,High,4.4,86
d80fb806,RIDER_100,1,1,1,5,High,-0.4,40
fcd98238,RIDER_096,3,11,1,8,Low,-5.9,44
fc5d56e6,RIDER_148,3,5,1,4,Medium,2.3,43
913b3bbc,RIDER_018,2,9,1,8,Low,2.7,40
88bc64a0,RIDER_038,2,7,1,0,Medium,12.5,65
0e9bee87,RIDER_109,6,7,0,9,Medium,4.7,100
4926c5a4,RIDER_123,1,2,0,3,Medium,2.8,58
feb7c968,RIDER_144,6,19,1,0,Medium,-1.6,68
b6b5754d,RIDER_149,5,20,1,1,Medium,2.4,69
48bc6ada,RIDER_104,6,18,1,1,Low,7.0,67
bc1409fc,RIDER_140,5,10,1,9,Medium,1.2,57
01ed0f69,RIDER_144,7,5,1,10,High,-3.1,73
f0d481b8,RIDER_081,1,16,1,4,Low,-1.4,41
07b5461b,RIDER_087,3,23,1,0,Medium,-3.4,67
86de4de8,RIDER_142,6,5,1,9,Medium,-0.8,47
fab5bb76,RIDER_061,1,15,0,2,Medium,-2.6,38
d0856b60,RIDER_046,7,22,1,10,High,4.2,100
d2396329,RIDER_032,4,16,0,5,Medium,4.7,100
66ef2fb5,RIDER_015,3,4,1,0,High,8.0,69
50ea531c,RIDER_044,9,14,0,10,High,1.8,100
034bb84c,RIDER_145,1,24,1,0,Low,1.7,45
517fef89,RIDER_054,8,17,1,2,Medium,3.4,80
c83a5100,RIDER_044,1,17,1,8,Low,-0.3,40
e698b699,RIDER_098,5,21,1,1,Medium,-2.5,64
b74001fd,RIDER_005,8,16,0,5,Medium,-1.6,100
8b15818d,RIDER_109,6,9,1,2,High,4.4,78
557c4187,RIDER_027,7,2,1,5,Low,5.7,56
4ac4b70f,RIDER_116,8,11,0,10,Low,11.6,100
40ffa540,RIDER_087,6,15,1,10,Low,-2.1,61
2231a830,RIDER_104,6,3,1,6,Medium,-2.3,47
7cba73a6,RIDER_123,6,24,1,6,High,-5.6,91
ad9125de,RIDER_079,5,16,0,1,Medium,2.6,63
9e2fe0ed,RIDER_043,8,21,0,2,Low,4.2,82
546a6eb1,RIDER_097,2,19,0,3,Low,-0.5,68
f2a66edd,RIDER_031,7,22,0,7,Low,-4.1,100
0b256fa2,RIDER_099,4,6,1,4,Medium,10.0,59
cc38919f,RIDER_017,1,14,1,0,Low,3.5,37
6ce77a5f,RIDER_083,5,5,1,8,High,-2.9,69
0bf4c956,RIDER_110,3,5,1,0,Low,0.6,38
0dd99582,RIDER_032,4,6,1,1,High,11.2,76
9d42aa78,RIDER_141,7,18,1,6,Medium,5.8,89
870e71d5,RIDER_035,5,22,0,10,High,0.7,100
0ab7d14c,RIDER_133,4,18,1,2,High,-1.8,83
8f98b83a,RIDER_029,1,19,1,5,High,7.4,72
63a585cc,RIDER_070,6,2,0,7,High,-3.7,100
34837597,RIDER_095,6,17,1,4,Low,4.0,69
81985a36,RIDER_022,7,1,1,0,Low,3.9,48
9b038755,RIDER_069,1,9,1,9,Medium,6.4,48
f6d90c8d,RIDER_089,4,13,1,2,High,4.2,77
6c733cc1,RIDER_072,9,4,0,10,Low,4.5,100
fdd6604b,RIDER_129,6,5,1,1,High,3.4,70
6db90c8b,RIDER_087,2,23,1,5,Medium,3.2,65
55dde14c,RIDER_096,4,18,1,4,Low,9.5,71
8f13f881,RIDER_075,6,10,1,6,Low,2.1,54
2344ecda,RIDER_054,4,4,1,1,Low,5.5,45
18d8f63a,RIDER_088,7,13,1,5,Low,0.4,58
632aac83,RIDER_054,3,13,0,10,Medium,-2.1,100
21fef3d1,RIDER_016,6,17,0,4,Low,0.1,84
a9b33402,RIDER_099,4,8,0,5,Medium,1.0,85
66acbad4,RIDER_020,3,4,1,4,Medium,-2.2,45
4f3659b1,RIDER_046,3,23,1,6,High,-4.0,78
08c127c2,RIDER_127,2,3,1,4,Medium,6.8,44
125dadbf,RIDER_058,3,11,1,6,Medium,-0.4,44
05f2882b,RIDER_111,1,12,1,0,High,0.9,55
8a375d4e,RIDER_129,3,9,1,8,Low,-0.3,37
40d47bc0,RIDER_081,9,15,1,5,Low,-7.3,73
7bf72dc0,RIDER_084,4,13,1,8,High,8.6,81
8e989841,RIDER_070,3,5,1,0,Low,-1.7,32
84fcaa24,RIDER_008,8,5,1,1,Low,6.0,63
39747390,RIDER_029,1,19,1,6,Medium,-2.0,51
6a266de0,RIDER_112,5,11,1,3,Medium,2.9,69
78e229ef,RIDER_131,1,9,1,9,Medium,5.8,47
52d1e4e3,RIDER_108,7,3,1,0,Low,-2.7,49
05960c55,RIDER_109,5,18,0,4,Medium,0.4,97
306b50dc,RIDER_020,2,13,0,3,High,-0.5,78
67c1cf77,RIDER_073,1,12,0,5,Medium,0.2,79
5c07cbed,RIDER_004,7,9,1,6,Medium,5.1,76
ebc7d4ec,RIDER_019,1,10,1,10,Low,7.6,31
827c30b8,RIDER_102,3,13,0,2,Medium,0.6,54
8931f511,RIDER_141,6,20,1,5,Low,3.1,68
7753c07d,RIDER_141,6,20,1,1,Medium,-3.2,77
98f75f1e,RIDER_086,7,13,1,9,Medium,11.9,81
45eac5a7,RIDER_052,1,22,1,3,Medium,4.0,59
bc1d0db4,RIDER_111,7,9,1,9,High,5.4,84
777a9263,RIDER_109,2,24,0,8,Low,0.1,100
508d4d17,RIDER_086,6,10,1,6,Medium,6.3,75
a080590a,RIDER_043,8,19,1,1,Medium,2.6,96
ca5e2be6,RIDER_042,5,6,1,5,Medium,5.9,62
51ccb2f3,RIDER_090,3,7,1,3,Low,-1.7,42
fb19305d,RIDER_115,8,15,1,7,Low,2.7,78
70928257,RIDER_026,8,22,1,7,High,-6.1,100
c7b323f4,RIDER_043,4,19,1,0,Medium,4.5,73
c44f4b3f,RIDER_077,8,14,0,7,Medium,4.2,100
bdf33036,RIDER_137,5,16,1,9,High,-5.4,76
d58e05ab,RIDER_020,5,14,1,6,Low,-2.5,50
81b99438,RIDER_039,3,20,1,0,High,-1.3,77
a5a01d76,RIDER_012,7,2,1,2,Low,4.0,52
0cee75d5,RIDER_011,9,9,1,4,Medium,-9.3,66
5c797a72,RIDER_042,9,3,1,2,Medium,9.8,87
d4103a69,RIDER_011,1,6,0,2,Medium,-1.0,33
6ae31c65,RIDER_038,1,5,1,0,Low,14.0,47
ddec292e,RIDER_098,5,14,0,7,Medium,2.0,100
38eb9cb0,RIDER_019,1,15,1,8,Low,-7.4,40
2dcea1f5,RIDER_134,4,18,0,4,Low,-4.3,79
358508ff,RIDER_116,1,17,1,0,Low,2.1,43
03c0481d,RIDER_113,2,9,1,0,Medium,-3.5,45
0b278eaa,RIDER_065,2,19,0,8,Medium,-2.0,100
123236c7,RIDER_099,4,23,1,0,Low,-7.9,57
c7151a2e,RIDER_072,8,9,1,8,Low,0.2,62
8b834832,RIDER_052,2,16,1,2,Low,7.9,53
4b2128d0,RIDER_118,9,6,0,2,Medium,-0.9,59
d6e8d922,RIDER_120,9,8,0,3,Medium,4.1,98
89aa4325,RIDER_007,2,3,0,4,Medium,-2.3,65
82ca92bc,RIDER_011,1,22,0,5,High,6.1,100
63a755e7,RIDER_103,9,5,1,5,Medium,-0.0,72
9d161a3c,RIDER_061,2,7,1,9,High,3.0,59
05afc4b2,RIDER_068,8,23,1,8,Medium,-1.2,91
1afff7fd,RIDER_140,3,1,1,0,Medium,0.6,39
9a86768e,RIDER_102,1,22,1,8,Medium,-3.3,52
fbfe2587,RIDER_110,1,21,0,3,Low,8.4,76
8c8caff9,RIDER_140,2,4,1,6,Medium,2.2,39
bdb4f5ea,RIDER_051,7,16,0,5,High,-1.2,100
4455cb85,RIDER_117,6,14,1,8,Low,0.9,58
7db76c37,RIDER_046,2,1,0,1,Medium,3.7,40
b5d2e43d,RIDER_053,4,4,1,10,Medium,4.7,52
1842419b,RIDER_088,2,10,1,1,Medium,-0.3,42
d2d485d5,RIDER_121,1,11,1,6,Medium,4.8,48
2cccd0c3,RIDER_013,3,7,1,8,Low,1.9,36
beec9540,RIDER_089,4,4,1,4,Medium,-1.3,46
6b59c0c5,RIDER_125,5,1,0,6,Medium,0.4,88
dee9cba3,RIDER_118,5,1,1,10,Medium,-0.5,47
1efe0fc3,RIDER_054,7,17,1,7,Medium,9.5,85
87b51c38,RIDER_116,8,10,1,7,Medium,2.5,78
f7f3119f,RIDER_118,9,5,1,3,Medium,5.0,73
bd1efb0e,RIDER_004,7,7,0,9,Low,6.8,100
07aa022e,RIDER_075,5,8,0,6,Low,2.4,95
79bb7316,RIDER_049,9,2,1,0,Medium,5.8,67
a062eb8a,RIDER_007,8,9,1,3,Medium,2.1,69
be18ba39,RIDER_110,9,4,1,4,Low,1.6,62
d566a6ce,RIDER_122,8,12,1,9,Low,0.7,64
5e832e4c,RIDER_011,6,11,1,6,Medium,0.2,57
b50ed96d,RIDER_092,4,5,0,5,Low,4.1,77
ec984689,RIDER_023,9,12,1,3,High,-2.3,81
a0b08328,RIDER_028,9,21,1,2,High,-2.7,100
cbfcd589,RIDER_111,9,4,0,10,Medium,5.6,100
0eebf7d9,RIDER_057,3,13,0,5,Medium,6.7,91
5f3b2824,RIDER_026,3,22,1,9,Medium,8.8,74
dedad487,RIDER_054,6,1,0,4,Low,0.4,63
6871dcd7,RIDER_029,6,18,1,2,Medium,-4.9,77
15dc8d62,RIDER_097,6,4,0,3,Medium,-5.6,74
ec8cb73a,RIDER_014,5,4,1,1,Medium,7.3,55
3341f259,RIDER_078,5,8,1,8,High,5.5,73
8efc98cd,RIDER_035,2,20,1,6,High,3.8,76
3d4ebcc8,RIDER_030,7,6,1,9,Low,4.5,62
51893abf,RIDER_092,4,4,1,2,Medium,4.7,55
9b48b811,RIDER_017,3,4,0,7,Medium,9.6,100
12db2891,RIDER_093,8,11,1,7,High,-2.4,75
ea9d980f,RIDER_079,4,9,0,10,Low,-1.5,100
0a5c0cc0,RIDER_110,4,14,1,0,Medium,3.9,62
1f805e4f,RIDER_102,8,4,1,4,Medium,5.1,72
0031ed1d,RIDER_106,1,13,0,4,Medium,-2.8,75
b3b1d4e7,RIDER_047,9,6,0,2,Low,5.3,71
47ca4710,RIDER_064,7,13,1,1,High,0.2,88
c9f910cc,RIDER_064,2,3,1,0,Medium,4.1,46
0390df21,RIDER_087,6,23,1,3,Medium,-3.2,83
03b98044,RIDER_007,8,7,1,10,Low,-5.7,61
9c62ed72,RIDER_022,5,1,1,9,Medium,4.3,51
694ac6b9,RIDER_081,6,11,1,1,High,10.0,88
0ef0a626,RIDER_074,8,2,1,4,Low,2.2,63
55281c0b,RIDER_138,6,5,1,10,High,9.3,81
77e1c587,RIDER_135,9,24,0,9,Medium,-3.5,100
f7155b35,RIDER_125,9,22,1,1,High,-1.5,99
dbb66ccd,RIDER_050,9,14,1,0,Medium,4.0,84
6f9cb94e,RIDER_052,6,13,0,9,Medium,4.2,100
35b6f3b6,RIDER_001,9,16,0,9,Medium,-0.0,100
32b6ba54,RIDER_004,3,23,1,9,Low,4.3,60
bb6c25c6,RIDER_145,5,15,0,9,Medium,-0.1,100
1715cf0d,RIDER_132,2,3,0,8,Medium,2.5,94
bb6ab739,RIDER_004,8,6,1,1,Low,3.4,61
3b2799b6,RIDER_001,4,9,1,9,High,9.4,78
e97f353b,RIDER_071,6,3,0,3,Medium,-1.5,79
59576bd2,RIDER_035,6,13,1,2,High,4.4,86
c3b00672,RIDER_008,5,13,1,0,Medium,5.4,74
ec825b32,RIDER_036,1,22,0,7,Medium,11.2,100
0cb04520,RIDER_123,7,7,1,1,Low,8.1,66
79148245,RIDER_043,8,5,1,10,Medium,4.7,78
72877310,RIDER_027,1,8,1,7,Medium,-5.8,31
7bad0cd0,RIDER_032,7,8,1,0,High,3.9,85
a39af934,RIDER_078,4,22,1,5,Medium,6.4,82
9bf04199,RIDER_121,6,7,1,3,Medium,-2.4,52
a43b4509,RIDER_146,9,19,0,2,Medium,-1.5,83
58fc3098,RIDER_016,5,7,1,0,Medium,9.3,68
366117f1,RIDER_099,8,23,1,9,Low,7.0,91
d0c234d2,RIDER_047,5,4,0,10,Medium,-4.1,100
d3985eaf,RIDER_031,2,10,1,0,High,2.1,54
411f14f4,RIDER_004,4,13,1,10,High,2.0,68
cb6841ef,RIDER_017,2,4,1,6,Medium,8.3,55
c55314a2,RIDER_039,7,19,1,5,High,8.7,100
ad9700c6,RIDER_048,7,10,1,2,High,3.2,85
971596b2,RIDER_039,3,7,1,1,Medium,-2.0,44
889c63b3,RIDER_132,7,5,1,9,Medium,0.3,60
7f1de201,RIDER_030,1,3,1,2,Medium,-5.2,34
216ed4d7,RIDER_022,1,22,0,7,Low,-4.2,94
683a75a9,RIDER_066,9,22,0,10,Medium,12.8,100
67a7f8d2,RIDER_108,6,22,0,6,Medium,0.8,100
6e5ab694,RIDER_012,5,2,1,6,Low,0.8,35
393ce821,RIDER_036,6,11,1,4,High,1.5,80
5eba6141,RIDER_018,6,10,1,9,Low,2.5,59
02f29b99,RIDER_090,1,23,1,2,Low,3.7,51
7d39aac1,RIDER_001,5,13,1,0,Medium,-1.7,55
d0b1e558,RIDER_127,9,7,1,0,Medium,8.1,89
45053363,RIDER_090,4,10,1,5,Low,-0.6,42
b9ba492a,RIDER_087,3,4,1,3,Low,-4.8,31
be4acd2d,RIDER_090,1,22,1,6,Low,-3.5,45
fb1aa288,RIDER_134,2,20,1,9,Medium,2.0,54
007e6b0b,RIDER_070,3,16,1,9,Low,5.7,50
4b7a29f3,RIDER_044,4,20,1,9,Medium,5.2,73
9cf48885,RIDER_086,7,6,1,0,Low,7.1,69
e6bdd14f,RIDER_019,6,9,1,5,Low,-3.0,62
4c6d272f,RIDER_101,8,13,0,6,Medium,7.3,100
8a2aa827,RIDER_146,9,7,1,0,Medium,4.0,85
ab22b4f9,RIDER_095,6,18,0,1,Medium,0.7,75
1b218194,RIDER_101,7,14,1,8,Low,-1.0,68
da1700ad,RIDER_030,4,22,1,8,Low,-1.7,59
0eb4f65c,RIDER_033,2,5,1,5,High,4.1,57
2e42fe12,RIDER_012,9,22,1,10,Medium,2.3,95
d09bd6be,RIDER_118,9,13,1,3,High,-5.3,91
34784691,RIDER_094,4,24,1,6,Medium,0.8,69
a18f1b6b,RIDER_137,3,8,0,4,Medium,0.3,75
1faebe07,RIDER_149,6,15,0,2,High,6.7,88
ce9dc257,RIDER_076,3,19,1,3,High,3.4,78
664a6454,RIDER_029,1,9,1,1,Medium,0.3,37
2ae392a7,RIDER_117,4,6,0,5,Low,-1.2,78
ab3e2635,RIDER_015,1,23,1,2,Medium,3.1,64
00e1fff5,RIDER_002,2,14,1,6,Medium,-0.5,46
73016aa0,RIDER_117,3,23,1,3,High,-3.8,75
452a97c1,RIDER_018,8,10,0,7,Medium,3.4,100
226c3ff3,RIDER_003,4,9,1,10,Low,1.7,47
fedee136,RIDER_135,4,17,1,0,Medium,1.3,54
601ce73a,RIDER_108,9,13,1,8,Low,2.3,76
6a7a79c5,RIDER_095,7,17,0,2,Medium,4.2,75
cdb5756e,RIDER_122,2,19,0,2,Medium,-3.2,52
1aef0cd0,RIDER_011,3,13,1,4,Low,-1.3,46
40a2a6c8,RIDER_068,4,9,0,9,High,7.9,100
9dec5810,RIDER_123,4,1,1,0,Medium,6.5,51
66f3427c,RIDER_113,8,1,1,2,High,10.1,89
acd35e06,RIDER_098,6,5,0,3,Medium,5.2,78
0f177a0a,RIDER_093,3,8,1,1,High,4.8,63
e0b89e05,RIDER_022,9,18,1,5,Medium,1.7,84
90f96e5a,RIDER_127,8,4,1,9,High,-4.0,76
c5823563,RIDER_134,9,22,0,3,Medium,4.7,100
af1176a1,RIDER_025,5,1,1,0,Low,1.7,45
0c54daca,RIDER_085,3,15,0,2,Low,-4.8,43
1820386e,RIDER_055,4,20,1,6,High,4.3,82
ce4640c2,RIDER_144,5,4,0,2,Medium,6.5,57
a44bd32c,RIDER_095,9,9,1,5,Low,-1.2,61
0e8e48cd,RIDER_142,9,22,1,10,Medium,0.5,84
a981091f,RIDER_119,3,24,0,5,Low,3.5,85
3c2a5215,RIDER_009,7,20,1,0,High,-1.6,89
c3091555,RIDER_150,6,10,1,1,Medium,1.4,68
6ce3bdc7,RIDER_042,4,24,1,9,Low,2.9,64
5e2f4e17,RIDER_053,5,15,1,10,Low,5.2,58
4f2a31e7,RIDER_074,2,3,1,10,Medium,2.0,35
c5def1df,RIDER_039,7,2,1,5,High,4.1,73
75ee5446,RIDER_122,4,22,1,1,Medium,1.2,66
b9447a12,RIDER_015,2,5,1,1,Medium,2.6,45
c34327d0,RIDER_123,6,24,0,3,Medium,3.4,100
4b1c1b59,RIDER_111,2,1,1,7,Medium,-7.9,32
75d1f3f3,RIDER_131,2,11,1,5,High,-0.7,50
077fa2b1,RIDER_083,7,12,0,7,Medium,6.5,100
15796701,RIDER_010,1,3,0,3,Low,-6.1,42
3bafe8ca,RIDER_092,7,23,1,10,Low,3.6,74
81995929,RIDER_029,5,16,1,2,Medium,7.5,75
4d767806,RIDER_035,1,14,0,6,Medium,6.5,94
9c1753d8,RIDER_006,6,12,1,6,Medium,5.3,71
b7d95e49,RIDER_140,7,20,0,1,Medium,8.9,91
951686a8,RIDER_111,1,16,1,0,Medium,6.9,53
b76cafa5,RIDER_038,9,21,1,10,Medium,0.5,86
0caecf9a,RIDER_077,7,8,1,7,Medium,4.9,71
46d7ba2b,RIDER_093,1,17,1,2,Medium,-3.5,45
ecfd0b6d,RIDER_147,3,17,0,5,High,5.9,100
995c36be,RIDER_067,5,7,0,6,Medium,1.7,90
0f7543a5,RIDER_136,4,15,0,7,Low,6.3,99
c367a46b,RIDER_008,2,9,0,5,Low,3.1,70
faf36c6b,RIDER_122,1,4,0,6,Low,6.0,76
5ce3a79c,RIDER_084,4,8,0,4,Medium,2.6,74
cf814597,RIDER_132,7,10,0,2,Medium,1.0,73
2e22badb,RIDER_085,4,15,1,1,Medium,3.2,69
8769c0e7,RIDER_045,9,23,1,6,Medium,-4.1,83
2dfd0a83,RIDER_136,8,18,1,7,Low,1.6,80
9bb967b8,RIDER_087,8,14,0,7,Medium,0.2,100
36f51327,RIDER_016,5,5,0,2,Low,-3.5,45
b9c1b15c,RIDER_077,1,9,0,1,Low,-0.8,36
916982f8,RIDER_009,9,13,1,8,Medium,-3.2,80
86e87c3e,RIDER_060,2,19,0,5,Low,-4.2,81
0bea4c4b,RIDER_078,6,11,0,9,Medium,-0.3,100
fe3844a9,RIDER_077,5,12,1,2,Medium,4.0,78
53def596,RIDER_071,8,3,0,4,Medium,-4.0,86
45072cd4,RIDER_015,3,2,1,0,Low,1.8,38
51c467d2,RIDER_071,6,23,1,1,Low,2.8,68
4287cba3,RIDER_102,6,22,0,8,Medium,1.6,100
95c295c0,RIDER_022,3,15,1,9,High,5.4,76
3cb99934,RIDER_113,7,5,1,10,High,14.4,97
49776eb2,RIDER_001,4,7,1,9,High,8.6,76
f31bbb3b,RIDER_010,5,4,1,2,Medium,-0.6,48
b689ffdd,RIDER_110,9,5,1,7,Low,-1.9,59
6235d50f,RIDER_113,6,16,1,9,Low,0.1,57
fd80d697,RIDER_050,4,15,0,7,Medium,4.1,100
2a06d1a5,RIDER_012,8,16,1,4,Low,2.2,75
48b27493,RIDER_089,9,4,1,7,Medium,2.2,76
95a399d5,RIDER_112,5,6,0,1,Medium,2.4,50
dd8bc045,RIDER_078,2,18,0,1,Low,2.3,63
f6afd8d9,RIDER_121,6,3,0,3,Medium,3.1,73
6cfb393d,RIDER_023,8,22,1,7,Medium,5.8,90
a76633c4,RIDER_134,5,24,1,1,Medium,3.4,78
76e93e68,RIDER_025,1,5,1,3,Medium,-2.4,33
c7904039,RIDER_018,8,2,1,7,Low,5.7,64
32f44c15,RIDER_141,9,23,0,2,Medium,6.4,100
96576946,RIDER_043,1,16,1,7,High,1.4,63
82161219,RIDER_078,8,6,0,1,Medium,3.2,76
7062ed24,RIDER_028,2,15,1,0,Medium,0.1,54
0ee3d24d,RIDER_146,4,18,1,5,Medium,-1.1,57
720ea9d5,RIDER_059,2,6,1,7,High,-0.6,49
a9e5ca37,RIDER_063,2,13,0,8,Low,-0.3,89
1389a107,RIDER_092,3,24,1,9,High,7.8,88
4fcb2ab1,RIDER_056,8,13,1,7,Medium,1.7,82
67040536,RIDER_111,4,1,1,1,Medium,-1.3,45
507286e1,RIDER_137,7,16,1,0,High,1.0,86
62336d33,RIDER_068,3,4,1,6,Medium,4.7,53
1207fe5d,RIDER_046,3,17,1,6,Low,7.8,64
fdd79034,RIDER_067,2,18,1,2,Medium,4.2,54
80f58f68,RIDER_136,6,16,0,5,High,1.9,100
affd3e71,RIDER_006,6,1,1,6,Medium,8.9,66
58735531,RIDER_024,1,6,1,8,High,1.1,47
df1463de,RIDER_094,7,11,1,0,Medium,0.9,72
132b0158,RIDER_013,4,6,1,2,High,-2.6,58
7ec43292,RIDER_025,3,17,1,4,Medium,-0.4,60
096fe346,RIDER_148,8,4,0,2,Medium,-2.6,63
380fed74,RIDER_118,2,14,1,7,Medium,-3.2,51
11d065de,RIDER_082,9,14,1,9,Low,1.7,76
358c7443,RIDER_111,8,20,1,5,Medium,0.0,81
77683f6f,RIDER_082,8,8,1,1,Medium,6.8,85
9267673a,RIDER_066,3,22,1,0,Low,3.2,58
1c9d02fb,RIDER_045,4,2,0,9,Medium,4.8,100
42001906,RIDER_114,2,5,1,4,Medium,3.9,36
607d92d3,RIDER_063,2,4,1,10,Medium,-2.3,32
2d950f58,RIDER_076,4,10,0,8,Medium,1.2,100
7be24d68,RIDER_114,6,20,1,9,Medium,3.7,73
581158a1,RIDER_111,5,24,1,8,Medium,-5.0,72
d30e382a,RIDER_147,1,21,1,0,Low,-5.1,48
8aed0a48,RIDER_035,1,3,0,2,Medium,2.7,34
a583a7ae,RIDER_053,6,16,0,5,Low,1.0,98
6fd7a27d,RIDER_026,3,10,1,4,Low,-11.9,46
0f57f6fa,RIDER_014,3,15,1,3,Medium,-5.2,56
9fc5c3e2,RIDER_118,7,4,1,1,Low,-1.9,47
82343c19,RIDER_045,1,1,1,3,Low,4.0,26
e7f6aa52,RIDER_051,1,22,1,4,Medium,0.0,53
67c30059,RIDER_119,3,15,0,1,Medium,6.6,64
a5b6682c,RIDER_019,8,10,1,9,Medium,-0.9,69
7f1cb256,RIDER_082,1,20,1,0,Medium,-0.2,51
8a42957f,RIDER_076,4,22,1,6,Low,11.3,79
d470114c,RIDER_092,9,18,0,6,Medium,5.4,100
e81b4c6d,RIDER_033,4,16,0,7,Medium,6.2,100
58ed65ae,RIDER_147,8,21,0,9,High,-1.0,100
c7089cd1,RIDER_028,7,9,1,5,Medium,1.0,59
06568512,RIDER_123,3,24,1,0,Medium,2.1,61
9b6fe265,RIDER_126,7,19,1,7,Medium,1.1,80
b5350ac8,RIDER_037,7,17,0,1,Medium,2.7,77
0983ddbd,RIDER_099,3,10,1,2,Medium,2.6,58
4a6048f4,RIDER_098,2,19,1,7,Medium,1.2,62
dd1edc49,RIDER_127,9,8,1,3,Low,1.0,61
56ccf6db,RIDER_080,1,19,1,4,Medium,7.5,61
83e1028e,RIDER_038,7,5,1,8,Low,-1.5,58
ff5f4ca6,RIDER_077,4,2,1,10,High,0.2,52
2c454e58,RIDER_126,2,15,1,6,High,-3.7,69
4c07d407,RIDER_087,2,17,1,9,Medium,-1.7,51
94ee0860,RIDER_054,8,10,1,6,Low,0.1,64
5835eb8d,RIDER_150,7,21,1,0,Low,2.4,75
c50041a8,RIDER_016,7,21,1,0,Medium,5.3,88
32b9910f,RIDER_028,5,22,0,7,Medium,5.4,100
992b13c1,RIDER_046,8,2,1,9,Low,7.4,61
8b7d2e95,RIDER_072,2,9,1,0,High,-2.0,55
3e442eae,RIDER_085,2,2,1,9,Medium,-1.4,34
98e43ab0,RIDER_026,5,18,0,1,Low,-2.4,60
220b434a,RIDER_085,1,12,1,3,Low,9.1,52
827ee7f3,RIDER_065,6,15,1,8,Medium,4.2,74
3574d4ad,RIDER_134,4,21,1,6,Low,5.5,68
a1a8b15d,RIDER_115,6,20,1,6,Medium,-2.6,80
7b431b0e,RIDER_064,7,6,1,9,Medium,2.0,67
2b2c6e04,RIDER_087,3,18,1,6,High,4.2,76
31c06bc8,RIDER_107,8,13,1,4,Medium,-3.7,72
a1f60f29,RIDER_096,7,4,1,0,Medium,0.0,64
aa3a0edd,RIDER_077,1,12,0,4,High,3.7,80
73326b1d,RIDER_146,6,9,1,7,Medium,-6.7,62
9d132001,RIDER_087,7,2,1,6,Medium,7.9,69
a02c3d51,RIDER_149,4,16,0,6,Low,4.7,99
55609068,RIDER_057,2,1,1,1,Medium,-2.6,36
f6a28f75,RIDER_103,9,4,1,0,Medium,1.8,68
6f9ad28e,RIDER_091,7,15,1,3,Medium,3.9,75
80717d81,RIDER_045,1,20,1,7,Low,2.5,41
f02a480c,RIDER_088,8,1,1,0,Medium,1.8,63
0c8a6dfb,RIDER_115,3,20,0,1,High,1.5,78
16706c84,RIDER_047,4,15,1,6,High,5.1,75
e385133f,RIDER_135,5,3,1,4,Low,5.3,42
b13c8ed9,RIDER_050,1,13,0,5,Medium,4.8,79
1e224c4b,RIDER_084,6,18,0,7,Low,4.8,100
5a6579fb,RIDER_091,6,13,1,8,Low,3.9,63
b5fd5e18,RIDER_134,2,10,0,7,Medium,4.4,98
75deadd9,RIDER_091,6,20,1,0,Medium,8.7,90
99be1680,RIDER_137,8,24,0,10,Low,1.5,100
e05c9700,RIDER_109,6,7,0,3,Low,-4.8,66
74b95287,RIDER_057,4,8,1,4,Medium,7.0,68
b9c29ee2,RIDER_031,4,1,1,8,Medium,3.8,47
9a7484df,RIDER_021,9,18,1,5,Medium,4.1,93
679e9819,RIDER_090,6,12,1,5,Medium,-1.5,64
613fd578,RIDER_040,8,18,1,2,Medium,-4.6,83
b7ac4dfc,RIDER_112,8,24,0,1,High,3.1,100
2fad5336,RIDER_045,7,12,1,1,Medium,1.0,67
39f6cab7,RIDER_077,3,20,1,6,Medium,1.9,64
f322c482,RIDER_087,1,9,0,4,Medium,-0.1,68
1d2eaca4,RIDER_148,5,2,1,9,Low,2.2,48
8560b92a,RIDER_101,2,14,1,0,Medium,-0.7,47
50353ba9,RIDER_117,2,4,1,4,High,8.0,64
a69ab767,RIDER_092,7,15,1,10,Medium,1.2,75
f10ef20e,RIDER_145,3,17,1,0,Medium,5.4,65
5fe1101e,RIDER_028,8,19,0,8,Medium,3.9,100
c221239b,RIDER_025,9,6,1,7,Medium,7.2,81
65e05f12,RIDER_058,8,9,0,3,High,2.7,100
0a3214b2,RIDER_041,6,17,1,10,Low,5.7,64
f9bd828f,RIDER_134,5,15,1,0,High,4.9,76
c3529cad,RIDER_075,3,5,1,10,Medium,8.2,51
72b16218,RIDER_038,3,18,1,7,Low,4.8,60
e7abecff,RIDER_134,7,23,0,4,Medium,-1.1,100
174be85f,RIDER_075,5,4,1,0,Medium,1.3,52
45adbf72,RIDER_142,6,21,1,1,Low,-2.9,72
85d6bde6,RIDER_066,6,24,1,4,Medium,0.8,78
8644df7f,RIDER_003,9,2,0,8,Low,-3.5,100
31d966d4,RIDER_117,1,19,1,9,Medium,5.0,56
71b255d7,RIDER_099,8,5,0,7,Medium,-5.2,100
44df577e,RIDER_019,5,4,1,10,Medium,-2.3,56
7540ce96,RIDER_146,6,5,1,9,High,3.3,72
5f428592,RIDER_116,6,19,1,7,Medium,5.2,81
ce4ea9cd,RIDER_125,1,13,0,8,High,-6.0,100
0fe2478e,RIDER_088,3,16,0,1,Medium,3.5,60
6d22ec1c,RIDER_035,6,12,1,6,Medium,4.6,73
7fa1b45d,RIDER_001,9,9,0,9,Medium,-4.7,100
293d55a1,RIDER_126,6,24,1,4,Medium,-5.2,74
07a9abc1,RIDER_089,6,16,1,2,Low,2.0,63
17f67ce2,RIDER_144,1,14,1,9,Medium,3.9,49
88f675ec,RIDER_147,9,22,1,7,Medium,0.1,92
5fe9a8b0,RIDER_025,4,1,1,1,Medium,2.8,50
648f41e7,RIDER_016,2,20,1,3,Low,2.0,46
0fb7ff50,RIDER_073,1,23,1,4,Low,10.0,57
b416699d,RIDER_129,3,21,1,4,Low,-7.0,52
f80073f9,RIDER_042,3,4,1,3,High,0.1,51
a02ccaae,RIDER_147,5,9,1,2,Low,0.4,49
db151169,RIDER_080,1,24,1,2,High,-4.8,72
35eee66f,RIDER_104,7,19,1,4,High,3.4,95
a00d131e,RIDER_146,1,14,0,9,Medium,-0.3,100
d3afba2a,RIDER_034,4,22,1,5,Medium,-1.6,65
ef30ab7b,RIDER_089,6,12,1,0,High,-3.0,73
77cb6701,RIDER_125,1,4,1,10,Low,2.4,25
aa6630ff,RIDER_045,7,7,1,3,Low,3.9,59
3840daac,RIDER_134,7,17,1,9,High,1.3,89
a4510032,RIDER_021,3,1,1,9,Low,5.6,37
1e16a8ab,RIDER_122,4,14,1,5,Low,3.5,52
82b4eb51,RIDER_070,6,15,1,1,Low,9.2,73
0bf54c10,RIDER_096,7,12,1,9,Medium,-2.4,66
59c629b9,RIDER_105,4,12,1,4,Medium,-3.7,50
a5696e05,RIDER_048,9,6,1,10,Low,4.4,71
4b7c2bcd,RIDER_039,9,13,0,8,Medium,0.9,100
4c307d1c,RIDER_031,9,16,0,2,Medium,-3.4,82
2ae801d0,RIDER_010,6,14,1,2,High,-2.0,79
9269b38c,RIDER_030,2,7,0,8,Low,5.0,91
242c3083,RIDER_018,2,16,1,2,Low,5.8,53
2e604ea2,RIDER_088,4,23,1,3,Medium,5.1,84
f7573fc6,RIDER_125,9,9,1,8,High,2.4,94
0a196556,RIDER_073,3,14,1,3,Medium,1.1,52
08829398,RIDER_015,6,24,0,4,Low,1.3,91
9001ecb7,RIDER_004,2,7,1,1,Low,3.0,40
6650afef,RIDER_009,1,12,0,7,Medium,2.7,93
30999975,RIDER_109,5,3,1,8,Medium,-1.9,51
be2430e5,RIDER_137,8,14,1,9,Medium,6.1,82
6867ef2c,RIDER_132,2,19,1,3,Medium,2.2,55
0fe91d25,RIDER_016,9,11,0,2,Medium,-6.9,77
33f00b5b,RIDER_143,8,5,1,3,Medium,-3.0,66
58df6878,RIDER_099,3,23,1,6,Medium,0.3,72
b4d46f15,RIDER_121,1,13,1,0,Medium,2.8,50
e3d4bd8e,RIDER_052,4,10,0,10,Low,2.0,100
d41206a7,RIDER_069,8,7,0,10,Medium,-0.8,100
371c51e4,RIDER_005,3,17,1,1,Medium,6.9,68
1a29da9c,RIDER_020,2,16,0,9,Medium,5.0,100
7231d295,RIDER_079,7,8,1,4,Low,1.9,54
b6991873,RIDER_146,4,17,1,8,Medium,-4.3,63
01967edc,RIDER_111,6,13,1,5,Low,0.8,64
38f10763,RIDER_002,5,11,1,2,Low,0.5,59
6209aac6,RIDER_093,2,20,1,2,High,-4.7,68
1ff50930,RIDER_013,2,18,0,6,Medium,4.1,96
849e6886,RIDER_004,9,5,1,2,Medium,2.8,78
4c8ff124,RIDER_109,2,6,1,9,High,-1.9,48
88c73a8d,RIDER_074,8,20,0,2,Medium,3.0,88
88b571b3,RIDER_095,8,14,0,9,Medium,5.9,100
4799b4d8,RIDER_105,1,12,1,6,Low,4.0,44
3894875b,RIDER_008,1,4,1,8,Low,-0.3,21
f1c0f409,RIDER_067,4,7,1,8,Medium,11.6,70
433a6070,RIDER_110,2,11,0,2,Medium,3.7,51
5961ae76,RIDER_009,1,20,1,7,Medium,-0.5,53
503941d9,RIDER_117,9,2,1,0,Low,8.5,69
1fd077ce,RIDER_011,3,4,0,7,Medium,-5.2,88
9d80a25c,RIDER_099,1,7,0,10,Low,-2.7,96
156fa311,RIDER_042,2,1,1,1,High,0.0,43
4009f19a,RIDER_141,8,15,1,3,Medium,5.9,87
cb4f8ab0,RIDER_120,5,20,1,6,High,-0.6,86
69f382b4,RIDER_141,7,22,0,5,Low,1.5,100
a58791f0,RIDER_012,6,24,1,8,Low,-1.7,68
ac8c2563,RIDER_037,1,8,1,7,Medium,4.8,41
7ebd0b73,RIDER_074,6,5,1,1,High,3.9,72
32b2285a,RIDER_073,7,14,1,3,Medium,-3.8,65
afe0174b,RIDER_052,4,18,1,0,High,1.8,77
5c9dd98c,RIDER_130,8,3,0,6,Low,3.0,100
ea7ea7be,RIDER_056,8,2,0,3,Medium,1.2,83
b530aca4,RIDER_060,7,22,1,7,Medium,1.7,91
fac6baf9,RIDER_023,2,16,1,1,Medium,-0.8,45
5c3fc5b8,RIDER_103,6,14,1,7,Medium,5.3,69
c5515a55,RIDER_040,6,16,1,1,Medium,-1.1,62
52a7473b,RIDER_064,7,11,1,10,Medium,5.8,66
290eec82,RIDER_085,6,17,1,7,Low,2.0,65
66f6b425,RIDER_089,2,3,1,0,Low,0.0,23
6467785f,RIDER_031,8,23,1,1,Medium,1.8,80
af13a3ef,RIDER_020,4,23,0,4,Medium,2.3,96
f1f90daa,RIDER_130,9,5,1,0,Medium,0.6,70
1e37b576,RIDER_013,8,3,0,4,Medium,0.5,90
9e4e6cc2,RIDER_122,3,15,0,4,Medium,-2.0,79
43715696,RIDER_103,3,23,0,6,Medium,7.8,100
349d7720,RIDER_106,8,5,1,1,Low,-1.2,53
86a8cf8d,RIDER_119,2,22,1,1,Medium,-2.9,54
01705571,RIDER_070,9,3,1,5,High,3.7,89
9fc08c6f,RIDER_099,4,6,0,10,High,-5.5,100
c19e0941,RIDER_082,6,23,1,9,High,2.1,87
4af063e1,RIDER_075,3,14,0,2,Low,-2.5,46
c4cb0355,RIDER_118,3,24,1,7,Low,3.8,59
ae5d20f8,RIDER_084,3,2,1,2,Medium,1.2,36
76c6395b,RIDER_069,2,18,1,9,Medium,-1.5,54
6d15c131,RIDER_059,8,6,0,3,Low,1.3,80
8aec6f2c,RIDER_126,9,24,1,6,Medium,3.8,96
82e3c819,RIDER_111,8,5,1,0,Medium,0.2,63
c7c2100c,RIDER_062,3,14,1,0,High,0.5,61
0b7016e4,RIDER_144,7,17,1,8,High,5.7,99
34b44727,RIDER_128,2,11,1,5,Low,3.7,42
f05127c4,RIDER_105,4,1,1,4,Low,0.1,30
4c85482c,RIDER_068,6,10,1,1,Medium,2.3,65
7427d828,RIDER_015,5,9,1,1,Low,0.7,48
033efad8,RIDER_035,9,20,0,6,Low,6.1,100
4dce3937,RIDER_014,4,12,0,5,High,-4.8,96
488b430f,RIDER_102,5,1,1,7,Medium,4.2,49
4d9e547e,RIDER_100,4,24,1,2,Medium,3.9,71
5eb99380,RIDER_007,8,18,1,2,High,-0.9,92
5b85c33f,RIDER_030,8,12,0,4,Low,-1.6,90
15c5086f,RIDER_049,3,2,1,9,Medium,6.6,56
e2a530c5,RIDER_144,1,1,1,3,Medium,1.2,33
d58ef2ca,RIDER_111,6,1,1,7,High,7.7,75
1336cbd0,RIDER_072,2,1,1,5,Low,-2.1,23
38887a08,RIDER_080,2,22,1,7,Medium,1.7,59
f455d2ea,RIDER_083,3,12,0,6,High,-0.3,96
c1604198,RIDER_042,8,7,1,1,Medium,0.3,63
fed6273a,RIDER_017,3,4,1,8,Medium,3.4,42
d335c1aa,RIDER_007,7,21,1,10,High,-1.0,85
c06d9048,RIDER_010,9,20,0,5,Low,1.3,100
d44d489a,RIDER_034,8,4,1,10,Low,-1.0,49
f29ae44f,RIDER_036,1,15,1,10,Low,4.4,45
93b5c0b8,RIDER_006,7,1,0,5,Medium,9.7,100
cf60f466,RIDER_146,7,6,0,1,Medium,7.2,78
74917e7f,RIDER_134,8,14,1,8,Medium,-1.9,76
59ee04d4,RIDER_029,5,14,1,0,Medium,0.1,57
d1c27254,RIDER_126,9,10,1,5,High,1.8,84
ba3e29b8,RIDER_081,9,7,0,7,Medium,-6.2,100
8fdb224c,RIDER_075,8,23,1,1,High,1.8,97
6b01cd52,RIDER_026,6,24,1,2,High,3.9,93
026289a3,RIDER_127,6,23,1,9,Medium,1.9,78
5ebb3ccb,RIDER_115,1,22,1,9,Low,1.6,48
e12027e9,RIDER_126,6,12,1,6,Low,-0.6,62
17f5f092,RIDER_028,4,24,0,10,Medium,0.6,100
3ad1d739,RIDER_131,4,19,1,0,Medium,0.1,64
52dd576d,RIDER_075,2,9,0,4,Low,-2.2,60
a9f54e3d,RIDER_078,4,3,1,10,Medium,5.7,53
f43c5578,RIDER_090,5,4,0,5,Medium,8.3,98
cc876b44,RIDER_021,5,13,0,9,Medium,-0.5,100
1702c2cc,RIDER_054,5,10,1,6,Medium,-2.1,55
620b9383,RIDER_103,4,14,1,9,Medium,-1.0,61
34381d43,RIDER_059,1,6,1,9,Medium,-1.9,32
7be8f715,RIDER_072,8,8,1,6,Medium,0.1,66
4bf0e36d,RIDER_020,3,19,1,2,Medium,3.1,68
de4dcc93,RIDER_112,2,10,1,6,Medium,6.8,52
db8ac46c,RIDER_059,9,22,1,0,Low,-4.4,81
7a2159dc,RIDER_071,7,5,0,10,Medium,5.8,100
db01d4f2,RIDER_137,9,5,1,3,Medium,2.0,70
b524fe85,RIDER_109,2,5,0,6,Low,-6.5,67
7f8d1a2d,RIDER_129,9,9,0,6,Medium,-3.0,100
00cac4c3,RIDER_056,9,23,1,3,Low,4.0,92
50a49880,RIDER_035,9,9,1,0,Low,-1.4,62
6b99fef8,RIDER_123,4,15,1,7,Medium,0.4,67
c8948411,RIDER_131,3,9,1,3,Low,1.5,38
eca9b491,RIDER_104,6,14,1,1,Low,6.7,72
97bc265b,RIDER_007,3,6,1,3,Medium,-3.1,37
31dfed5b,RIDER_027,9,22,0,7,Medium,4.6,100
a363880c,RIDER_001,3,20,1,7,Medium,7.1,70
00e6717c,RIDER_087,2,8,1,4,Low,-1.9,30
d5832e6b,RIDER_041,8,2,0,1,Low,5.1,63
a75dfd22,RIDER_123,6,5,0,6,Medium,-0.1,97
4a6a1a58,RIDER_075,8,17,1,2,Medium,-0.8,76
4e151895,RIDER_042,7,10,0,5,Medium,0.7,92
e78e938e,RIDER_117,3,14,1,8,Medium,2.9,60
de2805fe,RIDER_063,8,18,1,4,Medium,-1.0,80
b5e9d651,RIDER_127,1,1,1,8,High,5.7,47
898c6df1,RIDER_133,1,22,1,3,Low,0.3,44
02caab91,RIDER_048,8,2,1,8,Low,-6.1,50
f1a407bd,RIDER_003,9,4,1,0,Medium,1.7,74
f86d1653,RIDER_116,6,13,1,3,Medium,-3.1,64
387a8475,RIDER_099,5,16,0,10,Low,1.0,100
6698efd7,RIDER_116,2,5,1,0,Medium,3.5,52
590215a3,RIDER_014,9,23,1,8,Low,-0.6,85
fb7da0ef,RIDER_112,6,10,0,7,Medium,-4.9,100
f3b5ef10,RIDER_061,8,17,1,7,Low,-2.0,74
6326f19a,RIDER_095,9,11,1,6,High,7.2,98
b5220641,RIDER_017,9,5,1,8,Low,2.8,72
9541e41f,RIDER_124,8,15,0,10,High,5.4,100
90293f71,RIDER_024,8,4,0,10,Medium,8.7,100
1b3a02cb,RIDER_116,3,7,0,2,High,10.2,70
3be62dca,RIDER_082,3,10,1,6,High,2.8,68
036ef491,RIDER_050,2,23,0,5,Low,0.9,85
fa6335fd,RIDER_079,1,24,1,4,Low,-0.5,44
1f92fcbd,RIDER_079,4,4,1,8,Medium,2.4,45
1383fd4b,RIDER_070,2,20,1,3,Low,3.8,44
9a5c42c8,RIDER_027,2,5,0,2,High,4.8,56
13b55465,RIDER_015,5,5,1,10,Low,-2.1,45
6aeff4bc,RIDER_050,4,11,1,2,Medium,-2.0,45
301749ef,RIDER_036,1,19,0,1,Low,1.0,31
16488d87,RIDER_008,9,5,1,0,Medium,2.0,68
df453029,RIDER_079,4,21,1,2,Medium,8.5,79
7fd93726,RIDER_131,5,8,1,7,Medium,-7.4,51
f371efbe,RIDER_047,7,7,0,5,Medium,-0.4,96
b74dd742,RIDER_105,2,8,0,1,High,5.4,59
b9ebff02,RIDER_098,8,13,1,7,Low,-2.0,61
cc4b166e,RIDER_096,2,5,1,4,Medium,1.9,43
17c7fbf3,RIDER_116,5,18,1,3,Low,5.8,69
be0231aa,RIDER_013,2,24,1,0,Low,4.6,58
d7d5b30e,RIDER_001,2,9,1,0,Low,4.7,34
349fd695,RIDER_034,4,2,1,3,High,1.2,55
6103d0db,RIDER_079,4,16,1,8,Medium,2.5,60
e11527ca,RIDER_078,8,14,1,9,Medium,2.7,77
a60cc567,RIDER_121,6,17,0,9,Medium,-0.1,100
8d15db95,RIDER_093,8,6,1,5,Medium,5.3,72
381703d9,RIDER_098,7,3,1,0,Medium,-3.2,56
99c5052c,RIDER_082,4,17,0,7,Low,-0.7,100
10b6b21c,RIDER_038,2,13,1,8,Medium,5.4,52
93fd41f2,RIDER_014,9,6,1,1,Medium,-5.9,71
13900203,RIDER_136,2,8,1,5,Medium,2.6,41
fd166e20,RIDER_091,1,6,0,6,Low,6.4,72
c0ba4b41,RIDER_054,8,16,0,10,Medium,-1.1,100
4483489e,RIDER_130,9,6,1,0,Medium,3.7,79
485c5b40,RIDER_101,1,17,0,10,Medium,2.5,100
265b5b73,RIDER_089,7,21,1,4,Medium,4.6,85
71191e6d,RIDER_056,2,3,0,10,Medium,2.1,100
92fc05c7,RIDER_094,6,23,0,10,Medium,6.6,100
15d35ec2,RIDER_093,5,12,1,4,Low,3.5,56
ea8c509c,RIDER_084,1,6,0,2,High,5.5,52
8f4702a8,RIDER_085,2,21,1,1,Medium,5.2,57
3b0acd17,RIDER_022,2,7,1,0,Low,7.4,41
c35c8195,RIDER_035,6,11,0,5,Medium,-1.9,96
a9737060,RIDER_016,1,9,1,6,High,-3.0,52
ab6a2f4d,RIDER_050,4,16,1,1,Medium,6.2,63
55bf7209,RIDER_122,5,5,0,1,High,2.7,62
42119dbe,RIDER_128,2,15,0,4,Low,9.5,79
81471660,RIDER_113,2,21,0,4,Medium,-6.8,81
61475adc,RIDER_017,7,4,1,2,Low,1.7,44
72176086,RIDER_080,7,5,1,2,Low,1.9,55
0ead2ff9,RIDER_130,6,7,1,0,High,5.6,82
06bbff22,RIDER_132,1,3,1,2,Medium,9.8,42
fbf28498,RIDER_085,3,4,0,8,Low,2.0,87
7cc79a8b,RIDER_094,9,15,0,1,Medium,3.7,88
dca87d9d,RIDER_134,1,2,1,0,High,-5.1,41
165e25bd,RIDER_081,2,24,1,8,Low,3.1,54
e6d2b166,RIDER_069,8,5,1,4,Low,3.2,59
411d9669,RIDER_069,7,7,1,7,Medium,-0.3,62
d2e23fcb,RIDER_148,9,22,1,10,High,3.2,100
db659ab7,RIDER_016,4,17,0,3,Low,3.0,77
56883875,RIDER_051,4,8,0,7,Medium,8.5,100
a7fcdd01,RIDER_105,7,9,1,4,Medium,-1.0,64
91594cde,RIDER_066,1,10,0,5,Medium,-1.5,71
0b1e3a42,RIDER_009,9,11,1,5,Low,-1.4,73
4416d179,RIDER_107,2,1,1,5,High,0.3,41
f81799ed,RIDER_100,1,15,1,1,Medium,-4.4,48
11546ff2,RIDER_086,7,8,0,9,High,1.0,100
2ea39256,RIDER_064,6,19,1,9,Medium,2.1,73
431d9885,RIDER_022,3,12,1,8,Low,8.0,50
3c086d02,RIDER_110,1,6,1,6,Low,1.5,28
29362786,RIDER_097,5,10,1,2,Medium,7.1,68
1e5b141f,RIDER_018,4,24,1,1,High,5.3,95
bc8e6f64,RIDER_071,5,5,1,3,High,2.6,67
3bc4566d,RIDER_127,1,24,0,7,High,1.4,100
3131892a,RIDER_097,1,7,1,8,Low,4.1,34
7335c8e3,RIDER_001,5,7,1,9,Medium,4.6,65
4126a7aa,RIDER_132,6,23,1,1,Medium,-0.1,77
cf3b6446,RIDER_004,5,22,0,5,High,4.3,100
1ca56e43,RIDER_125,2,22,1,7,Medium,1.6,53
6dd1370f,RIDER_082,9,9,0,2,Medium,4.2,84
8f13bc45,RIDER_027,5,15,0,10,Low,8.6,100
fdeae953,RIDER_059,5,6,0,8,Medium,0.6,100
81fe1632,RIDER_032,9,16,0,3,Medium,-5.9,99
33220eb3,RIDER_028,3,7,1,4,Medium,1.8,47
340667da,RIDER_106,5,15,0,6,High,-2.3,100
55d0db8f,RIDER_105,5,23,1,10,Medium,3.1,80
2596ca21,RIDER_070,2,2,0,10,Medium,-2.0,93
b6e7bb44,RIDER_062,4,8,0,4,Medium,1.6,79
e91b9769,RIDER_034,2,12,0,3,Low,8.5,66
659e5359,RIDER_087,5,11,1,3,Low,9.3,63
c0ab9cf4,RIDER_114,2,6,1,4,Low,3.4,41
94e926de,RIDER_106,9,20,1,2,Low,-1.6,80
4560431c,RIDER_056,6,13,1,8,Low,5.5,66
2d840970,RIDER_113,8,23,1,1,Medium,0.1,82
6f805185,RIDER_013,9,16,1,6,Low,-4.0,73
53e7ff72,RIDER_018,8,8,0,3,High,9.8,100
cae445bf,RIDER_113,5,17,1,7,High,2.0,72
c4453edb,RIDER_039,5,13,1,6,Medium,4.2,68
27ca98b2,RIDER_079,6,4,1,7,High,0.7,62
dcaf357b,RIDER_146,1,20,0,3,Medium,4.1,75
dc91e13c,RIDER_030,8,10,0,10,High,-1.3,100
a0885bee,RIDER_098,2,22,1,1,Medium,1.5,57
ef0c1b5c,RIDER_058,6,20,1,6,Medium,5.7,77
ff083efd,RIDER_067,9,16,1,8,High,1.3,98
af45337d,RIDER_071,3,17,0,5,Medium,-1.4,83
aef5e32e,RIDER_146,2,8,1,6,Medium,5.7,46
718d2857,RIDER_106,5,11,1,5,Medium,0.6,59
25188aa6,RIDER_007,9,5,1,1,High,0.5,81
2a4c0dbd,RIDER_040,6,21,1,8,Medium,-2.5,73
6b60436e,RIDER_070,8,16,0,4,Medium,8.2,100
844fc1b2,RIDER_068,8,24,1,2,Medium,6.3,99
cf54e198,RIDER_049,7,8,1,3,High,1.0,80
60922f49,RIDER_052,5,21,1,3,Medium,-1.5,67
f3acb42f,RIDER_114,2,16,0,8,Medium,4.7,100
feee4333,RIDER_107,5,4,1,10,Medium,3.6,52
21b01ed6,RIDER_029,7,6,0,4,Low,0.4,81
5c61e2b7,RIDER_149,7,21,1,1,Medium,1.6,82
04e6f281,RIDER_078,2,8,0,5,Medium,4.4,77
07760444,RIDER_009,7,9,0,6,Medium,2.9,100
5b196a7b,RIDER_076,6,13,1,7,Medium,3.5,69
82ec9511,RIDER_042,7,17,1,4,Medium,3.0,76
1dc5e8f3,RIDER_128,8,9,1,7,High,4.9,83
ab8d2ad9,RIDER_020,4,13,0,7,Medium,-0.2,99
c936eea3,RIDER_072,1,9,1,3,Low,2.6,36
6de627ec,RIDER_065,8,6,1,6,Low,-0.9,54
0b093680,RIDER_113,8,10,1,8,Medium,-0.6,73
8edf00c8,RIDER_024,3,5,1,9,Medium,9.6,58
6c97896f,RIDER_128,3,7,1,3,High,-3.7,57
b31f253c,RIDER_083,5,11,0,8,Low,4.7,100
dfd7ab65,RIDER_063,3,24,0,3,Medium,12.9,100
736bb6c7,RIDER_060,5,9,1,0,Medium,9.1,71
efb3d4df,RIDER_099,8,10,1,3,Medium,4.3,76
9d2d73db,RIDER_062,1,11,1,1,High,9.6,66
16458b30,RIDER_030,2,3,0,5,Medium,3.6,62
aed6bb9a,RIDER_022,2,8,1,7,Low,0.8,31
8e0bbe74,RIDER_126,4,17,1,5,High,2.1,74
aaffe51d,RIDER_042,9,7,1,8,Low,5.6,71
193f267e,RIDER_098,2,12,0,5,High,10.3,100
1da7875e,RIDER_031,9,16,1,10,Medium,6.3,90
a71788c8,RIDER_112,7,15,1,6,Low,1.6,62
48a68cce,RIDER_146,8,21,1,4,Low,-0.6,71
6aac9841,RIDER_122,1,13,1,7,Low,-5.8,27
3d958a07,RIDER_017,5,18,1,1,Medium,1.5,62
ab3dc59e,RIDER_038,9,18,1,1,Low,-2.1,74
9a5ec56d,RIDER_142,4,24,1,10,Medium,5.7,81
64a52d01,RIDER_110,2,5,0,7,Low,1.0,75
c455e819,RIDER_022,6,14,1,5,High,5.9,87
5d917837,RIDER_056,2,11,1,1,High,12.0,76
4a983194,RIDER_119,3,3,1,5,Medium,1.5,38
38f00f79,RIDER_147,8,17,1,10,High,2.7,90
79b11ce7,RIDER_057,3,23,1,7,Medium,3.5,70
b710103b,RIDER_035,2,12,0,5,Low,0.9,70
9abf50f9,RIDER_114,6,3,1,8,Low,2.5,51
3a2235af,RIDER_125,3,23,0,5,Medium,0.6,94
99a4ca92,RIDER_129,1,2,0,2,Low,7.4,35
454b22fd,RIDER_052,3,4,0,8,High,1.1,100
4c81bd1a,RIDER_085,6,18,0,9,Medium,-3.0,100
0c8ea074,RIDER_065,3,20,1,4,Medium,-2.7,62
2a3a792c,RIDER_129,9,21,1,5,Medium,-1.4,84
e1c59e41,RIDER_021,7,14,0,3,Low,0.2,77
f63f6b4f,RIDER_016,5,8,1,2,Low,5.5,51
8ad28cb7,RIDER_123,2,2,1,9,Medium,5.2,41
88e06a7b,RIDER_061,9,19,1,4,Medium,5.6,92
6b02a4df,RIDER_054,5,10,1,2,Medium,2.1,65
298f3b09,RIDER_026,7,5,1,1,Low,6.0,57
1adcb52e,RIDER_080,9,11,0,5,Medium,1.0,100
c4045c8b,RIDER_065,4,9,1,7,High,-5.3,67
d417a772,RIDER_100,9,16,0,2,Medium,5.8,90
eb451ddd,RIDER_074,1,5,1,5,Medium,-0.7,25
c844040d,RIDER_017,6,15,1,10,Low,1.1,57
3bc0ed31,RIDER_121,2,14,1,8,Low,0.5,44
b0054675,RIDER_023,8,9,1,0,Medium,4.1,74
5f64dcdb,RIDER_135,5,20,1,2,Low,2.6,69
3035f14e,RIDER_071,3,5,0,1,Medium,1.1,43
e98fd1ff,RIDER_108,2,15,1,7,Low,8.4,49
b8cfa00e,RIDER_079,8,9,1,8,Medium,1.6,72
35e1ad57,RIDER_046,7,4,1,9,Medium,1.1,68
e7162eb7,RIDER_078,9,21,1,5,Low,5.2,85
3b0d1168,RIDER_016,8,21,1,2,High,6.7,100
2561dc1f,RIDER_071,4,4,1,9,High,5.6,76
04d6b670,RIDER_096,2,20,0,7,Medium,-0.4,97
e5307707,RIDER_147,2,21,0,9,Medium,3.5,100
9346f295,RIDER_002,2,22,1,6,Medium,2.3,57
d3f0087a,RIDER_010,6,7,1,1,Medium,1.2,55
68f95ae3,RIDER_125,7,15,1,10,Medium,-1.7,69
80d5d637,RIDER_081,6,22,0,6,High,2.9,100
672a4a0c,RIDER_140,2,17,1,0,Medium,6.4,53
568bf40b,RIDER_070,4,18,0,7,Medium,8.5,100
82bb8508,RIDER_150,3,7,1,4,Low,6.6,48
833fe0b4,RIDER_032,4,19,1,8,Low,0.2,55
f2ca1c8a,RIDER_105,5,10,1,10,Medium,-1.7,59
db6343e4,RIDER_084,7,13,0,2,High,-4.0,83
6f3e6b4f,RIDER_129,9,2,0,6,Medium,6.2,100
74a8ff13,RIDER_058,2,22,1,7,Medium,5.3,62
f90d2dac,RIDER_146,8,20,1,0,Low,-0.2,84
084c18c1,RIDER_134,3,11,0,5,Medium,-1.0,78
3c01dcce,RIDER_045,9,5,1,10,Medium,7.1,75
2d101308,RIDER_097,4,6,0,1,Medium,5.9,56
da5e6ece,RIDER_023,3,3,1,7,Medium,7.2,51
efc85c55,RIDER_023,6,1,1,5,High,4.2,70
02f5e455,RIDER_135,9,3,1,10,High,4.6,90
8fe5574e,RIDER_079,7,3,1,10,Medium,-6.2,66
de67f4b7,RIDER_044,4,22,0,2,High,0.5,81
66729c03,RIDER_027,3,4,1,3,Medium,10.1,63
7beef2b8,RIDER_026,4,7,1,6,Medium,-0.3,53
ae64c7cc,RIDER_097,3,15,1,8,Medium,2.9,50
c4aeeaf1,RIDER_036,3,11,1,10,High,8.2,76
72927e85,RIDER_109,9,18,1,9,Low,5.5,76
72f82fb3,RIDER_055,4,12,1,1,Medium,-1.9,59
a1b7d6fc,RIDER_069,9,4,1,8,Low,-2.7,62
c6e87d68,RIDER_061,5,24,0,5,Low,8.4,100
602429c5,RIDER_130,7,11,0,1,Medium,5.0,69
c08cceb1,RIDER_055,5,6,1,7,Medium,3.4,60
e431ecb1,RIDER_122,1,19,0,3,Medium,4.0,76
2dc6ccb5,RIDER_097,2,18,0,10,Medium,0.5,100
08f283cb,RIDER_080,5,15,1,7,Low,-1.6,56
4bd36cbf,RIDER_087,6,3,0,10,Medium,3.8,100
e638ff89,RIDER_038,7,17,0,6,High,-0.4,100
a888d00e,RIDER_119,2,1,1,6,Medium,-0.4,36
3a4c9638,RIDER_078,9,2,1,10,Low,0.5,58
9d9206da,RIDER_035,6,19,0,6,Medium,5.1,100
9f0700b8,RIDER_079,2,9,1,1,Low,-0.8,34
222077ac,RIDER_067,2,8,0,7,Medium,-1.2,88
b7f2899e,RIDER_087,3,12,1,1,Medium,-1.8,51
465597ca,RIDER_034,1,15,1,2,High,1.4,50
db898af9,RIDER_097,9,23,1,9,Medium,6.0,96
7ad0b8f5,RIDER_071,4,7,1,6,Medium,1.4,49
8c280212,RIDER_003,5,21,0,6,Medium,2.0,100
2b66ea5d,RIDER_058,7,16,1,6,Medium,2.8,78
a4fd138b,RIDER_032,1,7,0,3,High,0.7,64
6664a67c,RIDER_031,3,20,1,4,Low,-1.6,48
1bb72cce,RIDER_082,3,21,0,6,Medium,0.3,93
7f48f49a,RIDER_043,2,12,0,7,Low,-0.3,82
a56ae416,RIDER_135,8,17,1,2,Medium,1.6,82
ae0640a9,RIDER_105,5,11,0,5,Medium,0.2,91
9babffcc,RIDER_001,1,4,1,8,Medium,2.9,38
48fbddd3,RIDER_061,2,19,0,9,High,1.6,100
4e8278fa,RIDER_014,1,2,1,10,Medium,-0.5,33
18537c5b,RIDER_006,6,2,0,4,Medium,7.8,92
4a0076bc,RIDER_103,9,24,0,3,Medium,3.9,100
98dae991,RIDER_010,7,17,1,8,High,1.2,87
ba652a1c,RIDER_071,5,24,1,3,Medium,-0.2,81
5cb70236,RIDER_090,3,9,1,2,Low,5.7,45
cfbc9164,RIDER_149,8,22,1,6,Low,-1.5,84
ff01638b,RIDER_126,4,1,1,4,High,7.6,68
799488cb,RIDER_097,9,10,1,0,Medium,-3.7,71
2b2f63c0,RIDER_074,5,23,1,7,Low,13.1,84
ddda02cf,RIDER_115,6,15,1,10,Medium,0.3,66
9837288e,RIDER_051,5,21,1,0,High,-3.2,79
e4e3647c,RIDER_056,7,15,0,8,High,-0.7,100
16be60f3,RIDER_041,7,23,1,0,Medium,0.8,80
f6a6d4e9,RIDER_032,1,21,1,3,High,-0.3,61
ce8ab3ee,RIDER_015,2,2,1,9,Medium,3.4,39
4eab49ef,RIDER_062,7,14,1,3,Medium,3.1,79
e6f86f82,RIDER_028,8,4,0,10,Medium,14.7,100
4a9816b8,RIDER_064,4,18,1,8,High,2.3,78
826826b1,RIDER_130,6,9,1,0,Medium,-3.3,61
96ed3f52,RIDER_127,3,2,1,9,Medium,1.3,37
bb165ab3,RIDER_036,7,2,0,8,Medium,2.6,100
f3c79ee1,RIDER_114,3,18,1,3,Medium,-0.0,56
036a1af0,RIDER_013,7,17,1,6,Medium,4.6,78
8abd575c,RIDER_015,8,9,1,8,Medium,5.1,82
92ca868f,RIDER_089,3,8,0,10,Medium,-0.5,100
4c9a7234,RIDER_022,2,2,1,6,Low,0.6,30
4f002c99,RIDER_074,6,2,0,1,High,-5.6,60
2505d77f,RIDER_025,4,5,0,5,Medium,-1.5,87
44e0f075,RIDER_101,8,12,0,5,High,0.9,100
1b4ee8b5,RIDER_117,2,16,1,2,Medium,2.6,58
b730164f,RIDER_041,4,14,0,3,Medium,1.5,82
15745f01,RIDER_088,2,20,0,5,Low,-1.4,79
1cd49467,RIDER_110,2,2,1,10,Medium,6.4,47
29a61f8a,RIDER_120,2,24,1,5,High,6.0,75
991737d1,RIDER_097,1,8,1,0,Low,6.4,38
4e90dadb,RIDER_145,4,4,1,9,Low,8.2,53
10f8b872,RIDER_057,2,20,0,7,High,-1.9,100
e79a3b53,RIDER_130,9,9,1,8,High,3.7,95
dda9b179,RIDER_096,9,20,0,1,Medium,5.7,87
14d50301,RIDER_121,7,19,1,3,Medium,11.1,97
9067588f,RIDER_062,6,2,0,10,Medium,8.0,100
9875f976,RIDER_137,3,16,1,5,Medium,1.0,62
58baa99e,RIDER_068,7,11,0,1,Medium,-4.4,67
3b16bd86,RIDER_081,1,8,1,10,Medium,-2.8,29
87080308,RIDER_017,9,12,1,6,Medium,4.7,84
c9359831,RIDER_117,4,3,1,5,Medium,2.2,41
3d8317f9,RIDER_050,6,13,0,7,Low,-0.8,100
303d9f96,RIDER_112,6,2,1,6,Medium,-5.9,48
107be226,RIDER_094,3,13,0,9,Low,5.5,100
af6d458d,RIDER_085,4,8,1,0,Medium,-2.6,50
dae5e66e,RIDER_149,3,15,0,9,Low,7.7,100
54fdd2d9,RIDER_146,6,24,0,9,Low,-2.0,100
3540e6aa,RIDER_074,1,21,1,4,Medium,0.2,62
37a90bc1,RIDER_109,8,9,0,5,Low,-0.7,91
e5a72918,RIDER_145,8,11,0,6,Medium,4.5,100
19b14ef7,RIDER_018,9,22,1,3,Low,-0.7,76
5299ef70,RIDER_042,6,21,1,8,Medium,1.2,68
9308be4b,RIDER_101,1,3,1,0,Low,0.6,25
b7047d71,RIDER_045,3,7,1,2,Low,-1.5,34
90f07f76,RIDER_082,1,14,1,9,Medium,2.1,44
57c85418,RIDER_017,5,15,1,1,Medium,3.1,66
cc8379ed,RIDER_073,3,9,0,1,Low,4.8,51
38d085c3,RIDER_014,2,20,1,0,Medium,4.4,61
ce31bca1,RIDER_132,3,11,0,2,Low,4.9,46
46f45ae3,RIDER_082,9,7,1,9,Medium,-5.1,67
5f9b9452,RIDER_148,8,12,1,4,Medium,1.9,78
9a8c6b8c,RIDER_120,3,19,1,5,Low,-1.6,47
7fc3a7d2,RIDER_120,2,18,0,7,High,2.0,100
94fdbb65,RIDER_047,5,13,1,3,High,2.6,81
9a558fd0,RIDER_107,1,11,1,0,Medium,2.8,39
03f9a576,RIDER_108,4,1,1,8,Low,-4.4,27
05946397,RIDER_009,8,6,1,2,Low,11.6,73
b0bab527,RIDER_079,1,21,1,7,High,11.2,80
3a48f404,RIDER_015,5,2,0,3,Medium,-0.5,68
9329ed13,RIDER_019,4,13,0,10,Low,-2.5,100
8298b95b,RIDER_090,6,13,1,2,High,13.4,97
74fad6a0,RIDER_026,7,19,0,2,Medium,6.4,93
335d9658,RIDER_092,9,9,1,3,Medium,5.0,83
c997f610,RIDER_082,1,19,0,3,High,-2.9,80
96f1da5d,RIDER_131,4,23,1,6,High,8.4,92
054fa31a,RIDER_042,6,1,0,1,Low,-1.5,42
e75f9dec,RIDER_019,7,23,0,7,Medium,1.3,100
2c5d1ca0,RIDER_017,7,8,0,10,Medium,7.5,100
d0528304,RIDER_076,8,23,1,1,Low,0.4,78
498c56e0,RIDER_063,8,14,1,0,Low,2.9,67
3a637f05,RIDER_131,8,24,0,7,Medium,6.7,100
d72b9ca1,RIDER_107,8,16,0,3,High,-2.8,100
a10633b4,RIDER_049,8,4,1,5,High,6.6,86
1cd7b589,RIDER_055,6,18,1,0,Medium,8.4,73
42a0af56,RIDER_099,9,14,1,2,High,1.7,92
79dcdfd4,RIDER_052,3,9,1,6,Low,6.9,52
dbb93b95,RIDER_100,6,15,0,6,Medium,-1.1,100
3c9bd547,RIDER_117,5,3,0,10,Medium,-4.1,100
57e6f243,RIDER_118,8,4,1,7,Medium,-5.9,65
7a6c7f9b,RIDER_007,4,23,0,1,High,4.1,76
78315bb1,RIDER_046,4,18,1,6,Medium,3.8,63
a6ace20b,RIDER_046,5,14,1,3,Medium,-0.3,58
1850a6dd,RIDER_100,6,15,1,5,Medium,6.7,81
3efca98a,RIDER_144,4,8,0,3,Medium,-0.6,68
96b6d2fe,RIDER_054,2,10,0,8,Low,-3.0,89
128d3707,RIDER_062,2,24,1,0,High,-1.8,75
d00fa5af,RIDER_129,3,12,1,0,Low,7.6,54
69483090,RIDER_049,2,21,1,4,Low,5.4,62
f074d47c,RIDER_025,1,9,1,4,Medium,1.3,36
3db873c6,RIDER_010,8,8,1,10,Medium,0.9,70
99a0f1cb,RIDER_118,5,17,1,7,High,-0.3,69
7efaf2e3,RIDER_144,1,9,0,6,High,-7.7,91
9c1d806d,RIDER_092,9,13,0,10,Medium,-4.4,100
d2cf137b,RIDER_134,8,14,1,2,Medium,1.4,76
71d7719e,RIDER_144,4,5,1,7,Medium,4.4,51
6be9c22e,RIDER_148,8,9,1,3,High,0.7,87
baf5d29e,RIDER_080,7,16,1,2,Low,-4.2,63
82e11e5c,RIDER_071,7,19,1,1,Medium,8.5,93
58eca88b,RIDER_078,1,24,1,8,Medium,-3.5,54
cf09dd6c,RIDER_043,6,23,0,6,Low,2.1,100
23283c4b,RIDER_090,4,7,1,4,Medium,2.6,48
def37cae,RIDER_078,2,12,1,8,Medium,11.4,61
45db8c96,RIDER_026,7,2,0,2,High,-1.8,69
10f843c3,RIDER_121,9,18,1,5,High,2.2,100
8e2ba7ab,RIDER_045,5,18,1,7,Medium,2.7,75
c68d3342,RIDER_063,8,16,1,8,High,-2.5,88
74fda17e,RIDER_068,5,11,1,3,Low,3.2,60
b056252f,RIDER_002,7,2,1,0,Medium,0.3,56
58f4fe33,RIDER_142,7,14,1,7,Medium,0.8,75
a921dd6e,RIDER_108,9,4,0,9,Medium,-0.9,100
be92e213,RIDER_030,3,7,0,2,High,6.7,63
02296798,RIDER_049,1,2,0,5,Low,1.5,54
b0b6c225,RIDER_140,2,21,1,3,High,-1.2,61
ffa96f3f,RIDER_044,6,14,1,5,Low,-6.7,56
13bb78f7,RIDER_013,9,7,1,2,Medium,9.5,81
2f52071e,RIDER_078,3,9,1,6,Low,2.3,44
318c7d40,RIDER_126,2,8,1,1,High,7.2,67
39487c82,RIDER_098,1,9,1,4,Low,7.0,39
8b6b0c6b,RIDER_026,2,7,1,2,Medium,3.5,40
0fa58819,RIDER_149,3,19,1,4,High,5.7,83
fc0aa2e8,RIDER_048,7,17,1,2,Medium,7.1,84
aa1e0d6d,RIDER_066,2,23,1,8,Medium,-2.2,64
dafff999,RIDER_087,5,13,1,7,Medium,5.6,70
2a30d0d7,RIDER_079,2,11,1,1,Medium,3.1,57
46979a07,RIDER_023,7,22,1,7,High,-1.6,92
2b4e8632,RIDER_081,8,18,1,7,High,5.4,92
289ebe17,RIDER_048,8,17,1,9,Medium,-1.8,79
35839c94,RIDER_124,8,16,1,2,Medium,4.2,80
d8a3541d,RIDER_130,9,10,1,9,High,3.1,88
3a02cde8,RIDER_084,1,4,0,4,High,-0.6,75
0b0bdc17,RIDER_020,1,4,1,1,Low,9.5,39
09f47624,RIDER_046,2,22,1,9,Medium,5.5,63
6b02126a,RIDER_131,6,11,1,5,High,-1.2,75
e5412e11,RIDER_012,1,21,1,1,Medium,7.0,63
0f953f05,RIDER_040,5,8,1,3,High,0.6,60
be83a87b,RIDER_066,5,9,0,2,Medium,0.4,60
fc14768f,RIDER_100,4,16,1,0,Medium,5.8,71
0ba8f67d,RIDER_078,5,10,1,7,Low,4.6,54
cba285a5,RIDER_016,1,23,1,7,Low,1.0,49
a9e749b7,RIDER_083,6,9,1,0,Medium,8.3,68
c6d166e4,RIDER_044,7,3,1,5,Medium,-1.1,65
f7298c22,RIDER_134,8,2,1,0,Medium,7.7,76
9f5a067f,RIDER_100,2,9,1,8,Medium,-1.0,40
1c1bebb5,RIDER_022,7,13,1,0,Medium,3.5,70
b407a6a4,RIDER_018,6,6,1,2,High,0.6,68
833a8eeb,RIDER_012,9,4,1,8,High,5.2,85
711df411,RIDER_123,8,14,1,0,Medium,-6.1,77
e5c90760,RIDER_117,4,11,0,1,High,-2.2,64
66a03348,RIDER_051,9,2,0,3,High,4.3,96
eeceaa46,RIDER_071,1,3,1,6,Medium,5.5,37
8a17da42,RIDER_048,6,5,1,7,Low,-0.5,45
fb441930,RIDER_019,8,7,1,0,Low,6.3,72
ce2bd28c,RIDER_006,4,11,1,0,High,-0.8,74
e107194f,RIDER_084,2,12,1,4,Low,4.1,44
9d4541b4,RIDER_053,2,11,0,7,Low,1.4,85
b3549535,RIDER_107,1,19,1,0,Low,-4.0,39
94169147,RIDER_101,5,13,1,2,Medium,9.0,77
d866f58d,RIDER_048,6,4,1,5,Medium,-0.2,53
fa24aaa5,RIDER_135,4,14,1,0,Medium,-0.9,57
8c9cd4dc,RIDER_069,4,12,0,2,Low,0.5,51
8a9b5ae5,RIDER_011,5,2,1,0,Low,0.3,42
0912a113,RIDER_143,5,8,0,3,Medium,2.8,77
68a81b80,RIDER_131,9,22,1,8,Medium,0.1,93
f770da2d,RIDER_122,8,19,1,4,Medium,-0.1,88
c0493aff,RIDER_069,9,13,0,2,Low,3.9,78
f22a2ce5,RIDER_023,3,21,1,9,Low,2.0,58
41eca398,RIDER_037,3,21,0,6,High,3.9,100
3a42cc9c,RIDER_009,1,1,1,5,High,0.9,37
5e7088b6,RIDER_015,6,5,1,10,Low,3.2,54
a1dfaf65,RIDER_131,4,22,1,8,Medium,-4.1,66
86ce55b4,RIDER_093,8,11,0,3,Medium,6.4,100
6c018741,RIDER_017,2,11,1,3,Low,0.4,38
58308539,RIDER_149,2,13,1,8,High,1.1,59
c990ab18,RIDER_072,7,2,0,1,Low,4.2,53
c58e4eed,RIDER_149,5,19,1,9,Low,3.0,71
f0135098,RIDER_121,1,16,0,1,Medium,4.5,65
d5f111ac,RIDER_011,7,5,1,8,High,7.5,85
ed486a93,RIDER_072,7,14,1,6,Medium,1.0,70
bf785dd4,RIDER_106,6,19,1,4,Medium,1.8,70
80bc234f,RIDER_125,4,5,1,4,Medium,12.8,64
6931da3d,RIDER_035,8,21,1,8,Medium,0.1,84
0e82ed0f,RIDER_119,2,24,1,9,High,-0.7,70
87d87689,RIDER_014,2,9,1,4,Low,5.2,37
11b9418c,RIDER_014,2,24,0,8,Low,5.8,100
105c3afe,RIDER_010,3,12,1,7,High,5.4,69
76f2fe04,RIDER_140,6,16,1,5,High,-0.6,80
ed97ef0d,RIDER_038,1,19,1,4,Medium,1.4,53
3525e39f,RIDER_108,2,15,0,4,Medium,2.0,77
6a281490,RIDER_119,2,17,1,4,High,0.8,80
fd1e903b,RIDER_034,1,15,1,0,High,2.7,63
2cf4eb6b,RIDER_010,3,3,1,10,High,0.8,47
fcef5e26,RIDER_122,7,17,1,4,Medium,8.1,90
4cab1659,RIDER_145,1,13,1,2,High,-2.0,57
2a28649e,RIDER_145,7,9,0,5,Low,9.0,100
b55b15e7,RIDER_115,5,13,0,8,Medium,-3.0,100
3388bc6d,RIDER_001,9,16,0,2,Low,9.9,91
ef44be97,RIDER_012,2,19,1,0,Low,5.7,51
026b99ec,RIDER_103,1,14,1,7,Medium,-0.8,40
0d238929,RIDER_004,9,8,0,8,Low,2.0,100
97c5b61a,RIDER_141,8,22,1,9,Low,4.8,88
d47575c2,RIDER_098,6,19,0,3,Low,4.9,88
55716ca8,RIDER_106,5,24,1,9,High,1.5,84
efb60ce7,RIDER_085,8,3,0,4,Low,-2.1,91
53a860d3,RIDER_121,8,23,0,2,Low,6.2,87
4d0c6a2c,RIDER_132,5,21,0,7,Medium,3.1,100
5ddaa655,RIDER_082,7,18,1,2,High,7.6,88
e08434b2,RIDER_019,1,16,1,3,Medium,1.6,45
dd898470,RIDER_130,4,14,0,9,High,2.8,100
9c2fba3d,RIDER_012,2,16,0,6,Medium,7.7,100
b06271bd,RIDER_081,3,24,1,1,Medium,3.0,69
e40e2b1b,RIDER_074,1,17,1,0,High,-3.2,61
0583d600,RIDER_098,2,20,0,3,Medium,-3.8,70
01b14de6,RIDER_006,1,11,1,7,Low,-4.9,38
2d7e0adf,RIDER_136,8,13,1,0,Medium,-1.5,79
619ad764,RIDER_125,4,11,0,9,High,0.3,100
1c110c6f,RIDER_051,3,4,0,2,High,5.6,69
e9af5d17,RIDER_011,1,14,1,3,Low,6.1,40
0fbe333a,RIDER_127,2,5,1,3,Low,-6.4,26
1609fe31,RIDER_140,3,4,1,2,High,4.5,56
8d6ef5e2,RIDER_073,3,1,0,2,Low,0.5,27
5943f821,RIDER_002,6,14,1,6,Medium,3.4,68
b46a5e3a,RIDER_008,8,7,1,7,Low,9.7,72
c13c78a4,RIDER_139,6,10,1,9,Low,-1.3,56
e3aa2379,RIDER_124,2,2,1,3,High,4.0,51
1e41f890,RIDER_053,2,10,0,10,Medium,6.3,100
bfe3b6d8,RIDER_010,7,3,0,10,Medium,2.3,100
f0af9fa1,RIDER_112,1,21,0,7,Low,-0.5,95
a5d81506,RIDER_008,1,8,1,7,High,-0.5,45
7bd0cdf7,RIDER_036,7,10,0,5,Medium,0.1,97
81c56a54,RIDER_106,9,8,1,0,Medium,2.9,75
afab393a,RIDER_014,5,14,1,6,Medium,-0.7,57
39efee3d,RIDER_086,1,18,1,6,Medium,4.4,63
328fa00f,RIDER_149,5,9,1,4,Medium,3.7,66
1f6cc31d,RIDER_050,1,22,1,5,Medium,-4.9,53
838b9b8d,RIDER_020,9,9,1,8,High,6.5,97
824de9ec,RIDER_087,4,4,1,2,Medium,10.8,62
ea778517,RIDER_135,9,3,1,3,Low,0.1,55
5935f95a,RIDER_137,2,14,1,8,Low,5.7,52
0896b18d,RIDER_129,7,14,0,9,Medium,7.4,100
d765e893,RIDER_038,2,21,1,1,High,4.9,74
e5c5299e,RIDER_044,4,16,1,8,Low,4.2,53
8c6d1885,RIDER_086,6,5,1,4,Low,-4.8,50
46b7b3a0,RIDER_044,2,20,0,2,Medium,0.9,57
7eac6805,RIDER_074,2,23,1,7,Low,1.4,50
679f533f,RIDER_119,2,24,0,8,High,7.3,100
3974680a,RIDER_122,3,15,1,0,Medium,-3.1,55
303ffd05,RIDER_134,5,21,1,4,Low,9.8,70
e7e99b23,RIDER_145,9,9,1,8,Medium,8.5,92
e8f669ae,RIDER_051,6,7,0,10,Medium,-2.0,100
ce3f2506,RIDER_038,9,13,1,1,High,-3.0,89
8bbab5fc,RIDER_051,5,23,1,0,High,6.3,94
9dcbfdec,RIDER_010,6,8,1,7,Low,0.8,48
6d6c09e9,RIDER_120,8,12,1,5,Low,1.0,66
4c22e073,RIDER_149,3,4,0,1,Medium,5.9,56
5dbfbce2,RIDER_070,2,16,0,2,Medium,-2.7,56
7b176cba,RIDER_085,3,6,1,4,Low,5.9,47
72103de7,RIDER_057,9,5,1,0,High,-2.9,85
3a609d85,RIDER_126,6,1,1,1,Medium,-3.2,55
d2940480,RIDER_039,4,14,1,10,Medium,5.7,70
29eb39c1,RIDER_033,3,9,1,0,Low,4.8,47
a3f172a9,RIDER_018,2,18,1,10,Low,-6.7,44
5cd1beab,RIDER_057,4,6,1,6,Medium,5.5,53
fa2d334b,RIDER_096,9,15,0,6,Medium,9.7,100
fd8557b9,RIDER_048,4,16,1,9,High,2.4,67
225aa59a,RIDER_042,5,8,1,4,Medium,7.1,68
16b1cd00,RIDER_027,8,19,1,9,Medium,1.1,85
0904f356,RIDER_074,2,5,0,5,Medium,6.3,80
19dfb7aa,RIDER_110,3,14,0,2,Low,-8.6,43
fe0eb28f,RIDER_032,6,7,1,10,Medium,-0.5,60
7ed8643a,RIDER_026,7,4,1,1,High,13.4,91
03b84472,RIDER_025,4,21,1,9,Medium,8.0,77
dfc96d00,RIDER_075,1,1,1,8,Low,0.8,25
6ceb1950,RIDER_023,7,4,1,1,Medium,1.9,61
ede1ea73,RIDER_057,9,14,1,0,Medium,-2.5,82
32968098,RIDER_126,1,23,1,8,Medium,2.1,61
c2868300,RIDER_087,1,16,1,7,High,-4.9,54
406b4b39,RIDER_031,1,7,0,7,Low,4.2,81
1e1b7ae9,RIDER_064,7,10,0,6,Medium,-0.2,95
a13940bc,RIDER_033,9,10,1,8,High,4.8,97
0dfdba07,RIDER_002,3,4,0,10,Medium,-0.3,100
bfad3475,RIDER_018,8,12,1,2,High,-0.5,88
47607ea7,RIDER_084,9,6,1,7,Low,5.7,75
cbef09c1,RIDER_035,3,13,1,0,Low,0.3,49
005da0c7,RIDER_114,3,21,1,0,Low,0.5,54
6d6d25a7,RIDER_146,1,1,0,10,High,8.1,100
44546c47,RIDER_110,2,8,1,5,High,8.0,69
ad11003f,RIDER_088,7,23,0,7,Low,5.4,100
7afcce18,RIDER_072,3,16,1,7,Medium,2.1,53
421b54a9,RIDER_125,7,5,1,9,Low,12.0,72
591c8df1,RIDER_030,5,7,1,0,Medium,7.6,68
8b292058,RIDER_053,8,3,1,10,Medium,-0.6,67
7c5af545,RIDER_138,5,24,1,0,Low,5.0,73
d7c55e35,RIDER_087,3,21,1,8,Medium,-1.9,62
f974744b,RIDER_139,9,2,1,8,Medium,3.8,71
31c4f747,RIDER_013,7,2,0,6,Medium,1.3,95
bff27f73,RIDER_040,5,20,1,0,Medium,-0.1,72
533e3a30,RIDER_089,7,23,1,9,Medium,3.9,90
42261417,RIDER_068,9,10,1,1,Low,-1.4,67
d02e4f2d,RIDER_042,5,20,0,7,Medium,1.0,100
4ad67cb8,RIDER_147,7,9,1,7,Medium,3.9,70
0a635d70,RIDER_094,9,18,1,10,Medium,2.4,96
b565a6ae,RIDER_019,1,6,1,4,Low,1.3,31
d2f9da53,RIDER_023,4,20,1,1,Low,0.8,52
0ecb102e,RIDER_054,1,6,0,2,High,1.0,48
a2ce58da,RIDER_065,8,10,1,4,Low,8.4,74
2e49f951,RIDER_140,3,9,0,2,Medium,6.2,56
fa1bfdcc,RIDER_024,2,9,1,9,Medium,-4.7,40
c9236c54,RIDER_034,4,3,1,0,High,-2.0,60
e2776d5e,RIDER_053,3,12,1,5,High,-2.9,62
18bf21a2,RIDER_136,5,11,1,4,High,0.2,71
3016b74a,RIDER_018,8,14,1,2,Medium,7.0,87
3f61d74f,RIDER_057,8,19,1,8,Medium,-1.2,82
7b55c4a2,RIDER_112,7,10,1,9,Medium,3.9,66
5655f0bd,RIDER_005,8,19,1,7,Low,6.4,79
8bd95f47,RIDER_013,5,5,1,6,Low,-6.7,40
19f98a6a,RIDER_083,6,22,1,10,Medium,-0.2,77
e1de0185,RIDER_029,8,9,1,1,High,-4.4,79
ffa5c4bc,RIDER_003,1,1,1,9,Low,-0.5,17
807c7902,RIDER_090,6,15,0,4,Medium,3.9,98
866b58d3,RIDER_104,6,24,1,4,Medium,-4.9,80
b1ff8b50,RIDER_123,5,4,0,5,Medium,2.0,84
67019474,RIDER_076,4,7,1,5,Low,-5.1,41
45c20670,RIDER_130,1,6,0,2,Medium,-3.1,33
8eca2887,RIDER_108,8,15,1,10,High,6.8,100
36c1d62f,RIDER_082,6,6,0,3,High,4.8,96
023f42a9,RIDER_077,3,7,1,0,Low,-3.1,35
a51a22cf,RIDER_002,3,20,0,10,High,2.0,100
23d7aff1,RIDER_127,6,22,1,0,High,1.1,89
670db396,RIDER_135,7,3,1,4,Medium,3.1,69
ca1dc597,RIDER_026,8,21,1,3,Low,5.5,78
2ccb6ba9,RIDER_088,5,13,0,6,High,12.1,100
d70cfc2a,RIDER_016,6,2,1,6,Low,0.6,54
bb785bad,RIDER_073,1,3,1,3,Medium,10.0,40
bae0b55c,RIDER_032,6,13,0,9,Medium,-1.5,100
c048aa1e,RIDER_015,9,9,1,1,Low,1.5,67
b821f200,RIDER_141,4,22,0,9,Medium,0.1,100
7ec084f3,RIDER_005,1,19,1,3,Medium,0.3,53
12159348,RIDER_074,9,18,1,7,Medium,3.0,80
82e424fe,RIDER_052,4,5,1,1,Medium,5.1,58
13f07371,RIDER_077,2,10,1,4,Medium,3.4,46
398b7509,RIDER_110,1,14,0,6,High,5.1,98
a4c677de,RIDER_143,3,21,1,9,Low,4.8,66
0e64176b,RIDER_106,7,17,1,5,Medium,3.3,79
d85dbc4e,RIDER_127,2,3,1,8,Medium,1.5,41
b020eb54,RIDER_007,9,7,0,1,Medium,-0.4,78
446d1681,RIDER_040,2,9,1,3,Medium,0.1,39
d8f15763,RIDER_099,5,5,1,6,Medium,7.4,52
a90ae051,RIDER_143,8,4,1,7,Medium,-0.0,66
5f38dfea,RIDER_085,8,3,1,4,Medium,4.4,68
da1b4f53,RIDER_065,3,13,1,4,Medium,8.1,66
732406c5,RIDER_132,2,9,1,3,Medium,4.1,55
a95644b6,RIDER_011,9,23,0,8,Low,3.0,100
59628443,RIDER_108,3,7,0,9,Medium,9.0,100
72fea58a,RIDER_026,8,8,0,3,Low,2.7,85
8075d961,RIDER_085,2,10,1,2,Medium,0.5,45
08a65581,RIDER_123,3,1,1,8,Medium,8.6,48
f8af5648,RIDER_144,1,20,1,6,Medium,0.5,57
b21f6d94,RIDER_068,6,21,0,8,Medium,2.3,100
239b7d4b,RIDER_104,7,21,1,3,Medium,0.0,73
b52591d4,RIDER_080,4,1,0,2,Low,-6.4,36
4872e031,RIDER_053,1,19,1,9,Low,-4.4,40
b152dcc3,RIDER_106,3,2,0,7,Medium,-2.3,87
abee05b2,RIDER_044,9,12,0,3,High,2.2,100
c04106c5,RIDER_140,5,23,1,9,Medium,2.7,71
9971b07a,RIDER_090,6,13,0,2,Medium,3.4,69
c11d9d62,RIDER_101,4,14,0,3,Medium,-0.7,72
83f19d62,RIDER_097,1,5,0,1,Medium,-1.0,36
0f5cdee4,RIDER_009,5,3,0,10,Low,14.6,100
5dd2a8ca,RIDER_012,5,24,1,3,Medium,-0.7,80
63dfbc7b,RIDER_069,5,17,0,6,Low,3.8,99
1232a540,RIDER_028,6,1,0,2,Medium,6.4,57
1d54f577,RIDER_056,2,14,1,0,Medium,3.9,58
93d21de8,RIDER_099,1,6,1,9,Low,1.0,28
95587eda,RIDER_110,2,17,1,7,Medium,-2.5,55
c260bf78,RIDER_077,6,4,1,5,Medium,-2.6,49
e8496c3a,RIDER_103,5,6,0,2,Medium,0.3,52
2cf4f9bb,RIDER_106,5,1,1,7,Low,1.4,46
45585929,RIDER_109,6,9,1,5,Medium,1.8,63
a006e13d,RIDER_112,7,4,1,0,Medium,-0.9,53
dde7ed22,RIDER_058,9,9,1,8,Medium,0.1,81
40812ede,RIDER_078,7,9,1,10,Low,7.5,63
721f48f6,RIDER_075,2,22,1,8,Medium,-2.1,55
1eef3b2c,RIDER_042,6,13,1,8,Medium,-0.7,60
8530a569,RIDER_068,9,23,0,5,High,-3.2,100
892cd26b,RIDER_033,7,17,1,5,Medium,13.4,100
607b65c8,RIDER_071,2,21,1,3,Medium,-5.8,56
a52131ac,RIDER_056,3,3,1,7,Medium,0.6,48
0cc5866a,RIDER_105,8,6,1,8,High,9.3,100
06b362cd,RIDER_101,9,20,1,6,Low,7.5,91
da781288,RIDER_051,4,15,1,6,Medium,3.4,63
6c0662aa,RIDER_074,9,14,1,1,Medium,4.0,84
6bcb0e16,RIDER_121,2,13,1,1,Low,-2.3,40
295ca318,RIDER_143,5,9,1,9,Low,-4.1,56
5a90968a,RIDER_143,2,23,0,10,Low,-0.6,100
2b380441,RIDER_005,1,15,1,1,Medium,-0.1,44
ad68de5b,RIDER_083,5,14,0,3,High,4.1,99
f3df7e5b,RIDER_051,2,4,0,8,Medium,1.6,93
478ef388,RIDER_010,7,11,0,4,Low,8.7,96
ea2e9740,RIDER_140,8,22,1,1,Medium,3.0,88
27dd47ef,RIDER_004,2,2,0,3,Low,-4.5,43
e59b9ea7,RIDER_095,7,16,1,6,Low,-3.7,61
7265e5ed,RIDER_146,4,19,1,4,High,0.5,78
3eb9fca8,RIDER_080,1,16,1,10,Medium,-0.8,42
c286579b,RIDER_036,3,7,0,7,Medium,1.9,92
9b7d36c3,RIDER_025,1,11,1,0,Low,5.1,39
ab7ae07b,RIDER_098,5,12,0,4,Medium,4.4,96
b67221d7,RIDER_101,8,4,1,3,Medium,-2.4,62
7181ffe3,RIDER_009,1,16,0,2,High,6.8,71
c881b239,RIDER_061,9,16,0,6,Low,0.6,100
280471c8,RIDER_053,3,7,0,9,High,2.2,100
701a49b1,RIDER_146,5,13,1,10,Low,-1.6,55
24731b4f,RIDER_063,9,5,1,0,High,3.6,92
aef3a447,RIDER_121,5,1,0,5,Low,3.4,77
bbba7edf,RIDER_105,9,5,1,7,Medium,7.9,82
e218e6ef,RIDER_004,8,22,1,1,Low,-0.5,75
1cabf44c,RIDER_093,7,14,0,5,Medium,2.4,100
54cb640d,RIDER_028,1,11,1,10,Low,3.5,33
f553b496,RIDER_080,4,2,1,0,Medium,3.2,44
90ced313,RIDER_076,9,24,1,5,Medium,7.2,100
32f56942,RIDER_116,8,18,1,5,Medium,-1.1,79
cadb223b,RIDER_069,4,15,1,4,Low,3.9,46
70174063,RIDER_098,1,14,1,6,High,4.3,58
90225126,RIDER_001,4,13,1,4,Low,0.5,43
33bd58e4,RIDER_096,3,2,0,7,High,3.0,100
b6806a6b,RIDER_017,6,19,1,1,High,2.8,84
a322009f,RIDER_112,5,8,0,5,Medium,3.8,89
46781353,RIDER_091,5,22,0,4,Low,0.7,90
a97988af,RIDER_088,2,17,1,9,Low,-1.2,45
b896071a,RIDER_090,3,15,1,1,Medium,2.7,60
0159efc0,RIDER_049,6,20,1,10,Low,4.8,70
fb5c1fc0,RIDER_038,2,21,1,6,Medium,-1.9,56
edfd5f3b,RIDER_150,4,14,1,3,High,5.5,83
c2894cba,RIDER_132,2,3,1,5,High,2.7,51
81323de6,RIDER_059,9,17,0,4,Medium,1.5,100
d374396e,RIDER_068,3,3,1,3,High,1.8,58
d3130ea9,RIDER_130,6,13,1,1,Low,-2.6,60
ae3f4f1f,RIDER_049,1,18,0,6,High,2.8,97
a2a35328,RIDER_126,3,1,0,4,Medium,1.2,66
7b60e58d,RIDER_111,8,7,0,2,Medium,3.1,72
6040dbce,RIDER_048,5,23,0,5,Low,1.4,100
b174817a,RIDER_051,8,5,1,7,Low,-0.1,52
cf34ef1f,RIDER_043,2,2,0,10,Medium,-2.5,95
f2afdca8,RIDER_098,7,17,0,9,High,-4.9,100
402c2458,RIDER_124,9,21,1,9,Medium,0.5,92
19e50067,RIDER_080,7,10,1,1,Medium,-8.0,71
82b844d6,RIDER_111,3,4,1,10,Low,-3.7,32
7dd6b4c3,RIDER_143,7,9,1,9,Medium,5.4,75
b06173ad,RIDER_027,8,21,1,3,Low,-1.6,73
7dc79d8c,RIDER_113,1,11,1,2,High,4.6,59
07e3d4a9,RIDER_086,3,12,1,6,Medium,4.2,59
63ee2672,RIDER_114,5,12,1,9,Medium,-1.1,67
e2930a45,RIDER_124,6,18,1,7,Medium,5.8,84
391deced,RIDER_049,3,4,0,7,Medium,7.4,100
e4a243c7,RIDER_076,4,9,1,3,Medium,-3.9,50
2a5b74b3,RIDER_055,5,8,1,9,Medium,5.6,56
a3dea720,RIDER_056,3,19,1,1,Medium,-0.6,68
8de291d7,RIDER_095,4,24,1,5,Medium,-4.2,63
2ac60a7a,RIDER_044,5,13,1,2,Low,3.0,55
8caf3a3e,RIDER_087,2,2,1,7,Low,4.2,31
18e917e1,RIDER_084,9,19,0,2,High,1.8,100
fc453241,RIDER_016,8,14,1,1,Low,9.2,86
2ed08c4c,RIDER_149,6,5,1,8,Medium,5.0,61
710819a9,RIDER_145,3,10,1,8,Medium,1.7,51
77878a4c,RIDER_037,2,24,1,8,Medium,2.7,61
f45489fa,RIDER_077,7,17,0,2,Low,14.1,84
1b0712c1,RIDER_147,8,20,1,1,Medium,3.9,91
0994e9c9,RIDER_045,1,16,0,3,Medium,7.6,71
6e23b438,RIDER_146,6,17,1,1,Medium,5.8,79
9079114f,RIDER_062,7,1,0,7,Medium,-2.6,98
bf631313,RIDER_100,9,21,0,9,Medium,-2.2,100
c5b9fc48,RIDER_052,3,22,1,0,High,1.9,76
949376d6,RIDER_019,2,15,0,1,Medium,1.6,56
9936dd56,RIDER_109,5,17,1,5,Low,3.2,63
89cdfc93,RIDER_044,1,11,0,8,Medium,7.0,98
3bb32bbf,RIDER_007,6,22,1,9,Low,5.3,76
b43557e2,RIDER_117,9,5,0,4,Medium,-3.9,88
8b6fb424,RIDER_068,9,4,1,4,Medium,-0.6,76
fd99a325,RIDER_034,7,21,0,2,Low,8.6,85
d36ef963,RIDER_069,7,24,0,7,Low,4.5,100
7a40a660,RIDER_055,8,9,1,5,Medium,-4.3,75
1ce2bfc9,RIDER_010,2,16,0,9,Medium,1.3,100
09503ce6,RIDER_042,6,12,0,1,Medium,-5.6,64
ed73b498,RIDER_041,5,18,1,4,Medium,6.3,73
374ae949,RIDER_122,5,22,1,3,Medium,4.1,69
b4af4866,RIDER_138,3,3,1,10,Low,1.2,30
0c203a71,RIDER_010,3,15,1,9,Low,1.7,49
d233859e,RIDER_102,6,18,1,8,Medium,4.2,78
19b87b62,RIDER_128,7,12,1,3,Medium,7.0,80
4e430180,RIDER_149,1,13,1,7,Medium,3.7,43
1e1437ce,RIDER_136,3,1,1,0,Medium,4.9,42
eb0be16f,RIDER_092,1,4,1,4,Medium,3.6,41
793afd3c,RIDER_113,3,8,0,8,Medium,7.5,100
f01dacae,RIDER_078,5,19,1,2,High,9.3,88
2f6e2d23,RIDER_085,9,21,0,10,Low,-0.6,100
90e1a99d,RIDER_030,3,21,1,5,Medium,1.2,69
39ac9ce2,RIDER_049,9,5,1,10,High,2.2,80
d938dcb3,RIDER_009,1,11,1,9,Medium,-0.8,40
0a16ebe7,RIDER_145,6,24,0,5,Medium,0.6,100
0954db62,RIDER_069,9,24,0,10,Medium,1.7,100
115a4600,RIDER_058,5,17,0,5,High,2.1,100
b3568e17,RIDER_062,2,17,1,3,Medium,0.3,54
3ba1fab6,RIDER_052,5,2,0,6,Low,-0.1,79
dd71ea93,RIDER_040,1,24,1,2,Medium,2.2,67
0f2a2b9c,RIDER_063,9,1,0,5,Low,-1.2,85
5b63a833,RIDER_147,9,4,1,9,Medium,3.5,69
6af60cf3,RIDER_050,6,9,1,4,High,-2.9,77
d86e7747,RIDER_141,9,2,1,2,Medium,1.9,72
606008bd,RIDER_078,3,3,0,1,Medium,8.7,44
542f88c2,RIDER_097,4,6,1,0,High,1.0,58
e1805943,RIDER_043,6,13,1,7,Medium,5.6,66
db220a1a,RIDER_036,4,15,1,0,Low,-2.5,55
acead0d9,RIDER_122,1,11,0,4,Low,0.3,62
da32cf39,RIDER_108,7,10,1,4,Medium,4.6,73
c590e982,RIDER_010,5,3,1,0,Low,-8.1,45
24be8468,RIDER_095,8,20,0,8,Medium,4.5,100
b1872805,RIDER_006,9,9,0,4,Medium,1.7,100
ab02bde4,RIDER_057,5,10,0,8,Medium,0.6,100
351251d0,RIDER_129,8,21,0,10,Medium,7.8,100
0a45c343,RIDER_071,1,23,1,5,Medium,-3.8,53
529725fa,RIDER_021,1,24,1,6,High,3.6,73
3de3e573,RIDER_092,7,23,1,6,Medium,5.3,92
62b02cca,RIDER_127,6,12,1,1,Medium,-0.9,65
e6061f80,RIDER_080,5,8,1,4,Low,-6.2,46
90272633,RIDER_056,5,21,0,1,Medium,3.2,76
7170f16e,RIDER_116,9,21,1,3,Medium,5.3,92
1f6ef459,RIDER_148,1,21,0,2,Medium,7.9,62
798e8bda,RIDER_025,8,17,1,10,Medium,-4.5,82
c5f267eb,RIDER_005,2,22,1,5,Medium,0.9,57
e3d84e65,RIDER_120,7,5,1,10,Medium,10.8,75
f991e8f6,RIDER_021,6,24,1,4,High,3.0,97
50fd18a8,RIDER_018,2,8,1,0,Low,3.2,35
455b1e58,RIDER_057,3,18,1,1,Medium,4.3,62
9b630320,RIDER_093,4,11,1,6,Low,2.1,42
26f2bb01,RIDER_019,7,22,0,8,Medium,0.9,100
eddb5dd2,RIDER_128,8,10,1,0,Medium,1.2,77
d6068314,RIDER_097,2,15,1,3,High,7.8,77
a7fbf5c3,RIDER_131,8,6,1,10,Low,5.0,66
5d36f077,RIDER_021,9,19,1,2,Medium,3.5,86
82727c10,RIDER_040,7,17,1,10,Medium,-5.6,72
f5cb0edc,RIDER_067,1,23,0,4,Medium,-0.1,77
5ff24c5d,RIDER_127,6,10,1,4,Medium,10.5,74
4a1f3302,RIDER_055,8,5,1,9,Medium,-1.2,63
b5eccb06,RIDER_109,5,16,1,9,Medium,2.3,66
c3a13718,RIDER_098,2,12,1,10,Low,1.6,45
bf9dc941,RIDER_112,5,21,0,1,Medium,-3.8,70
44614e00,RIDER_115,8,24,1,4,Medium,-1.8,93
fabc6f34,RIDER_117,2,5,0,3,High,-4.4,66
b043e59a,RIDER_087,1,21,1,0,Medium,-4.8,54
31fe7658,RIDER_081,4,1,1,0,High,3.9,59
e74c7a3a,RIDER_066,4,2,1,0,Low,-1.1,37
aab4b84c,RIDER_019,9,5,1,7,Low,9.5,79
275dcff0,RIDER_135,3,23,1,2,Medium,5.3,76
02d3f23d,RIDER_118,4,19,1,8,Low,1.8,57
e9ee8a9e,RIDER_042,3,15,1,9,High,5.2,74
e8370a40,RIDER_042,2,1,1,1,Medium,-6.8,36
c9b5c42c,RIDER_059,4,11,0,8,Low,1.6,100
dbbc1e44,RIDER_020,8,18,1,10,Medium,6.3,90
07e789ff,RIDER_073,1,3,1,8,Medium,-3.3,30
5d0a63b9,RIDER_017,8,9,0,3,Low,4.8,88
88a02137,RIDER_027,8,24,1,3,Medium,3.0,84
8478b36f,RIDER_002,3,4,0,3,Medium,-4.3,62
a1c3742a,RIDER_063,6,24,1,0,Medium,8.3,88
41ceda97,RIDER_062,4,13,1,4,Low,6.6,54
9b88f358,RIDER_100,1,9,1,5,Medium,4.5,47
edbb8539,RIDER_019,1,3,0,3,Medium,-3.4,50
c6511e3d,RIDER_017,5,16,0,7,Medium,-1.4,100
4431195b,RIDER_069,8,22,0,2,High,1.5,99
309897db,RIDER_117,1,8,1,10,High,7.7,55
a9b4d3b0,RIDER_081,2,7,0,8,Low,1.1,86
2013f2bc,RIDER_039,7,23,1,6,Low,2.7,70
83db96b3,RIDER_036,8,17,1,7,Medium,-0.9,82
3fa9a368,RIDER_132,3,16,0,6,Low,9.0,100
f335093c,RIDER_029,8,21,1,8,Medium,-2.1,83
09e74345,RIDER_051,1,22,1,1,Low,2.7,50
7f04be7e,RIDER_014,9,18,1,3,Medium,7.2,100
3e1b55d8,RIDER_069,2,16,0,1,Low,-0.2,43
308d2c03,RIDER_146,2,15,1,7,Low,0.9,36
2af9fcf5,RIDER_057,4,2,1,1,High,-1.6,61
2109cbda,RIDER_012,3,20,0,7,Low,-3.6,95
d3197e35,RIDER_017,4,4,1,5,Low,-3.0,36
a41e99ad,RIDER_030,6,5,1,6,Medium,8.3,74
0757343b,RIDER_088,7,7,1,10,Low,-4.4,64
8dc750f0,RIDER_099,5,15,0,5,Medium,-1.0,93
796f0d82,RIDER_023,2,17,1,8,Medium,-3.4,56
b31f9aa4,RIDER_129,3,10,1,3,Medium,-1.2,49
1e80da8b,RIDER_079,3,20,1,0,Medium,0.8,68
9f868d93,RIDER_032,5,9,1,8,Medium,2.6,59
2bf33e94,RIDER_009,5,16,1,9,Low,7.7,69
2168a898,RIDER_015,4,24,1,7,Low,5.7,68
4acf12a7,RIDER_027,8,3,1,0,Low,4.8,69
bc0c312d,RIDER_109,6,22,0,9,Low,5.0,100
59b09fc9,RIDER_076,6,9,0,5,Medium,-4.9,91
df31160e,RIDER_148,1,8,0,9,Low,2.2,93
2b1bd2d6,RIDER_065,6,23,0,3,Low,7.2,96
62ac373c,RIDER_109,3,7,1,10,Medium,9.6,60
e7dfe775,RIDER_129,6,17,1,1,Medium,6.9,79
c45e0af4,RIDER_010,6,5,0,2,Medium,-0.0,53
9a480c67,RIDER_047,2,7,1,8,Low,4.9,39
01558ce7,RIDER_123,1,13,0,4,Medium,-1.4,64
73210b5c,RIDER_059,3,18,1,6,Low,7.6,56
2ae70ed8,RIDER_096,5,22,1,1,High,-1.7,81
ab4a3b3b,RIDER_103,4,14,1,7,Low,-2.1,58
63e3f3a7,RIDER_124,7,18,1,2,Medium,6.6,83
84972177,RIDER_086,4,3,1,0,High,2.1,66
b5a32541,RIDER_146,8,17,1,7,Low,5.0,81
8591789a,RIDER_112,7,19,1,10,High,5.4,96
51e7c8c9,RIDER_027,9,7,1,10,Low,-2.7,61
9d80dcc1,RIDER_018,1,21,1,8,Low,2.3,48
13e8bb0a,RIDER_082,5,4,0,7,Low,-1.1,95
7b53fda5,RIDER_072,4,15,1,0,High,-5.9,65
4298ce41,RIDER_054,6,24,1,6,Low,1.6,71
609ed158,RIDER_071,1,8,1,6,Low,-0.7,32
e3ca51b9,RIDER_146,6,16,0,3,High,4.4,100
2268b58e,RIDER_038,1,1,1,7,Medium,6.5,38
21e2252b,RIDER_137,1,16,0,4,Medium,-0.9,63
ff15b12d,RIDER_035,8,2,1,3,Medium,-2.5,62
a99cbf2b,RIDER_082,2,2,1,4,Low,1.7,30
c8b22bd9,RIDER_133,6,8,1,10,High,3.2,75
b70c8878,RIDER_142,6,12,1,1,Medium,4.1,69
54f86086,RIDER_004,6,11,1,3,Low,10.1,75
bb507c33,RIDER_150,8,6,0,9,Medium,6.7,100
09baca9f,RIDER_023,4,19,1,7,High,1.9,80
f32a07a9,RIDER_048,3,18,0,6,Low,11.4,100
665e81b4,RIDER_148,6,5,0,7,Medium,5.5,100
404f2006,RIDER_125,4,15,0,6,Medium,5.9,100
a7613d3a,RIDER_055,2,8,1,6,High,10.0,75
20b9c741,RIDER_068,6,6,0,10,Low,3.8,100
1757c942,RIDER_088,5,12,1,6,High,2.8,83
a30b80a0,RIDER_001,9,19,1,1,Low,3.3,82
0ecb82d5,RIDER_135,6,12,0,2,Low,1.9,63
13d4f730,RIDER_095,3,12,1,0,Medium,-0.0,54
a2fbf643,RIDER_140,5,9,0,1,Low,-2.8,44
0c2e9b2d,RIDER_106,8,24,1,9,Medium,6.5,99
e6dca7ea,RIDER_133,9,10,1,5,Medium,6.7,87
6e3c2c60,RIDER_108,8,22,1,1,Medium,-0.0,87
b74e6271,RIDER_042,3,17,1,0,Medium,2.2,68
50c90c30,RIDER_102,9,18,1,7,High,-0.5,99
fceb3446,RIDER_124,3,16,1,8,High,4.2,73
efe17fd2,RIDER_140,8,4,0,6,Medium,4.3,100
6a16956c,RIDER_103,9,18,0,2,Medium,0.6,86
b43b45e3,RIDER_146,7,3,1,0,Medium,1.0,57
cb83c67c,RIDER_074,4,16,0,3,Medium,1.1,77
cbb8b18e,RIDER_108,9,14,1,9,Low,-0.3,71
18fa3e93,RIDER_122,3,24,0,10,Low,3.5,100
e842563e,RIDER_017,3,9,1,2,Medium,-6.6,39
6b49a775,RIDER_071,2,6,1,10,Low,2.3,35
3213a23f,RIDER_062,3,4,0,2,Low,9.0,56
bbe5962d,RIDER_041,1,2,1,1,Medium,4.7,40
e46a8526,RIDER_119,4,23,0,10,Low,-1.8,100
15328df3,RIDER_045,8,10,1,9,Low,-1.7,66
f85f3965,RIDER_058,5,11,1,2,Medium,-0.1,69
5d84354d,RIDER_126,2,7,1,10,Medium,-0.6,38
a6e012e0,RIDER_044,3,5,1,4,Medium,4.7,44
c8f5e059,RIDER_015,1,4,0,3,Medium,-1.1,54
55018749,RIDER_078,2,6,1,0,Medium,4.7,54
3446f1f7,RIDER_070,1,2,1,0,Low,1.4,25
512e9248,RIDER_101,2,2,1,0,Low,3.3,31
be975324,RIDER_003,3,16,1,9,Medium,4.6,60
a6870773,RIDER_086,1,23,0,8,Medium,3.9,100
3e72414e,RIDER_074,9,23,1,8,Low,8.7,93
8e40587f,RIDER_051,5,13,0,8,Medium,7.5,100
c131e024,RIDER_067,8,21,0,9,Low,-1.1,100
b16a93da,RIDER_076,5,7,0,3,Low,10.7,71
88eb4b29,RIDER_093,8,5,1,3,High,2.7,90
63687004,RIDER_145,7,17,0,9,Medium,3.6,100
be990a77,RIDER_007,4,13,1,6,Medium,5.8,64
5768bc08,RIDER_013,7,15,0,2,Low,-1.8,66
2bee2008,RIDER_120,6,3,0,9,Low,9.0,100
2cd7d62d,RIDER_066,3,23,1,2,High,3.4,89
3a34c432,RIDER_004,9,4,1,3,High,7.7,86
f0dc121f,RIDER_138,9,15,0,10,Medium,1.9,100
d0efb397,RIDER_088,5,18,0,5,Medium,-1.3,100
b318f70a,RIDER_017,8,3,1,0,Medium,4.8,70
7c552ba7,RIDER_052,7,7,1,10,Medium,-1.5,63
e11f3a59,RIDER_134,9,8,1,2,High,0.6,84
f0e0a427,RIDER_069,7,11,0,4,Low,-7.9,82
1d46a9c5,RIDER_137,4,22,1,10,High,8.0,90
130261dd,RIDER_021,4,9,1,3,Medium,0.4,57
0c10b9e5,RIDER_024,8,20,1,7,Medium,1.3,90
bcb32904,RIDER_004,6,12,1,8,Low,2.7,64
f85c3bc5,RIDER_003,9,5,1,7,Medium,4.7,74
9d51e090,RIDER_068,7,1,1,10,High,-2.6,63
f55cdb71,RIDER_101,7,14,1,10,Medium,-3.3,78
8aa252b3,RIDER_054,4,3,0,8,Low,6.9,92
54e5924d,RIDER_035,3,15,0,7,Medium,0.4,99
42ac73f6,RIDER_056,8,10,1,9,Medium,3.8,77
c4dcf9a5,RIDER_108,7,10,1,0,Medium,0.5,80
ffe60bf8,RIDER_040,4,24,1,6,High,5.1,89
ba318517,RIDER_068,4,3,0,8,Medium,0.4,99
ec55139f,RIDER_046,1,6,1,0,Medium,3.2,41
7ba73da5,RIDER_078,7,5,0,9,Medium,4.5,100
5f151b40,RIDER_141,1,24,1,0,Medium,3.1,64
a030fa85,RIDER_006,4,19,1,9,Low,3.8,64
8aaae133,RIDER_017,3,14,1,1,High,1.9,69
ba6cbc07,RIDER_099,3,17,1,4,Medium,-3.5,59
d7b75610,RIDER_081,1,12,0,7,Low,-4.2,78
eecff945,RIDER_002,4,9,1,7,High,-2.8,52
c34afff2,RIDER_077,1,3,0,9,High,-0.8,98
d1c1837f,RIDER_066,8,18,0,3,Low,5.8,100
943267c1,RIDER_052,1,4,0,6,Medium,-6.1,68
c0705fde,RIDER_092,6,14,1,6,High,3.9,84
d030ce82,RIDER_022,7,24,1,8,Medium,-0.6,82
5f705ac1,RIDER_111,2,6,0,8,High,3.9,100
0b916a7d,RIDER_107,4,15,1,2,Medium,8.3,74
06e539c6,RIDER_067,3,17,1,10,Low,2.8,53
3b4f3bc0,RIDER_140,9,24,0,7,Low,5.6,100
99f038bd,RIDER_069,7,5,0,4,Medium,-0.7,77
f37c272d,RIDER_084,2,6,1,4,High,-0.4,44
09644d70,RIDER_103,6,21,0,7,Medium,6.6,100
338e819b,RIDER_039,9,5,1,5,Low,10.4,73
d342e866,RIDER_013,3,19,1,9,Medium,5.3,69
9c2a97a4,RIDER_041,6,14,1,9,Medium,-5.2,64
c8699165,RIDER_057,3,4,1,0,Medium,-2.3,39
f2c8552f,RIDER_012,3,5,1,3,Medium,0.5,36
3a4c5143,RIDER_013,4,11,1,8,Low,3.7,51
7e401e73,RIDER_120,9,2,1,4,Low,-0.4,49
5986239a,RIDER_097,8,22,0,3,Medium,4.4,100
469bf183,RIDER_057,1,2,0,10,Low,-2.3,84
7d580e19,RIDER_040,1,20,1,9,Low,6.0,54
9b5ec1e3,RIDER_118,7,12,1,0,Medium,2.7,73
471907e4,RIDER_080,3,16,1,8,High,4.8,74
71b5a588,RIDER_128,7,17,1,7,Low,-5.4,69
fa7b9c6f,RIDER_035,9,4,0,2,Low,3.2,62
ace7ed8a,RIDER_003,3,14,1,8,Medium,-1.0,54
2f80c56d,RIDER_120,3,7,1,0,Low,2.1,35
40caacd4,RIDER_005,2,15,1,3,Medium,0.2,49
adf8200d,RIDER_011,1,16,1,4,Medium,-1.1,43
e0ab3186,RIDER_126,9,8,1,3,High,1.8,88
242fa585,RIDER_071,6,2,1,3,Low,4.6,52
93fa0426,RIDER_117,6,19,0,8,Medium,7.5,100
9cc76ce9,RIDER_138,8,1,0,4,Medium,-0.0,83
66bbcecd,RIDER_106,5,23,1,0,Low,6.3,76
a1b51d8e,RIDER_116,9,4,1,6,Low,7.0,71
bc3859d9,RIDER_067,5,24,1,5,Medium,-1.9,72
678d0f12,RIDER_031,2,21,1,8,Medium,3.1,60
e82dc555,RIDER_075,6,22,0,3,Medium,5.3,100
e94ca4fd,RIDER_071,9,11,0,9,Low,1.1,100
c50aa1c4,RIDER_066,3,10,1,5,Medium,1.7,49
2819b894,RIDER_070,4,18,1,9,Medium,4.1,74
25b2a123,RIDER_041,8,1,1,6,Medium,2.0,55
6720cf59,RIDER_020,6,17,0,3,Medium,1.6,89
8689c095,RIDER_140,7,16,1,8,Medium,-0.6,70
4d11d1a4,RIDER_039,7,12,1,0,Medium,-0.3,64
21081c99,RIDER_145,4,16,1,0,Medium,-0.6,58
319eb0d1,RIDER_045,6,9,1,2,Low,0.5,59
e383a80f,RIDER_139,9,17,1,8,Low,1.7,74
20310eb3,RIDER_070,3,3,0,4,Medium,-0.4,67
6d6a1469,RIDER_125,8,18,1,0,Medium,-1.6,81
177d345c,RIDER_091,7,15,1,4,Medium,-1.5,77
9bb6cba6,RIDER_070,4,15,1,5,Medium,1.9,64
fbc58b8c,RIDER_130,3,16,0,3,High,-4.1,90
7b013050,RIDER_084,7,20,0,6,Medium,5.4,100
cff8ab34,RIDER_089,9,1,1,10,High,7.0,84
ddbc89a0,RIDER_079,3,1,0,2,Low,7.1,39
b0d36c13,RIDER_113,9,4,0,4,Low,0.7,84
3e6b041e,RIDER_093,8,13,1,5,Medium,-0.1,66
3f8f966c,RIDER_072,3,4,1,6,High,-0.3,46
1059b1b0,RIDER_049,8,23,0,9,High,-1.9,100
d4eff845,RIDER_052,4,8,0,1,Low,4.8,45
faeee9cd,RIDER_033,6,13,1,4,Medium,-5.7,62
80ab825c,RIDER_022,2,24,1,6,Medium,-0.1,65
4e1e2e91,RIDER_114,8,8,1,6,Low,-0.3,61
2ef48860,RIDER_133,9,14,0,2,Low,0.2,77
c4d22afe,RIDER_018,7,1,1,7,Medium,-0.3,57
cc935729,RIDER_118,8,9,1,0,Medium,2.6,74
c771f67c,RIDER_117,7,24,0,3,Low,4.5,100
8c67792c,RIDER_037,4,1,1,2,Medium,3.3,46
e92b624e,RIDER_064,1,7,0,3,Medium,-1.9,56
16a28148,RIDER_138,3,20,1,10,High,-5.1,70
2aebdc38,RIDER_079,7,13,1,8,Medium,8.9,83
42083ed5,RIDER_123,7,15,1,10,Low,5.8,71
7e0c1773,RIDER_044,3,9,0,7,Medium,9.5,100
f1c37db0,RIDER_082,1,16,0,10,Medium,3.8,100
5dcd23c8,RIDER_087,9,17,1,3,Medium,7.6,94
ea5c3e1a,RIDER_016,6,9,0,7,Medium,-5.2,100
db5db54d,RIDER_054,7,6,1,0,Medium,-3.3,56
1d4fcabd,RIDER_102,1,20,1,7,Low,-0.5,45
33acf706,RIDER_098,1,12,1,9,Medium,2.5,49
84610de1,RIDER_002,4,16,1,1,High,-0.7,77
9806e486,RIDER_094,7,21,1,5,Low,6.1,75
8195265b,RIDER_141,8,15,1,5,Low,5.7,75
5c82fb48,RIDER_059,9,7,1,2,Low,5.9,75
48a0d58b,RIDER_069,1,10,1,4,High,4.7,56
7420f477,RIDER_119,4,4,1,1,Low,3.2,39
c92dcd94,RIDER_092,4,24,1,10,Medium,8.6,82
1b092d31,RIDER_045,3,3,1,7,Low,9.1,44
53a6bf9e,RIDER_148,7,18,1,7,Low,1.0,71
c848859b,RIDER_024,1,1,1,4,High,-1.5,37
f11583f0,RIDER_091,9,13,0,6,Medium,6.8,100
01a0a8d8,RIDER_094,8,22,1,7,Medium,9.5,99
38c92d45,RIDER_058,2,18,1,10,Low,12.0,62
c67d8bf4,RIDER_128,2,8,1,3,Low,4.5,36
21f4bcf0,RIDER_007,8,11,1,1,Low,1.3,60
d5e863c6,RIDER_047,1,10,0,4,Medium,-2.5,67
a307d90e,RIDER_053,7,4,1,6,Medium,1.7,59
27d19aa9,RIDER_038,9,4,1,3,Medium,-1.6,68
bb505c79,RIDER_053,3,4,1,3,Medium,-2.3,36
989a0bf0,RIDER_143,7,12,1,3,Medium,5.9,81
e57e492d,RIDER_048,6,8,1,8,High,0.1,71
e3ff2385,RIDER_095,7,13,1,8,Medium,1.9,71
f1e0fb13,RIDER_147,7,8,1,10,Medium,8.4,83
cdbaf3c9,RIDER_137,1,21,0,9,Medium,-6.4,100
4a90d145,RIDER_064,3,3,1,7,Medium,-1.8,41
6d6ef0f0,RIDER_093,1,12,1,10,High,5.2,62
c63e73d2,RIDER_125,5,18,1,7,High,0.0,76
6c5ac479,RIDER_039,3,15,0,6,Medium,-0.1,93
2bce0c95,RIDER_004,1,14,1,0,Medium,3.3,49
e4a240d0,RIDER_126,2,9,1,7,High,1.4,58
53a9f715,RIDER_003,5,5,1,10,Medium,-5.9,51
317cb37f,RIDER_064,3,15,1,10,Medium,-0.5,55
f7a5cb36,RIDER_029,6,8,1,3,High,-4.0,72
0d3dbac8,RIDER_116,9,23,1,0,Medium,5.5,90
836f6e8a,RIDER_011,6,3,1,0,Low,-3.5,43
20ed4be2,RIDER_097,2,12,0,2,Low,-3.6,38
5b4d2137,RIDER_102,2,5,1,2,Medium,-3.0,28
fde8efeb,RIDER_021,8,9,0,9,Medium,5.4,100
f689e3c9,RIDER_039,8,20,1,0,High,-0.6,100
d3d1d0f0,RIDER_102,6,3,1,7,Low,7.3,59
57ea6857,RIDER_046,7,23,0,3,Medium,5.5,100
0edb69b6,RIDER_066,1,8,1,3,Medium,6.5,55
8ecb876e,RIDER_091,9,21,0,5,High,0.6,100
c4d51bf8,RIDER_111,5,13,1,8,Medium,-2.9,58
1dc3bdae,RIDER_082,9,8,0,8,Medium,0.7,100
b04b84b0,RIDER_123,2,5,1,7,Medium,-9.6,38
9f43b924,RIDER_099,8,7,1,0,Low,4.2,68
aff6a574,RIDER_035,7,5,1,9,High,3.1,81
e08e09d1,RIDER_103,4,9,1,9,Low,-0.7,47
f51e8f28,RIDER_129,3,5,0,1,Medium,-0.1,37
5ba244f9,RIDER_025,4,8,0,2,Medium,6.5,57
10c824ff,RIDER_043,4,12,1,10,Low,4.0,52
6fe5f866,RIDER_084,8,4,1,4,Medium,7.9,77
7cab042e,RIDER_051,4,9,1,4,Medium,-1.5,51
4d5bfe3f,RIDER_130,5,22,1,9,Low,-3.1,59
e7813d15,RIDER_126,2,22,1,7,Medium,3.5,61
da0a8c40,RIDER_069,4,14,0,1,Medium,5.2,68
96605782,RIDER_009,7,19,1,1,Medium,3.2,73
22912adf,RIDER_002,3,13,1,7,Low,0.3,44
f5ce8eb0,RIDER_010,1,3,1,0,Medium,13.8,55
848f4505,RIDER_114,8,4,1,8,Medium,10.2,83
37c2ba82,RIDER_076,8,1,1,1,High,-1.0,64
753c9ee6,RIDER_085,6,22,0,4,Medium,-0.4,99
705cdd13,RIDER_049,7,1,0,2,Low,-1.0,54
8b75fa08,RIDER_070,2,11,0,4,Medium,7.6,76
a1f6f53b,RIDER_131,5,16,0,7,Medium,5.6,100
2eea530b,RIDER_133,7,4,1,7,Medium,5.0,70
5e32036c,RIDER_090,9,7,1,5,High,1.4,88
c8a185de,RIDER_026,1,12,0,8,High,5.5,100
d8ce59eb,RIDER_072,3,6,1,6,Medium,3.5,48
10a806f9,RIDER_005,6,24,1,1,Medium,1.3,81
0b6325ac,RIDER_015,7,20,1,0,Low,3.5,71
3bcfe214,RIDER_123,6,9,0,7,Medium,8.4,100
b0066a63,RIDER_144,1,8,1,0,Medium,5.2,49
2829ea68,RIDER_001,4,14,0,7,Low,-1.9,88
556497ac,RIDER_144,6,15,0,8,Low,-1.4,100
1a62fd62,RIDER_003,8,21,1,0,High,5.0,100
b17b1870,RIDER_047,4,22,0,6,Medium,-0.7,100
1cd27880,RIDER_095,7,5,1,4,Medium,3.5,63
66de8a7c,RIDER_013,3,15,0,7,Low,-0.4,100
aaed1666,RIDER_120,8,6,0,3,Medium,5.3,100
2f254107,RIDER_055,1,1,0,1,Low,-2.2,16
f91be074,RIDER_149,4,20,0,6,Low,3.2,96
015e1a61,RIDER_066,8,9,1,6,Low,0.2,67
c6b01434,RIDER_090,4,4,1,7,Medium,1.8,47
e2bc3902,RIDER_062,2,2,1,8,Medium,2.5,33
c8c4f218,RIDER_102,2,6,0,5,Low,6.5,68
3d0f2bc0,RIDER_139,4,2,0,2,Low,1.7,42
3d0cac3b,RIDER_008,4,3,1,4,Medium,5.9,54
5dfb8b77,RIDER_097,2,7,1,2,Medium,-1.6,36
20e58994,RIDER_117,7,20,0,9,Medium,-4.6,100
d61464b2,RIDER_064,6,17,1,8,Medium,3.9,76
0656eda9,RIDER_021,3,9,1,4,Medium,0.8,51
f8d48cc8,RIDER_115,8,22,1,6,Medium,-2.2,81
78cc263c,RIDER_085,8,9,0,9,Medium,-2.1,100
1d86d292,RIDER_020,1,19,0,6,Medium,-1.6,87
5498dccc,RIDER_008,3,5,1,6,High,3.2,60
fd5bc99b,RIDER_058,5,6,1,9,High,0.6,60
7447f65f,RIDER_046,2,18,1,3,Low,-3.7,48
bd38962c,RIDER_031,5,1,0,3,High,-0.3,76
764c0ba4,RIDER_093,3,17,0,2,High,-1.0,73
c3c2474a,RIDER_009,9,14,1,3,High,-2.3,87
6016bcca,RIDER_015,1,15,1,8,Medium,5.9,53
b27a3242,RIDER_094,4,5,0,4,High,1.6,85
2bd0c51e,RIDER_138,6,17,1,5,Medium,11.1,96
1f940d01,RIDER_029,9,21,1,3,Low,5.0,88
efe417b9,RIDER_080,3,21,1,0,Medium,5.3,65
b0b199b6,RIDER_036,3,23,0,6,Medium,2.6,99
18310c8c,RIDER_084,5,23,0,6,Low,7.6,100
aa77594d,RIDER_109,7,11,1,5,High,7.0,87
301c2457,RIDER_118,5,10,1,3,High,2.9,69
613888e4,RIDER_037,8,17,1,9,High,-9.0,94
8d14b88a,RIDER_086,5,1,1,7,High,-6.1,58
4fc4b365,RIDER_071,7,5,1,7,Medium,-0.9,61
1cc6323d,RIDER_093,6,16,1,0,Medium,2.9,73
89bc1d44,RIDER_080,2,7,0,8,High,-3.7,100
38e12672,RIDER_102,3,12,1,7,Low,3.7,53
723b8286,RIDER_014,4,8,1,1,High,2.4,58
f4ac64fc,RIDER_117,5,18,1,8,Medium,1.5,62
76b7ed52,RIDER_073,9,1,1,3,High,2.2,77
7540c4d2,RIDER_091,6,20,1,9,Medium,-7.6,75
4fb19cd3,RIDER_090,1,12,0,5,Low,8.4,81
24f6dc8a,RIDER_029,3,4,1,1,High,0.5,48
19857070,RIDER_049,7,12,0,9,Medium,2.7,100
b256128d,RIDER_072,8,22,1,3,Low,2.4,89
e201c15a,RIDER_133,7,1,1,1,Low,-0.4,49
9e46d9f6,RIDER_042,5,1,1,8,Medium,2.4,48
8a618602,RIDER_135,8,3,1,8,Low,-2.0,58
44cc0dd4,RIDER_042,9,21,0,4,High,1.6,100
096632b8,RIDER_105,7,12,0,2,Low,2.3,63
23a3912a,RIDER_027,9,22,1,2,Medium,0.8,89
ee6d18c3,RIDER_058,1,21,1,0,Medium,2.2,55
0a434778,RIDER_046,9,13,1,7,Medium,4.6,89
b0a7569e,RIDER_066,3,13,0,2,Low,6.6,58
4eda6c02,RIDER_025,6,21,1,3,Medium,10.1,89
e59aae3f,RIDER_073,8,9,0,1,Medium,4.6,80
5ec1e031,RIDER_117,3,18,1,7,Medium,0.8,57
6835235f,RIDER_129,4,1,1,2,High,-2.5,62
0db2a204,RIDER_087,7,6,1,10,Medium,-0.0,57
7ad86ef4,RIDER_074,7,23,1,1,Medium,-3.4,84
57979098,RIDER_125,4,24,1,0,Medium,0.8,70
967d8d61,RIDER_067,9,5,1,9,Medium,3.2,73
f70f52f0,RIDER_006,3,4,1,1,Low,3.5,37
dbf34940,RIDER_125,8,6,1,1,Low,2.8,59
c906d665,RIDER_058,8,3,1,3,Medium,2.8,63
fb3d0547,RIDER_070,4,17,1,10,Low,3.2,54
ca5d844a,RIDER_053,7,11,1,0,High,6.9,89
79b73f17,RIDER_066,4,4,1,0,Medium,-1.7,46
f3d95989,RIDER_058,1,20,1,5,High,-0.8,61
d08295d5,RIDER_082,1,1,1,4,High,8.2,44
dd430118,RIDER_087,1,4,1,0,High,-0.7,44
9e925fda,RIDER_002,2,23,0,5,Medium,7.4,100
dbbaf445,RIDER_150,6,3,1,7,Medium,7.2,68
10d1aae5,RIDER_037,5,10,0,4,Medium,-0.3,82
c49e61cf,RIDER_148,2,22,1,2,High,3.0,76
0a01ad1e,RIDER_103,8,1,0,2,Medium,4.4,71
904f2b8b,RIDER_024,9,4,0,10,Low,9.6,100
1f4da78b,RIDER_112,7,19,0,1,Low,1.8,71
ecaeba88,RIDER_065,9,1,0,8,Medium,1.6,100
900dd5c1,RIDER_129,4,16,1,8,Medium,5.0,73
66ce580c,RIDER_117,7,19,1,6,Medium,-0.9,63
6da72c2f,RIDER_116,5,20,1,0,Medium,2.0,68
7dce0795,RIDER_105,5,21,1,0,Medium,-6.7,67
369e3620,RIDER_003,3,22,1,3,Medium,11.3,82
1b7e15f6,RIDER_046,9,18,1,1,Low,8.4,89
7c2ecb02,RIDER_055,5,2,1,2,Medium,1.9,46
fe4c7781,RIDER_075,6,6,1,1,Low,-1.7,59
62e952ab,RIDER_045,3,21,1,0,Medium,-1.9,60
c1f79319,RIDER_077,7,1,1,2,High,4.3,69
d9a6b0d0,RIDER_024,9,19,0,6,Medium,-1.6,100
37e08414,RIDER_035,9,5,1,9,Low,-2.8,56
bc394e64,RIDER_024,5,2,1,8,High,-3.5,60
2cf0da0e,RIDER_028,7,1,1,9,Medium,2.4,57
3ed4dad5,RIDER_016,3,16,0,8,Medium,3.0,100
b518184c,RIDER_059,6,21,1,7,Medium,9.8,90
85bc18d5,RIDER_144,8,2,0,5,Medium,-0.6,92
59a012b1,RIDER_015,8,4,1,0,Low,4.2,63
b4c81c89,RIDER_011,2,3,1,7,High,-0.8,46
4deb70af,RIDER_079,6,23,0,7,Low,-1.4,100
1a76d16a,RIDER_115,7,17,0,8,Low,3.8,100
499e3586,RIDER_068,7,15,1,9,Medium,6.1,81
42b607fb,RIDER_043,3,10,1,10,Medium,1.3,52
e0485290,RIDER_069,9,12,0,5,Low,-3.2,100
2c8f2860,RIDER_141,2,12,1,2,Low,5.1,46
6703d0b8,RIDER_138,3,20,1,5,Medium,4.1,53
7720c679,RIDER_075,2,7,1,7,High,4.5,65
16a22427,RIDER_103,9,10,1,6,Low,9.1,78
d82430cb,RIDER_041,4,5,0,7,Low,-1.5,84
c2b68da7,RIDER_059,2,20,1,2,High,5.0,77
fa7fc122,RIDER_039,3,20,0,7,Medium,4.6,100
96a67d51,RIDER_003,4,11,1,4,Medium,1.9,67
cedc2537,RIDER_007,6,2,1,6,Medium,2.3,56
3ec345b4,RIDER_049,5,24,1,3,Medium,3.8,82
4a9a4585,RIDER_026,3,16,0,2,Medium,4.5,63
c650ad0a,RIDER_101,8,12,0,5,Low,-1.2,100
13138839,RIDER_079,8,16,0,8,Medium,5.9,100
71728463,RIDER_002,7,4,1,3,Low,4.2,62
c66d81e7,RIDER_127,3,2,0,8,Medium,-0.4,86
1f1f667e,RIDER_132,1,10,0,2,Low,3.7,36
a5cff992,RIDER_020,5,13,1,5,Medium,4.0,71
16fda164,RIDER_117,1,23,1,4,Medium,3.8,59
9a094ff3,RIDER_032,6,19,1,8,Medium,1.9,77
8cd1fd60,RIDER_028,7,15,1,5,Medium,-1.7,73
d05c07e7,RIDER_077,5,23,0,1,High,-1.3,84
1e4b095c,RIDER_001,4,1,1,3,Medium,8.7,48
8b491796,RIDER_056,2,17,1,4,Medium,2.3,53
f65eef99,RIDER_035,5,20,1,10,Low,6.0,72
6fb4289a,RIDER_112,9,4,1,10,Low,2.3,64
86b79847,RIDER_030,4,20,0,8,Low,-2.2,100
7d8624cb,RIDER_054,2,9,1,0,High,4.3,60
c964223a,RIDER_036,6,6,1,8,Medium,2.4,69
1e8b7019,RIDER_080,8,3,0,9,Medium,5.7,100
429377e9,RIDER_058,2,22,1,0,Medium,1.3,57
ace8e9c0,RIDER_083,9,2,1,0,Medium,-0.0,60
57e983dd,RIDER_065,7,18,1,3,Medium,-5.7,80
9abcdf52,RIDER_069,2,23,1,5,Medium,5.0,67
436e0771,RIDER_128,5,19,0,1,Medium,3.3,69
d9f7de6c,RIDER_051,5,7,1,0,Low,-0.2,38
8521d885,RIDER_022,7,3,1,3,High,3.8,75
a90dd68b,RIDER_107,5,18,0,7,Medium,-2.0,100
5f9cea72,RIDER_109,6,20,1,5,Medium,10.2,94
1872ca17,RIDER_116,9,20,1,4,Medium,-5.2,85
29598abc,RIDER_101,3,19,1,0,Medium,0.1,61
4e8c98ce,RIDER_100,3,9,1,2,Medium,0.8,42
656b9ac0,RIDER_068,8,16,1,6,Medium,0.7,78
293a2fe9,RIDER_036,6,6,0,9,Medium,1.7,100
7c8120bf,RIDER_146,3,21,1,2,Low,1.9,51
d484d61f,RIDER_022,2,12,0,4,Low,2.6,64
55283662,RIDER_066,2,6,0,5,High,0.8,82
a6123fc0,RIDER_021,2,13,0,8,Low,-1.2,93
4d5db917,RIDER_100,5,24,1,10,Medium,3.0,79
6356fdfd,RIDER_128,5,5,1,2,Medium,9.9,62
65065fb0,RIDER_044,1,13,1,5,Low,-3.0,37
4e60f090,RIDER_103,2,20,1,10,Medium,0.3,56
5d8e0f73,RIDER_047,2,7,0,1,Medium,4.2,53
7e213cd2,RIDER_039,4,12,1,8,Low,7.4,53
af5ae913,RIDER_029,7,21,1,8,Medium,15.3,100
03e83571,RIDER_054,3,4,1,6,High,6.7,61
3742a810,RIDER_090,5,5,0,10,Medium,-1.0,100
68208a7d,RIDER_085,9,16,1,8,High,5.5,100
069fcf10,RIDER_017,5,4,1,3,Low,3.5,42
fa434b7a,RIDER_080,9,8,0,9,Medium,-1.9,100
f94d1727,RIDER_073,1,16,1,0,Low,0.3,44
58c6bd1f,RIDER_049,9,8,1,0,Low,-5.3,62
48c04df4,RIDER_101,5,17,1,1,Medium,-4.9,70
4b6ef8e6,RIDER_002,8,14,1,9,Low,-0.8,72
e6d9cbec,RIDER_142,5,12,1,10,Low,2.5,61
e89bd7d0,RIDER_059,6,3,1,2,High,6.1,76
479f9167,RIDER_097,8,20,0,1,High,0.7,93
9bfb6fd7,RIDER_099,2,2,0,3,Low,-1.6,48
508d63e1,RIDER_103,3,13,0,7,Medium,9.8,100
d455aae5,RIDER_002,9,21,1,2,Low,-2.5,84
392bda87,RIDER_041,5,11,1,3,High,-1.8,62
b8374495,RIDER_123,5,24,0,1,Medium,0.2,75
71fc5fd2,RIDER_082,9,12,1,0,Medium,8.2,93
df83903c,RIDER_144,3,18,0,7,Medium,4.9,100
4886ac1d,RIDER_132,4,9,1,6,Low,-0.3,37
3fd28ac0,RIDER_140,7,7,0,9,Low,1.3,100
0d0537e7,RIDER_029,2,6,0,1,Medium,1.6,41
a15440d5,RIDER_135,8,24,1,7,High,-5.0,100
fd1c4bdd,RIDER_014,5,14,1,9,High,3.5,82
6839cf33,RIDER_012,1,18,1,2,High,2.0,61
643f901c,RIDER_099,3,14,1,6,Low,1.2,46
320c7e57,RIDER_133,9,5,1,0,High,3.1,88
186daa4b,RIDER_081,5,20,0,2,Medium,5.1,78
d1aecdf1,RIDER_106,8,24,1,8,Medium,1.8,91
2d117388,RIDER_032,1,13,1,3,High,1.4,55
0e0bb4cf,RIDER_074,7,1,1,0,Medium,5.1,61
60c16cb8,RIDER_081,7,12,1,10,Medium,-2.7,70
5d7a0c68,RIDER_069,8,19,1,5,Medium,-3.1,84
73af95d2,RIDER_045,3,10,1,0,High,1.3,55
3f489806,RIDER_106,1,24,0,9,High,5.0,100
8640960e,RIDER_137,9,5,1,0,Low,1.7,69
6be37c7f,RIDER_100,1,20,1,1,High,6.1,81
970bcef6,RIDER_146,6,6,0,2,High,1.0,74
17ae54d3,RIDER_009,9,12,1,1,Medium,8.5,92
0bd3ff2a,RIDER_062,2,21,1,7,Low,1.4,55
ae43aa3b,RIDER_029,4,3,1,5,Medium,4.7,53
2bbbbf8e,RIDER_125,2,14,1,0,Medium,5.0,51
e1a7bbdc,RIDER_114,4,21,1,5,Medium,3.8,70
fc591450,RIDER_143,2,4,1,0,Low,2.5,26
bd4c582b,RIDER_134,1,17,1,8,Medium,1.2,53
47393391,RIDER_120,3,17,0,2,High,3.8,66
c168ad8e,RIDER_079,8,14,1,0,High,6.2,98
dd64cd3c,RIDER_093,5,15,1,0,Low,7.0,67
ce4a0ccf,RIDER_004,4,7,1,1,Medium,-0.6,49
ff8e2137,RIDER_082,5,4,1,5,High,-1.3,51
f5c45a38,RIDER_075,6,17,1,0,Low,-2.4,56
3cb5519d,RIDER_014,6,6,0,6,Low,-2.9,88
74ec5c0b,RIDER_131,5,11,1,10,Medium,3.7,67
44b9bde4,RIDER_114,6,12,0,3,Medium,4.4,90
090f9e8d,RIDER_062,9,15,1,6,Low,7.0,89
4df537c0,RIDER_106,5,12,0,3,High,2.2,96
63f3d735,RIDER_064,6,11,0,10,Medium,0.6,100
32a25aa7,RIDER_102,4,17,1,3,Medium,9.6,75
30059fd0,RIDER_106,3,8,1,3,Medium,0.8,44
80362877,RIDER_020,6,12,1,9,Medium,-3.3,74
2f542a3f,RIDER_058,5,9,0,9,Medium,-0.7,100
dc4effd0,RIDER_112,4,11,1,7,Medium,-1.7,55
3114f9c6,RIDER_057,5,3,1,1,Medium,5.8,57
4adbada0,RIDER_119,7,7,1,7,Medium,-1.2,63
cb192e7a,RIDER_097,1,21,0,9,High,7.8,100
68ad51b3,RIDER_092,1,3,1,10,High,2.2,46
0aa51713,RIDER_052,1,21,1,0,High,3.1,69
b7f479de,RIDER_037,2,16,0,6,Low,5.8,80
78f5729b,RIDER_008,9,10,1,6,Low,6.3,82
6eccc486,RIDER_044,5,23,1,5,High,0.9,87
8d04be14,RIDER_098,9,7,0,3,Low,6.4,93
cf0386c8,RIDER_133,5,24,1,4,Low,2.8,67
36d906e7,RIDER_118,7,20,1,0,Medium,3.8,89
8a18f11c,RIDER_069,6,15,0,1,High,-4.5,81
22d11016,RIDER_045,2,21,0,9,High,4.7,100
16dfcd35,RIDER_137,3,21,1,6,Medium,-1.9,56
90a45ec7,RIDER_032,5,10,1,1,High,7.4,76
c9fdfea2,RIDER_033,4,12,0,7,Medium,10.4,100
34bbe993,RIDER_126,6,18,1,6,Medium,-3.3,69
93343ed2,RIDER_067,8,23,0,9,Low,7.9,100
38f9127e,RIDER_030,8,23,1,7,Medium,4.1,94
7e171f3e,RIDER_114,3,9,1,3,High,-0.1,57
70274a02,RIDER_029,4,9,1,0,Low,-4.6,48
719b557c,RIDER_131,1,4,0,6,Medium,-10.6,79
aba98116,RIDER_030,2,5,1,0,High,6.6,55
4258b932,RIDER_137,9,7,1,6,Low,6.9,79
bbd3ec5e,RIDER_130,2,7,0,8,Low,-0.3,80
c5e33abe,RIDER_062,6,11,0,4,Medium,-1.2,92
f68700ea,RIDER_003,7,10,0,1,Low,2.1,63
e6fecef5,RIDER_068,6,11,1,10,Medium,1.7,70
5df2185f,RIDER_025,8,24,1,0,Medium,5.9,92
e776e69d,RIDER_141,9,24,1,7,Medium,2.0,98
14da9943,RIDER_044,8,18,0,3,Low,5.9,96
2dc8f746,RIDER_055,5,12,0,7,Medium,-0.7,100
d874c88c,RIDER_137,8,16,1,1,Low,2.8,71
34fd2d3c,RIDER_130,9,4,1,2,Low,4.7,62
ba29ae15,RIDER_041,8,17,0,2,Medium,0.7,80
696cb01e,RIDER_064,2,17,1,3,Low,1.7,50
eed2afcd,RIDER_031,2,21,0,8,Medium,9.8,100
64eb2fa0,RIDER_047,3,23,1,8,Low,7.5,67
7f158203,RIDER_130,7,5,0,4,Medium,-2.7,85
375a3b46,RIDER_096,9,13,1,6,High,3.2,99
56b27009,RIDER_077,8,3,1,8,Medium,-5.8,59
a6644d8f,RIDER_110,9,23,1,0,Medium,3.8,100
44a0fc5e,RIDER_069,6,17,1,1,Medium,-1.4,70
f6066b9b,RIDER_058,1,11,1,5,Medium,1.2,55
a175869a,RIDER_106,4,1,1,2,High,4.3,61
b0945bbd,RIDER_044,6,18,1,10,Medium,3.1,75
44985a07,RIDER_074,6,17,0,10,Low,-1.3,100
c042cf49,RIDER_056,8,9,1,6,Medium,-3.3,74
780c5b9e,RIDER_127,1,20,0,4,Medium,3.7,79
a6e95984,RIDER_030,2,7,1,9,Low,-0.9,32
630352c8,RIDER_071,2,5,1,7,Low,1.0,30
b5556418,RIDER_118,6,16,1,0,Medium,-2.9,71
ddbe00f7,RIDER_055,7,7,1,8,High,-7.2,73
e82a9a45,RIDER_067,2,13,1,10,Medium,4.5,49
5d9c79da,RIDER_141,5,13,1,9,Medium,0.1,57
9e6f1ae9,RIDER_003,6,15,1,5,High,-1.1,75
f01db61d,RIDER_026,4,23,1,4,Medium,7.5,80
0db68936,RIDER_057,1,17,1,7,Medium,5.2,60
e2da6525,RIDER_126,3,17,1,3,High,3.6,73
3fd11a65,RIDER_053,9,19,1,8,Low,2.4,84
a8cc6f71,RIDER_043,6,10,0,4,Low,-3.3,83
1a5c00bf,RIDER_049,2,2,1,0,High,4.2,53
ea14247f,RIDER_042,9,14,1,7,High,7.0,99
84c260b3,RIDER_011,4,23,1,8,High,1.9,88
c978b574,RIDER_103,8,3,1,4,Low,6.7,61
07ca9145,RIDER_098,7,7,1,4,Medium,-1.5,64
bee0367f,RIDER_146,3,11,0,5,Medium,-4.0,82
b37bd0c5,RIDER_085,8,17,0,8,Low,-0.5,100
84c1891c,RIDER_100,4,15,1,4,Medium,2.9,64
10622e1c,RIDER_104,2,19,1,1,Medium,2.0,61
a4ada1bd,RIDER_046,5,11,1,2,Low,0.9,52
d90a2904,RIDER_044,1,15,1,10,High,4.1,66
72cc3bd0,RIDER_022,8,15,0,9,Medium,1.6,100
b7ae818f,RIDER_114,8,6,0,2,Medium,-3.6,60
38593aba,RIDER_125,3,15,1,8,Medium,4.0,65
865957c8,RIDER_124,1,9,0,7,High,-0.6,95
fcea4720,RIDER_030,4,5,1,5,Medium,2.6,52
b2e4bcfd,RIDER_008,9,19,1,4,Medium,0.5,87
80a5e7b0,RIDER_098,9,24,1,9,Low,-3.7,82
2c8ee13a,RIDER_057,1,5,1,1,Medium,3.4,38
bc3a2ad1,RIDER_111,7,22,0,8,Medium,-0.6,100
f74c59bf,RIDER_073,6,13,0,9,Medium,-1.7,100
0069c8da,RIDER_115,7,18,1,7,Medium,0.2,80
84316972,RIDER_020,7,20,1,4,Medium,3.5,87
11e6bf5b,RIDER_025,8,17,0,5,Medium,2.1,100
ad7ae9fd,RIDER_019,8,15,0,8,Medium,-2.2,100
603134e0,RIDER_005,2,14,1,0,Low,0.6,35
6fc80324,RIDER_075,4,16,1,3,Medium,3.9,61
297b0ba4,RIDER_128,4,4,0,4,High,1.9,86
c3c32a90,RIDER_072,8,17,0,8,Low,-1.9,100
b80eb8ff,RIDER_040,3,20,0,4,Low,4.9,82
f7a1373b,RIDER_026,3,14,1,4,Low,7.8,55
045c1bf7,RIDER_027,2,18,1,2,Low,-0.1,41
3b9fc06d,RIDER_083,1,6,0,7,High,1.6,93
4f584df1,RIDER_128,8,22,0,6,Medium,4.0,100
5d1f89d9,RIDER_033,9,8,1,7,Low,1.1,65
f742a2f2,RIDER_097,9,9,1,3,High,4.2,90
4a705746,RIDER_111,8,24,0,7,Low,-3.3,100
68f4c501,RIDER_016,5,1,0,9,Medium,1.9,100
c5f3a28c,RIDER_023,1,13,0,3,Medium,5.6,73
7afeae6e,RIDER_135,9,3,1,0,Low,-2.5,64
5277a501,RIDER_026,6,6,0,3,Medium,1.3,78
828bf086,RIDER_096,7,17,1,4,Low,-3.2,68
8711c234,RIDER_012,8,8,0,9,Medium,1.7,100
a371e143,RIDER_072,5,6,1,7,Low,5.3,52
336df5ea,RIDER_133,6,16,0,9,Low,0.7,100
b0be2035,RIDER_106,7,1,1,5,Medium,5.1,60
4b36c6f1,RIDER_117,7,10,0,10,Medium,6.1,100
1b900d99,RIDER_026,2,18,1,9,Medium,-5.1,60
9b87c6f3,RIDER_133,1,22,1,4,Medium,-0.9,53
17761da4,RIDER_022,8,14,0,2,Low,-3.3,68
c7839538,RIDER_013,5,24,1,3,Low,2.4,73
692a37f6,RIDER_107,2,5,1,5,Medium,6.2,51
c5796d99,RIDER_023,3,17,0,5,Medium,3.2,98
dce5a3f9,RIDER_097,6,14,1,5,Medium,3.6,67
003f0d3e,RIDER_018,6,18,0,1,Medium,0.4,70
da7403da,RIDER_117,8,4,1,10,Low,4.6,69
71051f95,RIDER_030,5,20,0,7,Medium,2.8,100
17d77a59,RIDER_026,5,23,0,7,Medium,6.9,100
bdd1d154,RIDER_144,7,2,0,5,Low,2.7,88
b2c892bb,RIDER_039,5,7,0,3,Medium,-3.9,79
9b7aa39d,RIDER_130,9,7,1,1,Low,-2.9,60
2da4ce83,RIDER_113,6,7,0,5,Low,-2.5,83
d087ca89,RIDER_134,7,13,0,5,High,-0.3,100
1ae6ce26,RIDER_046,8,19,1,9,High,8.0,100
530394fa,RIDER_050,5,22,1,2,Medium,6.6,79
542fcf2b,RIDER_106,4,6,0,1,Medium,3.7,49
7152f9f4,RIDER_146,8,20,1,3,Medium,5.2,98
dd950ba0,RIDER_072,9,17,1,7,Low,4.8,93
64b52ba3,RIDER_074,1,18,1,4,Medium,6.2,63
c1d6ba10,RIDER_017,3,24,1,2,Low,-2.1,51
8e84780e,RIDER_070,4,1,0,4,Medium,7.1,74
59a4881d,RIDER_150,7,23,1,8,High,2.4,94
45efcc4f,RIDER_006,6,13,1,10,High,3.3,90
94a53485,RIDER_026,1,19,0,7,High,6.5,100
13c2140b,RIDER_140,4,16,1,9,Low,3.1,58
edc1b646,RIDER_099,6,10,0,6,Medium,-1.5,99
d9828232,RIDER_142,3,13,0,3,High,1.3,80
744b8824,RIDER_022,2,10,0,1,Medium,4.8,48
cf0f70d3,RIDER_051,2,14,0,8,Low,-0.4,100
78ad4ed0,RIDER_104,4,9,1,2,High,-0.3,63
bec92cfe,RIDER_089,1,21,1,5,Medium,3.4,50
87d9d335,RIDER_141,2,11,1,6,Low,2.7,43
c73bbedd,RIDER_138,2,3,1,2,Medium,-0.6,35
403aa7df,RIDER_009,4,8,1,2,Low,7.4,53
753446f6,RIDER_079,4,12,1,2,Medium,2.8,58
04426493,RIDER_052,1,3,1,2,Low,-6.6,18
7ba599e5,RIDER_130,7,7,1,2,Medium,3.7,65
a9abea7e,RIDER_013,7,14,1,6,High,4.6,98
11109cb0,RIDER_051,1,7,1,4,High,4.8,58
2f8fea5b,RIDER_034,8,7,1,3,Medium,0.3,70
9d299149,RIDER_035,7,14,1,5,Medium,-1.7,70
2f590c4f,RIDER_131,7,12,0,7,Medium,2.2,100
631f292a,RIDER_120,6,1,0,1,High,2.8,74
1a46fd34,RIDER_070,4,5,0,2,High,5.1,67
9a0bdaf0,RIDER_147,8,11,0,1,Medium,3.4,78
cc7266cb,RIDER_067,2,1,0,6,Low,6.4,76
01caff6b,RIDER_103,7,23,1,1,Medium,6.6,87
817b7855,RIDER_073,3,13,1,4,Medium,2.1,54
87cba252,RIDER_116,3,24,0,10,High,-1.9,100
053d585e,RIDER_133,7,23,1,9,Medium,6.1,80
d6ee5a77,RIDER_067,3,17,1,8,Medium,4.3,57
be09367d,RIDER_139,5,3,1,7,Low,-2.0,40
4126e0be,RIDER_121,8,10,1,7,Medium,1.1,77
d8e0f675,RIDER_094,4,19,0,2,Medium,-2.1,65
038fe46a,RIDER_129,7,7,1,0,High,-5.7,76
7c09bb9d,RIDER_091,7,20,1,1,Medium,-1.9,82
567c34b6,RIDER_092,2,3,1,6,Low,-6.6,35
44dfb670,RIDER_063,8,22,0,3,Medium,3.9,100
d101c6b4,RIDER_029,9,12,0,9,Low,2.2,100
c04f6e01,RIDER_012,6,22,1,4,Low,-1.4,68
21072f2e,RIDER_077,5,10,1,0,Low,4.9,62
e5a4f871,RIDER_041,1,21,1,10,High,-3.7,67
ff80403c,RIDER_130,1,12,0,1,High,7.0,61
0d50651b,RIDER_037,9,15,0,8,Medium,0.2,100
930abec8,RIDER_024,4,6,0,5,Medium,3.7,91
6fa9220f,RIDER_099,1,19,1,6,High,-2.2,66
76f4f31f,RIDER_150,3,5,1,4,Medium,2.5,49
b2454d2f,RIDER_100,6,20,1,8,Medium,1.6,72
ca68ea8d,RIDER_139,8,2,1,9,Medium,0.8,58
f7f9ab97,RIDER_058,2,21,1,4,Medium,0.1,57
f92ea15b,RIDER_029,8,19,1,5,High,3.6,100
32a167d7,RIDER_143,1,19,1,9,Medium,-1.6,52
7f53e401,RIDER_060,2,4,0,8,Medium,-5.9,88
8c2ef790,RIDER_095,8,20,1,4,Low,1.7,74
30f7932b,RIDER_042,7,5,0,3,High,6.2,100
abbc34a7,RIDER_043,5,7,0,4,Low,-4.7,76
aa41842b,RIDER_074,2,4,0,10,High,2.3,100
c8f8a463,RIDER_064,9,11,0,4,High,2.0,100
a50881be,RIDER_002,5,23,0,4,High,4.2,100
9abcdc1f,RIDER_066,8,3,1,0,Medium,2.4,61
bb053a77,RIDER_031,4,5,1,4,Medium,-0.8,40
78206b78,RIDER_115,9,20,1,4,High,-4.5,100
6a88b8bf,RIDER_026,7,15,1,0,High,2.3,82
c943f898,RIDER_029,2,21,1,3,High,-0.7,72
e8122fce,RIDER_078,3,18,1,7,Low,-1.4,41
af852096,RIDER_025,2,16,0,3,Medium,2.4,76
da5fca04,RIDER_048,5,16,1,6,High,-2.3,75
9dd0f56a,RIDER_065,2,10,0,5,Medium,2.5,81
178f1a02,RIDER_067,5,1,1,4,Low,4.1,43
015f40da,RIDER_090,9,23,1,8,Medium,-4.0,89
8cc15f53,RIDER_146,2,11,1,7,Low,5.9,41
c7185028,RIDER_137,9,17,0,4,High,1.9,100
d72c0239,RIDER_038,7,24,1,9,Medium,6.1,98
aff540db,RIDER_087,7,15,0,6,Medium,0.7,100
5d63f6a4,RIDER_149,5,7,1,10,Medium,9.4,63
27a6cf6a,RIDER_065,8,6,1,8,High,7.9,88
7e17f1db,RIDER_149,7,15,1,6,Low,2.0,65
386b44d9,RIDER_027,6,15,1,2,Low,1.4,64
3ce4cbd3,RIDER_106,2,7,1,9,Medium,-7.7,34
48fa4361,RIDER_123,6,3,1,10,Medium,1.2,59
1ec67fd2,RIDER_044,2,14,1,4,High,3.1,76
58cb8f75,RIDER_100,1,9,1,8,Low,1.9,33
82392940,RIDER_028,9,3,0,8,Medium,2.7,100
9c546bd7,RIDER_017,5,6,1,7,Medium,3.9,62
7e4abc7b,RIDER_127,4,20,1,5,Medium,0.8,61
60ac3f75,RIDER_123,8,9,1,6,High,2.9,91
6f3389ed,RIDER_131,5,1,0,6,Low,-0.5,73
739879d4,RIDER_076,7,9,0,10,Medium,-2.9,100
c056216a,RIDER_046,3,12,1,0,High,8.7,68
88ca1bf5,RIDER_069,8,4,1,7,Low,-2.8,53
b9339f5a,RIDER_137,8,16,0,5,Medium,0.9,100
84952ea7,RIDER_085,3,5,0,6,Low,5.0,83
8323abf8,RIDER_011,9,17,0,9,Medium,1.0,100
b4365842,RIDER_069,8,17,1,9,Low,4.3,82
f18b82d5,RIDER_099,1,6,0,10,Medium,6.3,100
d9713f6a,RIDER_091,8,15,1,1,Medium,2.3,76
d7466605,RIDER_094,4,1,1,6,Medium,3.8,42
ac9b18c0,RIDER_115,6,13,1,7,Medium,4.2,72
fcc69274,RIDER_031,9,16,1,4,Medium,-1.4,82
4e70b5d7,RIDER_011,5,2,1,0,High,-3.6,55
cb32cdf5,RIDER_087,7,19,1,5,Low,10.1,85
df8730bc,RIDER_121,1,23,0,2,Medium,3.7,56
48e0cf48,RIDER_130,9,2,1,4,Medium,-1.5,67
142b8e8f,RIDER_105,6,21,0,8,Medium,10.4,100
b9638e4a,RIDER_027,4,12,1,6,Medium,-3.9,51
c5f96e10,RIDER_002,6,12,0,7,Low,-1.5,100
066b3cb9,RIDER_103,5,8,0,5,Medium,0.1,93
c13d38c5,RIDER_101,3,12,1,8,Low,5.9,49
93715f61,RIDER_021,7,24,0,2,High,0.4,93
c4a36292,RIDER_058,3,11,1,0,Medium,1.6,61
3ee94943,RIDER_133,2,2,1,9,Low,-2.9,30
68a0fc86,RIDER_085,4,1,1,10,Medium,1.3,42
49c32550,RIDER_093,7,4,1,3,High,0.9,75
d1d62604,RIDER_020,5,9,1,7,Medium,-4.4,46
e6e5f3f5,RIDER_061,9,7,1,5,High,0.7,82
a5f3aff9,RIDER_038,7,22,0,6,Medium,-1.6,100
1663a023,RIDER_148,9,10,1,8,Medium,7.8,85
3614420d,RIDER_025,9,20,1,1,Low,3.1,81
4ebbaf71,RIDER_130,2,14,0,6,Low,7.9,93
4e2d7393,RIDER_121,1,1,1,3,Medium,-5.6,27
632f7da3,RIDER_026,4,5,0,6,Medium,-2.1,85
3dd33699,RIDER_067,4,13,1,7,Medium,-0.9,55
6d306c51,RIDER_001,2,6,1,1,Medium,-1.2,37
2fa4df86,RIDER_051,3,22,1,6,High,3.2,82
6d54fde0,RIDER_005,3,17,0,7,Low,0.9,98
0f594f47,RIDER_013,5,15,1,0,Low,-2.0,58
34cbc187,RIDER_147,1,7,1,10,Medium,13.4,55
29f071d0,RIDER_140,9,8,0,9,Medium,2.8,100
bc69914e,RIDER_048,8,21,0,4,Medium,-6.1,100
7b67eec1,RIDER_057,8,2,1,8,Medium,4.9,72
d16bbb43,RIDER_115,3,18,0,1,Medium,11.6,72
7abfe56b,RIDER_035,2,21,1,5,Low,4.9,56
88d56a68,RIDER_076,1,23,1,1,High,-2.1,66
806d1318,RIDER_094,6,7,1,2,Low,0.2,46
18d18df8,RIDER_005,1,20,1,10,Medium,5.3,58
7c82d453,RIDER_022,5,16,1,5,Low,-1.8,55
a3dd2a09,RIDER_103,9,19,1,4,Low,1.4,84
e04e7887,RIDER_131,9,9,1,3,Medium,-1.6,75
215bfc83,RIDER_124,4,12,1,6,Medium,4.4,64
42490e18,RIDER_053,7,14,1,2,Medium,5.2,72
aaa429e2,RIDER_069,7,7,0,9,High,7.3,100
4ff87be2,RIDER_104,4,2,0,6,Medium,6.0,96
a118f547,RIDER_016,5,17,1,8,Low,7.7,66
f8ea990c,RIDER_116,9,11,0,1,Medium,8.5,90
cc45f3c0,RIDER_076,7,18,1,4,Low,-3.6,65
f66e7e7b,RIDER_109,7,12,1,0,Low,-1.1,64
2a6e6c4c,RIDER_039,7,3,1,6,High,-1.7,68
0bd43c59,RIDER_089,9,21,1,1,Medium,2.7,92
03b88ff1,RIDER_112,5,14,0,10,Medium,-0.5,100
d7f8e7fb,RIDER_047,6,15,0,4,High,0.5,100
3002f500,RIDER_137,3,19,1,0,Medium,6.3,72
f3f91bb7,RIDER_128,1,10,1,10,Medium,4.2,45
d02a535c,RIDER_077,2,9,1,0,Medium,0.0,38
b1367fd5,RIDER_015,8,10,1,3,High,5.2,93
02c3d66f,RIDER_036,1,20,0,6,Low,3.2,84
a797960f,RIDER_063,7,23,1,6,High,3.2,99
b396b1e1,RIDER_069,5,4,1,7,Low,4.7,47
c70424d9,RIDER_074,6,19,0,8,Medium,-7.8,100
dc905ded,RIDER_024,8,10,1,3,Low,-1.6,68
2f70d1d1,RIDER_049,4,17,0,1,High,-2.1,73
e0601a92,RIDER_146,6,12,1,9,Medium,2.1,56
ac28d289,RIDER_007,3,1,1,9,Medium,5.1,44
73bcf3fe,RIDER_004,7,11,1,2,High,-0.1,77
f528d044,RIDER_090,2,13,1,8,Low,-1.7,39
5e82f70e,RIDER_060,8,1,0,10,Medium,-6.7,100
bb237e0b,RIDER_055,7,1,1,7,Medium,3.5,58
20c4dc84,RIDER_016,8,21,0,5,Low,-2.7,100
291ffa6d,RIDER_029,2,16,1,10,Medium,3.2,57
ed0ecc7c,RIDER_014,3,7,0,2,Medium,-1.5,46
d91ad778,RIDER_079,4,23,0,9,Low,4.2,100
0c9642f7,RIDER_033,9,10,1,7,Medium,3.5,77
fa77b21c,RIDER_021,5,16,1,1,Medium,-5.1,68
6d111af6,RIDER_145,6,1,0,10,High,5.5,100
e03aca35,RIDER_023,1,22,1,3,High,3.2,63
104a05da,RIDER_057,4,9,0,3,Medium,6.3,76
f2dc177c,RIDER_142,4,6,1,8,High,-3.5,59
bfa56c50,RIDER_093,8,15,0,7,High,-2.4,100
203ac053,RIDER_020,8,4,1,6,Medium,0.4,67
dd41db65,RIDER_019,6,15,0,3,High,1.4,100
b09bffba,RIDER_103,8,10,1,6,High,0.9,83
f86b6301,RIDER_077,9,16,1,0,Low,-5.8,74
f92f434e,RIDER_033,5,13,1,10,Medium,3.1,60
86e23bcf,RIDER_018,1,19,1,7,Low,0.9,44
d482925d,RIDER_073,1,20,0,7,Medium,0.5,99
565131a0,RIDER_017,2,4,0,8,Medium,2.1,95
f9d4e3fe,RIDER_019,2,20,0,8,High,3.0,100
8ab15286,RIDER_070,5,22,1,0,Medium,1.5,75
ee037710,RIDER_120,7,16,1,9,Medium,-1.9,75
41ea1034,RIDER_101,7,11,1,6,Low,-3.5,60
159fbcb9,RIDER_034,4,15,1,0,Low,5.5,58
88750f24,RIDER_084,4,11,1,5,Medium,-1.9,55
a2d06843,RIDER_074,3,23,1,4,High,-3.0,74
a30c8eca,RIDER_088,2,11,0,10,Medium,2.1,100
29243e66,RIDER_085,3,3,1,1,High,3.9,54
9f65f9cc,RIDER_011,8,24,0,2,High,7.1,100
0aed7656,RIDER_091,1,24,1,7,Low,-1.5,50
770c51b3,RIDER_144,4,17,0,1,Low,-0.9,57
82e0a7a2,RIDER_127,7,5,0,10,Medium,2.8,100
d8ceb9a3,RIDER_113,5,13,0,3,Low,4.6,81
a2afb515,RIDER_080,2,10,1,2,Low,-0.3,32
23a52c8d,RIDER_007,1,5,0,6,Low,4.6,69
7ab66a34,RIDER_016,6,12,1,7,Low,-0.4,61
0dcf0f78,RIDER_016,5,8,0,3,Medium,2.5,82
fa5764f0,RIDER_012,3,24,1,5,Medium,-3.2,66
76d5008a,RIDER_035,9,12,1,2,Low,3.7,71
94482b52,RIDER_021,3,16,0,6,Low,4.0,95
4836f7e8,RIDER_017,2,2,1,7,Medium,2.8,38
3197bfc9,RIDER_032,5,3,0,6,Medium,-5.5,89
7842a28e,RIDER_041,9,18,1,3,High,0.4,100
2f031ea5,RIDER_134,8,17,0,9,Low,3.4,100
d87eca6a,RIDER_027,6,2,0,8,Low,-1.2,89
01312904,RIDER_148,3,22,1,9,Medium,6.8,76
21649416,RIDER_066,6,12,1,7,Low,11.1,68
ef2a6ee7,RIDER_137,5,17,0,5,Medium,-1.5,91
4fdca8bb,RIDER_092,1,6,1,1,High,4.5,56
fa400b15,RIDER_061,5,17,1,9,Low,1.4,60
732e6f37,RIDER_003,7,2,1,6,Low,3.8,52
563999e5,RIDER_103,9,8,1,8,Low,1.5,68
1b61bb47,RIDER_055,1,14,1,8,Low,1.3,42
e278e7a8,RIDER_001,3,6,1,8,Low,0.2,42
eef2c341,RIDER_101,8,9,1,8,Medium,4.1,78
f52e316d,RIDER_045,6,1,1,5,Medium,-4.0,47
efc22354,RIDER_026,5,5,1,0,Low,-0.8,37
8769dddc,RIDER_121,2,7,1,5,Low,2.3,38
15d404e5,RIDER_142,3,9,1,4,Medium,-0.4,44
bd45955c,RIDER_046,2,14,0,6,Medium,6.9,94
72f421db,RIDER_122,1,9,1,7,Medium,4.2,45
cfcd15aa,RIDER_031,7,4,1,0,Medium,-2.3,57
099e6925,RIDER_059,3,20,0,9,Medium,1.0,100
812ee7fc,RIDER_029,7,15,1,3,Medium,5.1,79
72d4eb51,RIDER_106,7,4,1,3,Medium,3.2,69
71e2eecb,RIDER_017,8,3,1,0,Low,1.5,60
20202dc0,RIDER_142,1,24,0,10,High,1.4,100
509981e6,RIDER_024,5,21,1,3,Low,6.7,72
42d0558f,RIDER_109,9,23,0,6,High,-3.3,100
cd59bc9e,RIDER_091,7,22,0,5,Medium,9.3,100
b870a094,RIDER_025,1,14,1,3,Medium,2.8,52
71de6f65,RIDER_032,8,9,1,1,Medium,8.9,78
a93486fa,RIDER_116,3,19,1,6,Medium,1.9,64
a179049a,RIDER_082,4,6,1,7,Medium,12.0,69
bc0d941f,RIDER_110,4,3,1,8,Medium,-0.5,46
b0f7a580,RIDER_146,8,18,0,8,Low,2.3,100
3934654f,RIDER_037,1,16,0,3,Medium,5.3,68
df5b9691,RIDER_026,8,3,1,2,Low,5.1,61
7adb933b,RIDER_137,9,2,1,4,Low,-1.5,51
b926bc18,RIDER_064,9,2,1,5,Medium,-3.8,67
f789bed0,RIDER_072,5,23,1,7,High,-1.4,83
2965958f,RIDER_148,4,10,0,2,Medium,1.0,64
a81ca7c6,RIDER_106,4,15,1,5,Medium,1.4,65
3e99add9,RIDER_086,9,3,0,4,Medium,2.4,99
dd9bdad5,RIDER_053,8,8,0,6,High,4.9,100
674b6289,RIDER_092,7,18,1,8,Medium,1.6,75
745abe44,RIDER_099,3,11,1,6,Medium,-6.0,51
4c4b6503,RIDER_011,4,7,1,10,Medium,5.9,50
a1b47101,RIDER_031,9,19,1,5,Medium,6.6,93
de65c4ab,RIDER_100,8,7,1,8,Medium,3.3,75
1e8bbd60,RIDER_087,1,2,0,9,Low,0.9,88
64156a35,RIDER_147,3,6,1,3,Medium,3.0,55
ca8afbc6,RIDER_140,2,5,1,0,Medium,6.6,46
85b4f6f2,RIDER_015,2,14,0,7,Low,-2.5,88
10b88b3d,RIDER_101,8,18,0,5,Medium,-0.5,100
0e8361b7,RIDER_029,6,4,1,5,Medium,-0.5,52
78163e44,RIDER_114,6,4,0,4,Medium,-2.5,90
340d3a91,RIDER_107,4,24,0,9,Low,12.7,100
f9d42d51,RIDER_108,1,13,1,10,Medium,2.5,45
822dc50b,RIDER_130,7,23,0,2,Medium,-2.5,86
0562044a,RIDER_084,8,21,0,5,Medium,-3.5,100
b74cd4dc,RIDER_015,2,1,1,0,High,5.4,49
1005f3bc,RIDER_132,2,20,0,6,Low,6.6,94
e8e9ebe7,RIDER_050,1,5,1,5,Low,5.8,32
af2ece67,RIDER_023,4,24,1,4,Low,9.5,78
c9ca24d9,RIDER_059,6,3,1,2,Medium,0.2,54
a7045740,RIDER_090,5,21,1,7,Low,-3.1,61
433a5e0b,RIDER_115,4,19,1,3,Medium,12.3,79
8fea40f1,RIDER_075,4,13,1,8,High,-0.7,67
b834d021,RIDER_123,7,7,0,8,Low,4.6,100
96013b90,RIDER_136,7,10,1,4,High,-1.4,82
5fe3e794,RIDER_139,2,3,1,10,Medium,6.3,46
237e549c,RIDER_018,7,23,1,6,Low,-3.1,78
e9038d07,RIDER_050,2,2,1,5,Medium,12.2,44
17a484a3,RIDER_142,4,7,1,5,Low,3.6,53
ac3fdccd,RIDER_118,1,9,1,3,Medium,-3.4,39
52203e61,RIDER_137,5,21,1,9,High,-6.5,81
e0541666,RIDER_139,1,12,1,7,High,1.7,52
8b128cdf,RIDER_108,4,22,1,10,Low,6.4,66
a3bc0a48,RIDER_067,9,10,0,10,Low,0.2,100
ddeffd97,RIDER_078,8,19,1,10,High,7.2,100
b67d2774,RIDER_075,6,13,0,9,Medium,-2.1,100
ffd8ecf4,RIDER_039,8,10,1,2,Medium,5.1,74
be569169,RIDER_025,5,5,1,4,Medium,0.9,55
5f709779,RIDER_021,7,15,1,0,Medium,4.9,70
e12950a8,RIDER_138,8,21,1,0,Medium,-1.3,84
0b92df14,RIDER_015,7,3,1,8,High,-0.3,67
3f52cf80,RIDER_048,4,8,0,3,Low,-3.5,66
cbe7ab9e,RIDER_086,5,6,1,8,Medium,6.7,63
d362716e,RIDER_149,6,19,1,6,Medium,0.0,74
60a8d6e3,RIDER_116,6,17,0,9,High,0.1,100
9e2cdd2e,RIDER_050,9,10,1,7,High,-0.0,88
3bf282df,RIDER_141,2,1,1,10,Low,4.2,32
4aaafe13,RIDER_069,6,13,1,8,Medium,-7.0,66
e893ae4b,RIDER_004,3,10,1,0,High,-3.1,61
4db633f0,RIDER_078,2,12,1,6,Low,7.4,48
ede8767b,RIDER_009,6,2,1,7,High,2.9,69
326d612a,RIDER_121,4,10,1,1,Medium,-0.4,51
865fb91c,RIDER_115,5,21,1,9,Medium,5.5,75
b5efcb6a,RIDER_101,5,23,1,8,High,2.8,87
cf102475,RIDER_149,3,1,1,0,High,7.4,64
8f5eb248,RIDER_146,4,1,1,2,Low,-0.4,32
6c0596de,RIDER_097,3,20,0,10,Medium,-1.2,100
72e927b4,RIDER_081,7,15,0,8,Low,-3.5,100
1134b088,RIDER_043,1,22,1,0,Medium,6.3,64
5755ff5a,RIDER_095,6,1,1,3,Low,6.3,49
08535de1,RIDER_006,4,21,1,9,Low,4.8,68
fcd4fa7d,RIDER_067,1,9,1,5,High,-1.9,48
9fe57a8c,RIDER_140,1,24,1,5,Medium,-3.7,44
3aa01df8,RIDER_100,5,7,0,3,Medium,5.6,84
f3da2c0b,RIDER_012,5,16,1,9,Low,3.0,64
bbb558a8,RIDER_066,7,16,1,9,Medium,-1.7,71
aed654da,RIDER_002,4,13,1,9,Medium,4.5,65
ad0f491a,RIDER_143,9,10,0,9,Medium,9.5,100
9cb217a0,RIDER_081,4,18,1,0,Low,0.6,55
014b8879,RIDER_135,7,9,1,4,Low,1.7,67
53186a52,RIDER_142,5,12,1,4,High,5.8,77
52865ba7,RIDER_070,5,24,1,2,Low,7.0,70
73858a2b,RIDER_115,6,13,0,10,Medium,2.2,100
5496d099,RIDER_088,8,11,0,2,Medium,-5.0,77
39e1c929,RIDER_006,5,15,0,3,Low,6.3,77
381570ad,RIDER_027,3,10,1,2,Low,-0.6,39
da5590e3,RIDER_082,6,10,0,2,High,3.7,83
a6cc9fea,RIDER_088,2,9,1,2,High,6.6,68
48597ecb,RIDER_120,8,3,1,6,Medium,4.8,70
a6006061,RIDER_024,8,23,1,8,Medium,2.4,88
34129202,RIDER_102,3,16,1,10,Medium,1.9,60
83aab161,RIDER_034,8,12,1,0,Low,-1.0,70
aa00e2a5,RIDER_047,9,17,1,7,Medium,3.0,86
9bc374a6,RIDER_024,5,15,1,9,Medium,-2.3,67
63750f6a,RIDER_065,5,3,1,0,Medium,5.4,60
bce1f156,RIDER_018,6,5,0,8,Medium,5.7,100
7ff80d6c,RIDER_044,7,13,0,7,Medium,1.8,100
9b8c810b,RIDER_076,3,24,1,5,High,-0.8,74
75bff1ce,RIDER_057,5,6,0,5,Low,-5.0,83
37f62b92,RIDER_107,1,9,0,10,Low,-1.3,100
847c12b6,RIDER_124,5,19,0,9,High,-0.8,100
98846255,RIDER_139,4,7,1,6,Low,2.3,54
5eafe76a,RIDER_116,1,13,0,7,Medium,-1.5,88
9b55df59,RIDER_093,7,22,1,6,Medium,5.6,84
5d3d93fe,RIDER_042,1,5,1,0,Low,7.7,31
7edbe587,RIDER_028,8,16,0,9,Low,2.5,100
3709cabd,RIDER_123,2,4,0,3,Medium,-3.4,58
16a04965,RIDER_024,5,5,1,3,Low,-7.0,41
773c3c8b,RIDER_136,6,20,0,8,High,2.2,100
e423ce9d,RIDER_106,9,19,1,8,Medium,0.4,86
f66629a3,RIDER_118,7,23,1,2,Low,-2.1,81
84e809e6,RIDER_053,6,6,1,10,Low,0.9,58
64b53050,RIDER_132,5,4,0,8,High,11.8,100
8f828fe2,RIDER_100,6,1,0,4,Medium,9.3,94
71666fd1,RIDER_005,4,17,0,10,Medium,9.1,100
467e4446,RIDER_049,1,9,1,5,Low,0.2,32
2fc370b5,RIDER_098,9,16,1,6,Medium,0.8,79
c46dfbb9,RIDER_030,5,23,1,2,High,5.9,96
2dd82178,RIDER_072,8,2,1,3,Medium,2.2,62
1c96e9e1,RIDER_103,7,11,1,4,Low,4.4,63
dd76250d,RIDER_063,8,5,1,0,High,-3.0,79
2ea75a2d,RIDER_026,1,13,1,7,Low,3.8,47
48baf828,RIDER_037,9,20,0,10,Medium,-4.0,100
0d6cac42,RIDER_007,1,17,1,6,High,-7.4,58
a05705f9,RIDER_127,3,15,0,10,High,0.5,100
dcb2f033,RIDER_092,8,22,1,1,Medium,5.8,96
b0481710,RIDER_103,1,12,1,6,High,3.5,58
9889845d,RIDER_053,1,6,1,8,Medium,1.3,35
1714c894,RIDER_132,6,20,1,4,Low,-6.4,63
f1d7ca02,RIDER_108,5,13,1,10,Medium,-4.5,58
66f32c9e,RIDER_112,6,18,1,5,Medium,0.9,77
cf5040aa,RIDER_007,3,24,0,4,Medium,0.6,92
ba42a3ad,RIDER_067,6,15,1,0,Low,1.8,60
f1b21aa9,RIDER_108,2,15,1,5,High,9.2,76
a352f672,RIDER_111,8,8,1,6,Low,2.6,66
f7b59feb,RIDER_148,6,19,0,4,Medium,7.4,100
c3b5b1e0,RIDER_083,4,23,0,2,High,-0.9,82
5962492b,RIDER_124,4,14,1,5,Medium,-7.0,60
82d984b3,RIDER_139,7,7,0,10,Low,6.3,100
f40b562d,RIDER_104,3,14,1,6,High,7.3,77
08cd7757,RIDER_067,3,5,1,9,Low,7.9,40
4a6dc7e2,RIDER_007,6,15,1,9,Low,-1.8,62
3078b3fc,RIDER_110,9,21,1,8,Low,-0.3,81
2f94b3ae,RIDER_034,1,15,1,6,Medium,-0.2,46
13ab905b,RIDER_106,5,24,1,2,High,4.0,97
d60f3960,RIDER_147,1,4,1,0,Low,-1.8,26
22cfb718,RIDER_058,1,1,1,6,High,3.3,48
07e0cd14,RIDER_009,3,17,1,7,Low,5.7,54
88a300ca,RIDER_048,3,20,1,10,Medium,4.8,69
f46e3739,RIDER_115,4,1,1,0,Medium,-2.0,40
f5d00499,RIDER_041,3,16,1,4,High,5.9,74
14672bda,RIDER_048,6,13,0,7,Medium,2.3,100
15003726,RIDER_025,4,18,0,9,Low,-0.3,100
207691c6,RIDER_116,8,10,1,6,Medium,6.1,78
00f7a576,RIDER_078,1,23,1,1,Medium,2.3,58
db322335,RIDER_108,8,18,0,3,Low,7.7,100
ee692558,RIDER_025,1,17,1,5,Low,6.2,55
b2eb17cb,RIDER_147,1,9,1,6,Low,4.8,37
6bd27ff5,RIDER_039,7,14,1,6,Medium,1.8,72
4f205ba9,RIDER_119,1,21,0,2,Medium,-3.7,50
1cfdf90c,RIDER_079,9,13,1,7,Low,-3.9,76
7058927d,RIDER_080,8,20,0,6,Low,12.3,100
e46ad8c1,RIDER_027,1,20,1,3,Low,4.1,50
239158a8,RIDER_104,2,14,1,9,Medium,7.3,62
75b4afd0,RIDER_074,2,11,0,3,Low,2.6,55
fb9d0d81,RIDER_068,2,13,1,3,Low,1.6,40
e27c379d,RIDER_147,6,17,1,4,Low,2.4,66
4d739d4c,RIDER_028,4,3,1,10,Medium,2.9,48
4d6bd77e,RIDER_123,8,1,1,1,Medium,2.2,65
f7ae5e7e,RIDER_138,1,21,1,8,Medium,8.5,65
3d364c28,RIDER_083,4,5,0,5,Low,5.5,82
5978a746,RIDER_030,5,13,0,7,Medium,3.6,100
a9745b6c,RIDER_022,9,24,0,10,Low,5.4,100
b9bfb05d,RIDER_003,5,5,1,0,Low,5.9,52
9157d351,RIDER_101,3,5,0,5,High,3.4,92
44e89eca,RIDER_105,4,23,0,5,Medium,4.4,100
def26207,RIDER_002,7,12,0,7,Medium,5.0,100
a71094a2,RIDER_054,1,2,1,0,High,4.8,47
1bd784bc,RIDER_006,6,23,1,4,High,1.9,96
6aaa20ba,RIDER_107,8,16,0,2,Medium,5.3,82
96f07622,RIDER_123,1,17,1,5,Low,-2.2,40
4cf1a648,RIDER_002,8,5,0,8,Medium,2.6,100
c71c0b33,RIDER_111,7,12,1,9,Medium,2.0,72
ccd55f21,RIDER_002,1,15,1,2,Low,5.0,35
7a080436,RIDER_093,9,6,0,8,Medium,-0.8,100
4c118150,RIDER_101,3,13,1,8,Medium,-0.1,48
51830e39,RIDER_097,2,11,1,0,Low,-1.3,42
adb11693,RIDER_111,7,17,0,1,Low,4.6,70
f8f83d82,RIDER_006,3,9,0,10,Medium,-4.8,100
0a6352bf,RIDER_127,1,16,1,3,High,-1.6,56
6af16c09,RIDER_104,3,17,1,10,Low,-6.0,45
0a2dd928,RIDER_147,6,20,1,10,Low,-0.7,76
6c6cdffd,RIDER_001,3,24,0,6,High,2.1,100
011f613a,RIDER_033,5,18,1,1,Low,6.8,63
8c86e96f,RIDER_040,9,13,1,6,Medium,7.3,95
b36203e6,RIDER_032,7,11,1,4,Medium,-3.6,71
332d4e9c,RIDER_017,2,13,1,9,Low,0.5,46
d6e85322,RIDER_126,1,24,0,6,Medium,3.7,95
f8384de4,RIDER_008,7,13,1,8,High,0.7,79
01a65519,RIDER_057,4,12,1,8,Medium,-1.3,56
64dcfd2b,RIDER_042,7,14,0,2,High,-5.0,81
eca4f3e3,RIDER_098,6,13,0,2,Low,-2.4,55
6c6fbdd6,RIDER_137,7,9,0,6,High,7.1,100
a2312ee4,RIDER_120,4,14,0,4,Low,6.5,80
58c0ad07,RIDER_087,3,1,1,4,Low,12.8,44
fd78e1a7,RIDER_054,5,9,1,4,Low,5.6,57
8a11e423,RIDER_084,3,4,0,8,High,-1.9,100
bd18735b,RIDER_025,3,12,0,3,Medium,3.9,74
1a74788a,RIDER_067,4,24,1,5,Medium,4.2,76
91b7680d,RIDER_046,8,14,0,5,Medium,4.6,100
f2da649c,RIDER_022,2,9,0,6,High,1.4,92
d0944594,RIDER_139,4,3,1,1,High,0.9,63
3cc7e68f,RIDER_008,3,6,1,5,Medium,3.9,48
888b833a,RIDER_039,7,3,0,8,Medium,-1.4,100
d5d41192,RIDER_049,2,1,0,2,Low,6.4,32
92625b65,RIDER_046,1,22,0,1,Low,-2.3,45
689a1005,RIDER_038,1,21,0,7,Low,-2.7,91
e45cfeb2,RIDER_136,6,3,1,0,Low,0.4,46
ec32b813,RIDER_054,3,14,1,10,Low,4.2,52
7985f2b2,RIDER_092,7,20,1,7,Medium,6.1,96
06b6bf43,RIDER_040,8,2,0,4,High,3.8,100
3a7d605f,RIDER_034,5,12,1,8,High,-0.4,74
b56bdbf9,RIDER_096,5,10,1,8,Medium,1.4,64
d4e4f718,RIDER_079,2,13,0,3,Low,0.2,57
8c2ca881,RIDER_127,8,20,1,0,Low,6.2,90
e1c14317,RIDER_017,1,4,0,4,High,2.8,68
395a6ab2,RIDER_110,9,19,1,6,Low,7.6,91
9569cdc9,RIDER_052,1,22,1,8,Medium,5.1,67
069b7464,RIDER_118,1,1,1,9,Low,0.9,16
9dc27d28,RIDER_009,1,11,0,8,Low,1.5,87
a6cf1291,RIDER_033,7,16,1,8,Low,2.3,67
4e284690,RIDER_113,4,19,0,5,Medium,1.8,93
c154fee1,RIDER_149,7,19,1,1,Medium,5.1,85
80b23f84,RIDER_085,5,12,1,4,Medium,3.7,64
d1056153,RIDER_010,7,3,1,2,Medium,-0.2,62
d04a708b,RIDER_006,7,23,0,5,Low,10.2,100
fd35ff3f,RIDER_115,4,24,1,10,Low,2.8,61
7bcf7416,RIDER_121,2,18,1,4,Medium,-1.9,52
f510304b,RIDER_141,8,17,0,9,Low,4.5,100
d3e28040,RIDER_065,2,5,1,10,Low,-2.2,35
f1ce0827,RIDER_020,9,16,1,0,High,3.3,100
eba0974d,RIDER_057,5,24,1,9,Medium,1.8,77
2c6601e7,RIDER_046,9,14,0,9,Low,2.3,100
218578f2,RIDER_136,9,19,1,1,High,-1.4,99
da7d7dbf,RIDER_010,8,6,0,10,Medium,1.5,100
635542a5,RIDER_113,8,3,1,4,High,1.6,75
cd34789f,RIDER_139,4,6,1,5,Medium,2.0,53
5c61e83f,RIDER_012,4,12,1,0,Low,9.4,58
22347cef,RIDER_138,2,20,1,6,Low,-0.2,60
b5000d80,RIDER_011,4,11,0,2,High,2.9,71
1dbcfdfd,RIDER_118,4,7,1,0,Low,-3.2,42
31244f9a,RIDER_039,6,1,1,6,Low,-6.3,35
03aed4be,RIDER_053,3,16,1,6,Medium,0.7,47
d802b3b2,RIDER_056,2,16,1,9,Medium,7.7,60
c9049923,RIDER_104,8,17,1,2,High,-3.0,89
4cde67a0,RIDER_129,2,15,1,5,High,4.9,66
116b3d38,RIDER_056,8,21,1,3,Medium,6.7,93
002abed6,RIDER_118,7,9,1,3,Medium,7.7,68
7f138fea,RIDER_132,3,5,1,8,Medium,4.7,51
ab768731,RIDER_030,6,20,1,6,Medium,-1.2,73
abe23234,RIDER_012,6,8,1,5,Medium,-2.9,61
5600af97,RIDER_035,5,21,1,8,Medium,-5.5,71
8ff910e8,RIDER_077,8,1,1,2,Low,9.5,63
2fb03174,RIDER_102,5,7,0,3,Medium,5.5,83
d2bdc579,RIDER_087,7,11,0,8,High,4.6,100
ba933e58,RIDER_052,6,20,1,3,High,-7.5,83
1349e238,RIDER_080,7,21,1,6,Medium,4.5,90
7068c1ce,RIDER_135,9,13,1,8,Low,2.8,80
20a7075b,RIDER_022,3,22,0,3,High,3.3,99
81f6dfa6,RIDER_075,7,13,1,8,Medium,0.3,69
205372f8,RIDER_058,3,7,1,6,Medium,2.7,47
7c149b5b,RIDER_093,2,11,1,3,High,-2.2,57
54a55c16,RIDER_103,7,18,0,2,Medium,2.3,88
1b5805a8,RIDER_140,4,1,0,5,High,-3.1,84
31c32aa4,RIDER_007,1,12,1,2,Low,6.1,45
897425a1,RIDER_128,6,3,1,6,High,5.4,75
88fc0354,RIDER_055,6,1,1,0,Medium,4.9,62
dcaa17d4,RIDER_106,6,4,1,6,Medium,-4.0,54
42ee4060,RIDER_062,2,6,1,2,Medium,2.4,44
8005962c,RIDER_090,1,5,0,8,Medium,4.9,89
0a7ed5fa,RIDER_098,3,11,1,5,Medium,5.1,55
6fb16783,RIDER_077,2,20,1,6,Medium,9.1,69
28619acb,RIDER_119,6,23,1,8,Medium,-1.9,71
6adfbde3,RIDER_036,6,13,0,5,High,0.8,100
5e6f5d36,RIDER_089,5,11,1,9,Low,3.7,58
09894d28,RIDER_145,5,6,0,10,Low,2.7,100
13d89e1d,RIDER_130,9,19,1,1,High,5.4,100
84c496ab,RIDER_141,5,15,0,5,Medium,-5.4,95
bb2add59,RIDER_093,6,21,0,5,Low,0.7,100
7eb171a8,RIDER_114,4,13,1,1,Medium,0.7,55
8d786a4d,RIDER_028,1,10,1,6,Medium,5.1,45
8b191be0,RIDER_143,4,1,1,8,Medium,6.8,55
d2d0b80f,RIDER_033,2,13,0,9,Low,3.3,100
6a5c85a5,RIDER_020,3,6,1,3,High,10.0,71
227548e1,RIDER_140,7,21,0,10,Medium,1.7,100
41e9a692,RIDER_101,7,24,1,4,Medium,-0.5,77
174c8b98,RIDER_023,1,20,1,5,High,8.5,77
4ce1ab53,RIDER_112,8,12,1,0,Low,1.3,73
9d6dc127,RIDER_014,7,17,1,7,Medium,-1.0,79
b1b91c06,RIDER_091,1,18,1,8,High,6.1,69
6e7c28e6,RIDER_077,8,24,1,0,Low,-0.9,83
6226cca5,RIDER_085,2,8,1,3,Medium,4.2,49
f1558e6c,RIDER_109,8,14,0,5,High,7.5,100
a494bd67,RIDER_031,3,5,0,9,Medium,2.0,100
8851ae74,RIDER_122,7,22,1,0,Medium,7.2,94
4e6f7878,RIDER_107,6,2,1,2,Medium,3.7,57
4b359ca3,RIDER_054,5,22,1,6,Medium,-4.1,65
6f343932,RIDER_133,2,11,1,7,Medium,5.8,54
305cb634,RIDER_141,2,3,1,7,Medium,8.2,45
b428e5ab,RIDER_043,1,22,0,4,Medium,4.1,75
69a1f3cf,RIDER_089,9,16,1,0,Medium,0.7,83
19bb7f6e,RIDER_115,8,21,1,0,Medium,3.2,81
971390e1,RIDER_099,8,16,1,7,Medium,-0.0,77
ce0f6ad5,RIDER_047,1,9,1,4,Medium,7.7,49
134b90ee,RIDER_071,5,13,1,10,High,3.1,87
ea67f82d,RIDER_067,6,10,1,8,Low,3.5,61
0a5460cf,RIDER_062,2,17,1,0,Medium,1.5,55
42dc3007,RIDER_109,5,21,1,1,Medium,6.4,85
680958e7,RIDER_037,6,17,1,3,High,-1.5,80
73362bf9,RIDER_119,9,10,1,9,High,11.6,100
a4076716,RIDER_086,1,8,1,10,Medium,2.3,37
380f89c2,RIDER_126,3,7,1,6,Medium,3.0,54
1c4878bf,RIDER_136,9,14,0,3,Medium,-1.6,100
aca9ecf2,RIDER_052,1,22,1,7,Medium,8.8,64
6e55405d,RIDER_091,1,18,1,6,Low,4.0,50
cb5c7fdd,RIDER_033,1,21,0,4,Medium,5.3,81
52d53bd7,RIDER_081,7,19,0,6,Low,-0.1,100
ba272cea,RIDER_042,5,18,1,7,Medium,7.6,77
2d1fec3e,RIDER_112,6,14,1,2,Medium,-0.3,67
8ffa2b4a,RIDER_126,8,10,0,2,Medium,5.8,81
be82ce81,RIDER_136,2,1,1,1,Medium,0.6,33
f45750d0,RIDER_106,2,9,1,3,Low,-2.7,35
9f8401e1,RIDER_125,3,18,1,10,Medium,0.2,61
35963f6d,RIDER_113,3,13,1,3,Low,-2.5,50
f233435c,RIDER_064,3,17,1,3,Low,1.9,51
e9fa3632,RIDER_123,4,23,1,1,Medium,8.4,87
36af1458,RIDER_114,3,22,1,6,High,9.3,89
132e0eec,RIDER_020,2,16,0,9,High,12.0,100
a10fc927,RIDER_016,9,24,1,2,High,1.1,100
1ee27dc8,RIDER_145,6,11,1,9,Low,1.7,52
652efa4c,RIDER_019,3,23,1,0,Medium,3.1,66
8afc0068,RIDER_120,9,9,0,1,Low,-4.5,69
95792c72,RIDER_136,4,7,1,4,Low,-0.2,38
9729c1e0,RIDER_038,4,22,0,8,High,-0.3,100
ae6d7062,RIDER_093,8,1,1,3,Medium,-1.5,58
4330cc7a,RIDER_105,7,9,0,5,Medium,0.7,100
c8bbb8ec,RIDER_100,7,10,0,2,Medium,-3.7,63
79273c8a,RIDER_090,7,16,0,8,Low,2.4,100
a735e6c8,RIDER_044,5,21,1,1,Low,-4.3,55
58ca3000,RIDER_076,7,18,1,7,Medium,-0.4,72
1dc34440,RIDER_145,4,14,1,10,Low,-4.7,50
22bd87e7,RIDER_079,8,11,1,2,Medium,6.6,81
ffc3a6b6,RIDER_073,9,24,1,7,Medium,10.0,100
84522fa2,RIDER_140,3,4,1,2,Low,-0.1,38
3c845df3,RIDER_096,7,19,0,10,High,-1.4,100
a7422d20,RIDER_089,9,13,0,3,Medium,4.6,100
38f1d916,RIDER_103,1,1,1,7,Medium,-0.5,23
c90428c7,RIDER_146,2,21,1,9,Low,-2.8,53
bc8e1ee6,RIDER_006,7,19,0,3,Medium,-4.9,97
5c0d1e0d,RIDER_122,2,15,1,10,Low,-3.0,42
e161c9cc,RIDER_116,7,20,1,8,Medium,6.7,84
1d4eb8b5,RIDER_062,1,15,1,8,Medium,6.9,50
0bafaed1,RIDER_144,3,11,1,5,Medium,-0.0,39
2ca952a3,RIDER_136,5,23,1,0,High,3.8,91
1db18357,RIDER_089,6,5,0,8,Medium,7.2,100
ba6cb9b2,RIDER_096,9,24,1,8,Medium,-3.2,94
c2f96b06,RIDER_126,9,22,1,6,Low,3.0,87
c90c5efc,RIDER_090,3,10,1,8,High,-5.1,56
17324cd3,RIDER_086,8,18,0,7,Low,1.2,100
bc23e07c,RIDER_138,4,7,0,8,Low,5.1,100
25fbef11,RIDER_121,7,1,1,8,Low,7.6,54
950a0d1b,RIDER_076,6,3,0,6,High,4.6,100
7772bb53,RIDER_092,8,1,1,5,Low,-7.0,49
5738b814,RIDER_070,6,17,1,1,Medium,-2.4,70
979bde94,RIDER_148,4,15,0,6,Medium,1.0,99
dfbdcc7c,RIDER_133,2,5,1,0,High,3.0,57
d5a5c8f3,RIDER_023,7,22,1,5,Medium,2.7,85
89d38ea8,RIDER_137,4,16,0,5,Medium,-0.8,92
86275a69,RIDER_058,9,12,1,6,High,6.0,100
9e74a4d8,RIDER_046,9,19,1,1,Low,2.3,79
84d9ee1d,RIDER_022,7,14,1,3,High,-2.5,83
85c9f82c,RIDER_008,5,3,1,1,Low,-0.3,36
6ae9d50d,RIDER_123,3,19,1,3,High,12.9,91
31518f61,RIDER_020,3,1,1,2,Low,7.2,43
66420641,RIDER_078,9,21,0,1,Medium,5.7,94
9120de5e,RIDER_039,9,1,0,1,Low,3.3,68
6cb0314e,RIDER_037,4,10,1,2,Low,-2.0,45
3db7e709,RIDER_075,1,3,1,9,Medium,1.7,35
221bdf0e,RIDER_118,5,13,0,3,Medium,-0.6,74
699bcb8f,RIDER_104,8,6,0,6,High,1.5,100
29cadc7e,RIDER_031,4,11,1,3,Low,-1.7,50
7a8982bc,RIDER_123,4,6,0,10,Low,4.2,100
520c2186,RIDER_054,9,3,1,6,High,-1.1,73
ebc66891,RIDER_034,9,16,0,3,Medium,-0.7,100
67f4c700,RIDER_122,7,9,1,2,Medium,3.8,74
46177eb5,RIDER_113,8,8,0,7,Medium,9.9,100
caa5170f,RIDER_062,4,3,1,2,Low,-2.2,39
d942755a,RIDER_023,8,5,0,10,Medium,-0.7,100
9b730899,RIDER_046,6,21,1,7,Medium,2.2,78
3d8b0a96,RIDER_056,3,14,1,1,Medium,0.1,52
5a560294,RIDER_135,7,5,0,2,Medium,-6.8,57
5d81f684,RIDER_118,3,19,0,3,Low,8.4,82
88ab4dfb,RIDER_131,7,5,1,2,High,-2.2,68
b8be2e70,RIDER_113,5,21,1,5,High,3.3,85
d5a5fa13,RIDER_044,4,20,0,8,Medium,5.0,100
ecf15fef,RIDER_128,3,20,0,9,Low,-2.4,100
e0847a6e,RIDER_108,8,2,1,7,Low,3.1,56
83d9f072,RIDER_017,4,7,1,3,Medium,4.6,60
7cd567e3,RIDER_059,8,1,0,1,Medium,-6.2,62
87051b76,RIDER_138,3,21,0,9,Medium,1.3,100
dda5e8af,RIDER_099,9,18,1,0,Low,3.6,80
9f818a81,RIDER_084,6,10,0,10,Medium,5.9,100
5b420289,RIDER_146,5,6,0,3,Medium,-5.0,72
2f68b851,RIDER_045,5,7,0,4,Low,2.4,70
17e4409a,RIDER_108,3,12,0,1,Medium,5.7,59
a8663b27,RIDER_062,2,18,0,2,Medium,3.3,57
6dc7909b,RIDER_059,6,11,0,3,Medium,5.0,94
22193496,RIDER_138,1,22,1,2,Low,4.9,58
95e237c9,RIDER_011,7,19,1,7,High,-1.6,96
861fdade,RIDER_102,5,4,1,10,Medium,5.7,51
b210c998,RIDER_070,4,19,0,1,High,5.0,86
8e12f970,RIDER_123,9,13,1,8,High,0.0,89
553211cf,RIDER_034,1,19,1,10,Low,1.7,42
2a2e14da,RIDER_101,4,2,1,5,Medium,5.3,57
ece51166,RIDER_145,3,9,1,0,Low,7.1,45
f5594a13,RIDER_104,6,8,0,7,Medium,1.3,100
0206bf22,RIDER_040,5,21,0,9,High,3.6,100
579dd8f4,RIDER_019,7,14,1,5,Medium,7.4,72
6b2d34f3,RIDER_067,1,9,1,3,Low,-0.0,24
50f667d7,RIDER_082,5,13,1,5,Low,8.2,56
186795e1,RIDER_064,2,18,1,1,Low,-1.5,43
92d347da,RIDER_083,2,6,1,0,Medium,1.3,35
addd35f0,RIDER_047,2,23,1,5,High,5.1,83
9486ee23,RIDER_006,9,22,1,7,Medium,6.8,100
a342fd66,RIDER_016,3,3,1,4,Medium,2.8,40
9996a3da,RIDER_146,4,10,1,7,Medium,-5.4,48
c5b93410,RIDER_039,5,10,1,2,Medium,1.2,56
c9bc0e40,RIDER_113,4,10,1,5,Medium,1.1,53
61c3b007,RIDER_140,4,9,1,0,High,1.5,70
ab04f786,RIDER_138,5,12,1,2,Low,6.9,60
8aa558be,RIDER_071,9,24,1,3,Medium,-2.5,92
ba726dc3,RIDER_110,9,8,1,4,Medium,1.7,73
e270f060,RIDER_055,6,24,0,2,Medium,1.3,83
a79b621f,RIDER_129,3,9,1,7,Low,1.1,43
bc7fb335,RIDER_049,6,17,1,4,Medium,-1.7,75
e51e1cbb,RIDER_021,4,8,0,6,Medium,2.9,97
1a2ebd59,RIDER_037,3,18,1,4,High,0.5,61
f916f4d3,RIDER_116,6,20,1,7,Medium,-0.7,67
b7b8a230,RIDER_024,6,17,1,0,Medium,0.0,71
5e5919be,RIDER_055,2,6,1,2,Medium,-0.3,40
7b12dfea,RIDER_025,9,10,1,2,Medium,-1.8,74
32a55d6d,RIDER_135,8,1,1,9,High,-1.1,76
4524eda9,RIDER_127,6,21,0,9,Medium,-3.9,100
7cafe51b,RIDER_093,1,1,1,2,Low,9.0,31
e0c798d1,RIDER_094,2,9,0,5,High,2.8,85
4ffd7dd6,RIDER_071,4,20,0,8,Low,1.6,100
0852f924,RIDER_122,7,3,0,5,Low,6.0,89
93b476ae,RIDER_024,9,24,0,4,Low,3.1,100
6af053cc,RIDER_011,5,6,1,0,Medium,4.5,60
035ed56b,RIDER_073,2,7,0,1,High,2.7,58
4305af8e,RIDER_012,1,9,1,10,Low,9.0,40
11196650,RIDER_035,1,5,1,0,Medium,12.3,51
214808a1,RIDER_141,5,16,1,5,Medium,9.5,80
834cd81e,RIDER_023,7,2,1,2,Medium,-10.4,62
17af20e9,RIDER_083,9,3,0,4,Low,-0.4,87
f11ca94b,RIDER_088,9,3,1,5,Low,-0.2,53
a1382452,RIDER_080,8,20,1,4,Medium,7.4,100
70160572,RIDER_097,1,23,1,2,Medium,0.4,62
81e8ea68,RIDER_140,5,10,0,1,Low,0.7,52
416b5321,RIDER_034,6,22,1,1,Low,0.1,73
a710cc50,RIDER_075,6,3,0,1,Low,0.7,41
881566c2,RIDER_128,4,15,0,9,Medium,1.9,100
b6724ab0,RIDER_141,1,14,1,3,Low,4.3,46
b6c9cd87,RIDER_031,3,23,1,3,High,1.6,79
89f011a3,RIDER_130,4,4,0,2,Medium,1.4,44
c205e63e,RIDER_103,4,10,1,7,Medium,0.1,49
be199771,RIDER_015,4,11,1,3,Medium,2.9,59
218f1e37,RIDER_057,5,11,1,7,Low,-5.5,53
9ab264fc,RIDER_075,9,8,1,10,Medium,-4.9,68
e9acf718,RIDER_034,4,23,1,2,High,-2.0,78
974f6229,RIDER_103,9,23,1,10,Low,4.5,99
8a08c236,RIDER_075,9,9,1,1,Low,-4.7,68
d4671262,RIDER_029,1,8,1,7,Low,5.8,36
938dcd18,RIDER_016,5,12,1,5,Medium,2.5,67
549c9c68,RIDER_077,9,17,0,1,Low,-2.4,78
53b8c10a,RIDER_037,4,23,0,6,Medium,4.0,100
e4438666,RIDER_081,5,15,1,9,Medium,-1.7,64
2e906139,RIDER_149,4,19,1,6,Medium,2.0,64
3906fa5e,RIDER_124,2,20,0,3,Low,-0.1,71
49e824c2,RIDER_019,2,6,1,7,Medium,6.0,45
e98abcd0,RIDER_102,2,5,0,2,Low,5.3,41
58316526,RIDER_136,1,8,1,8,Low,6.0,41
3f0c3ce2,RIDER_077,3,18,0,10,Medium,7.0,100
47ee5f4a,RIDER_041,1,21,1,4,Medium,4.9,53
d04aee55,RIDER_061,4,21,1,2,High,3.2,85
5380703f,RIDER_026,1,15,0,8,High,-5.4,100
07e671d6,RIDER_071,4,3,0,1,Medium,2.1,49
358fa5fb,RIDER_103,3,14,1,1,Medium,-6.1,47
26cf9982,RIDER_070,9,15,0,2,Medium,-3.1,82
23eace07,RIDER_107,1,13,1,8,Medium,5.1,57
022c3279,RIDER_107,8,21,0,10,Low,-2.8,100
26c0850b,RIDER_103,9,20,1,9,Medium,3.9,98
e201acf8,RIDER_019,7,21,1,2,High,1.2,95
931e436e,RIDER_068,1,9,0,4,Medium,1.2,68
4f75adc1,RIDER_070,4,23,1,8,Medium,0.6,67
a5350eb9,RIDER_113,1,17,1,9,Medium,4.0,60
009d069f,RIDER_057,4,19,1,5,Medium,0.7,65
5b0c1d70,RIDER_061,3,4,1,5,Medium,0.3,46
2871da65,RIDER_092,2,20,0,10,Medium,3.6,100
48a33cbc,RIDER_030,1,10,1,0,Medium,1.7,44
b320593d,RIDER_127,6,22,0,10,High,-2.6,100
d78fce9f,RIDER_115,7,3,1,1,Medium,1.6,54
092ad41e,RIDER_006,6,19,1,8,Medium,-3.2,69
0880d8d4,RIDER_018,9,9,1,7,Medium,2.0,75
729ec913,RIDER_010,9,5,1,1,Medium,6.9,85
24082d0e,RIDER_092,2,14,1,4,High,-1.8,56
0e79223b,RIDER_139,2,7,1,4,Medium,5.4,44
7ef3b1e7,RIDER_077,9,21,1,5,Medium,4.5,92
6b53de16,RIDER_101,1,6,0,3,Medium,-4.1,59
572f3d78,RIDER_084,5,24,1,8,Medium,2.4,77
1d66086a,RIDER_052,1,8,0,4,High,6.7,84
fe75e282,RIDER_031,7,2,1,3,Low,-0.4,52
b5a82bc6,RIDER_145,9,14,1,8,Medium,-0.6,86
b3e2caeb,RIDER_110,6,22,1,1,High,-1.3,96
1d91de54,RIDER_093,2,7,1,10,Low,3.0,43
975ea221,RIDER_053,6,3,1,10,Low,-4.5,44
f32b33fd,RIDER_145,9,20,0,1,Low,-2.8,77
26f7f253,RIDER_086,3,22,1,2,High,-1.5,74
4c788e96,RIDER_002,9,23,1,9,Low,-5.6,76
c7511be7,RIDER_086,8,6,1,3,Low,-4.6,52
3f9e2dbd,RIDER_133,7,21,1,9,Medium,-1.6,82
af8ff28a,RIDER_004,8,14,1,8,Medium,0.6,70
602be54a,RIDER_006,6,12,0,4,Medium,7.1,96
61d391df,RIDER_149,3,18,1,1,Low,6.2,60
5ade4f8d,RIDER_118,7,12,0,2,High,3.8,82
82994c25,RIDER_089,4,7,1,7,Low,10.5,54
642a5a8b,RIDER_014,5,5,1,5,Low,1.7,43
5aab8958,RIDER_056,8,12,1,4,Medium,5.2,71
a29ab287,RIDER_081,7,9,1,3,Medium,0.3,65
3df14206,RIDER_149,7,11,1,3,Medium,4.6,73
2bbd8c3e,RIDER_046,8,4,1,7,High,-0.6,74
5415fc09,RIDER_144,3,14,1,5,Medium,-5.5,47
8eeb2b9a,RIDER_016,3,12,0,4,High,0.9,86
53ffcaf1,RIDER_120,2,18,1,4,Low,7.2,54
18df7019,RIDER_084,1,7,0,5,High,-5.1,76
3840a267,RIDER_008,6,23,1,10,Low,-2.1,67
425dc0f0,RIDER_088,6,1,0,10,Medium,3.0,100
a68c5057,RIDER_131,8,13,1,2,Medium,4.3,82
6a27d331,RIDER_019,6,16,1,6,Medium,5.8,76
9481439f,RIDER_097,6,5,1,0,High,6.1,76
efcfb10c,RIDER_066,1,19,1,4,Medium,2.0,58
35934035,RIDER_079,7,9,1,5,Low,-3.0,54
f2b5b061,RIDER_086,7,23,1,1,Low,5.9,83
f77b6690,RIDER_124,9,9,1,1,High,-1.5,91
45110381,RIDER_150,7,12,0,8,Medium,-1.9,100
a2c4fde1,RIDER_046,8,18,0,1,Medium,8.4,92
43418317,RIDER_113,4,24,0,2,High,0.7,88
23b1ea6a,RIDER_091,9,10,1,0,High,3.0,96
7ca59263,RIDER_141,1,17,1,8,Medium,5.7,58
50729242,RIDER_033,8,19,1,0,Medium,2.4,84
60bba147,RIDER_133,3,24,0,3,Low,2.4,75
2d08a631,RIDER_077,1,11,1,6,Medium,8.4,61
814f3ce6,RIDER_121,2,16,1,1,High,-1.9,67
96eb7f91,RIDER_128,6,8,1,7,High,2.6,75
784eb6ea,RIDER_078,5,24,0,7,Medium,3.6,100
0672c5ae,RIDER_067,3,15,1,2,Medium,-6.7,58
a54018d9,RIDER_115,9,11,0,3,Medium,-0.8,93
077d036d,RIDER_063,8,7,1,10,High,-3.1,78
6926b586,RIDER_113,3,2,1,6,Low,5.6,42
217ced3a,RIDER_094,2,19,0,4,Medium,2.4,80
695b66d2,RIDER_048,8,9,0,4,Medium,1.4,100
999dfb23,RIDER_012,5,18,1,1,High,1.1,79
86a58c20,RIDER_145,9,13,1,5,Low,6.4,77
c65e5c87,RIDER_040,1,23,1,3,High,1.5,65
c799b889,RIDER_085,3,1,0,4,Low,3.2,59
46046cfa,RIDER_057,5,19,1,10,Low,-1.3,61
883fd7a6,RIDER_087,2,13,1,4,Medium,5.5,53
6282796c,RIDER_084,3,14,0,1,High,6.2,73
d4d65380,RIDER_121,4,17,1,7,Medium,-4.5,62
c916641c,RIDER_074,4,22,1,10,Low,-0.1,70
10df2b16,RIDER_107,9,20,1,0,Low,-1.9,80
a593a59e,RIDER_124,1,1,0,1,Low,2.8,26
42e7eb73,RIDER_100,9,5,0,6,Low,2.5,100
cf5d3d6a,RIDER_043,9,20,1,6,Medium,4.5,100
777bedaf,RIDER_119,6,14,0,1,Medium,-0.7,58
58290da4,RIDER_023,1,18,1,0,Medium,1.6,47
90cb0d88,RIDER_037,6,13,1,9,Low,0.3,54
e593462e,RIDER_134,8,23,1,0,High,-3.6,100
3f9d3afe,RIDER_065,5,12,1,0,Medium,-2.6,58
28561911,RIDER_134,5,15,0,5,Medium,-5.8,99
dc885c92,RIDER_022,1,24,0,9,Medium,7.0,100
78124ebf,RIDER_105,1,4,0,6,Low,-3.0,64
63e31236,RIDER_088,8,9,1,1,Low,0.4,57
f702c3cf,RIDER_125,5,3,1,5,Low,8.2,56
1b8e0942,RIDER_079,8,22,1,3,Medium,-0.2,81
1eb158e8,RIDER_090,2,11,0,8,Low,5.4,94
66d17736,RIDER_051,4,15,0,10,Medium,0.3,100
9ace1a08,RIDER_102,9,16,1,7,Medium,3.1,82
c7830b88,RIDER_106,3,7,1,7,Medium,0.9,46
6f280c7b,RIDER_060,6,7,0,1,Medium,-3.0,56
b772dd82,RIDER_046,7,22,1,10,Low,9.6,84
3afcc20e,RIDER_036,3,9,0,4,Medium,5.9,75
ce956b3a,RIDER_011,1,17,1,1,Medium,1.1,46
08c0b98f,RIDER_012,2,13,0,2,Medium,-1.8,51
bc0d87e1,RIDER_039,7,9,1,7,Medium,-1.5,65
13aa9313,RIDER_139,7,9,1,4,Medium,0.7,67
375eb53f,RIDER_036,1,20,0,3,Medium,-1.8,76
2e37017e,RIDER_052,7,12,1,4,Medium,1.9,75
4896df83,RIDER_031,6,21,1,7,High,7.0,100
26f99541,RIDER_033,6,19,0,9,Medium,-0.1,100
8823bcab,RIDER_141,7,23,1,6,Medium,7.3,90
57768503,RIDER_146,7,15,0,5,Medium,-2.4,100
9ba37a94,RIDER_058,1,18,1,1,Medium,6.1,58
822afcbc,RIDER_128,5,8,1,9,Low,6.4,48
1d5196e4,RIDER_031,8,6,1,4,Medium,6.2,74
204733f3,RIDER_055,8,6,1,9,Low,3.7,68
f76aedec,RIDER_010,3,3,0,8,Medium,1.7,86
c4d36d61,RIDER_130,3,3,0,8,Low,5.7,85
d56e9a81,RIDER_015,7,2,1,8,Medium,2.6,56
49277243,RIDER_003,4,5,1,2,Low,2.4,40
2f0e549f,RIDER_043,6,20,0,8,High,-1.9,100
4e55b8da,RIDER_067,9,12,1,8,Medium,-1.7,85
0abf8dd6,RIDER_056,2,6,1,4,High,4.0,60
0f48f910,RIDER_063,2,16,1,5,Medium,0.6,53
82b270b7,RIDER_015,6,5,1,6,High,4.9,74
19bcd6c6,RIDER_109,3,6,1,9,Low,5.8,44
2e01586c,RIDER_116,1,4,1,9,Medium,-3.4,35
b48a2251,RIDER_092,2,14,1,9,Medium,-0.9,53
f99b4b9c,RIDER_138,7,3,0,5,Low,-1.1,79
c6a71534,RIDER_047,4,17,1,4,Medium,8.1,75
24aa184f,RIDER_057,2,5,1,0,Low,1.4,32
af7ea3a9,RIDER_050,8,22,1,3,Medium,3.4,94
ee9ca07a,RIDER_071,4,21,0,7,Low,-1.2,100
69f99fa0,RIDER_143,4,21,1,7,Low,2.2,62
8c4ad484,RIDER_146,2,6,1,5,Low,-0.3,30
1975bc60,RIDER_082,1,20,0,2,High,-5.2,57
086359b7,RIDER_116,1,4,1,7,Medium,-0.4,27
ecb6e133,RIDER_105,3,13,1,6,High,2.9,69
52ef1bf5,RIDER_088,6,8,0,10,High,15.6,100
ee85d6cb,RIDER_002,7,11,1,8,Medium,-3.2,74
c72f0f6a,RIDER_104,9,24,1,2,Medium,1.6,85
a2e19c1c,RIDER_084,5,19,1,10,High,3.0,83
41462c6e,RIDER_043,9,23,0,5,Medium,5.3,100
5aeb81e7,RIDER_071,8,5,1,0,High,0.5,81
7e17b6f3,RIDER_094,1,5,0,7,Medium,-0.3,77
3194dcc0,RIDER_042,3,3,0,1,Medium,5.0,46
e7cca67f,RIDER_133,8,2,1,4,Low,4.9,61
37ba18e3,RIDER_139,9,3,0,5,Low,5.5,92
f6a1a7fe,RIDER_065,4,15,1,3,Medium,4.7,64
15f66fe2,RIDER_034,6,7,1,8,Medium,-4.3,56
1d81b291,RIDER_120,4,3,0,2,Low,4.9,45
1a1cc7ec,RIDER_001,9,15,1,1,Low,2.6,79
e3a857fe,RIDER_130,2,11,1,2,Medium,-6.9,42
8c9ddde5,RIDER_148,6,16,0,4,Medium,4.4,100
1faf3463,RIDER_061,3,13,1,0,High,0.3,64
5c1c6fa6,RIDER_149,4,2,1,9,High,6.1,63
c3b0fb5c,RIDER_088,2,20,0,3,High,1.1,93
671549dc,RIDER_068,8,12,1,0,Medium,4.3,79
f5efe959,RIDER_127,8,21,0,8,Medium,3.9,100
c5bb79ba,RIDER_140,1,7,0,2,High,-2.3,44
12986555,RIDER_022,6,1,1,1,Low,7.3,57
c2382550,RIDER_148,1,14,1,4,Low,-1.3,40
13849417,RIDER_082,6,24,1,0,Low,-1.7,66
e0741038,RIDER_129,7,10,0,9,High,6.0,100
21d30450,RIDER_030,2,3,1,6,Medium,2.7,45
d7b61024,RIDER_126,9,11,1,8,Medium,10.7,95
e620e04c,RIDER_097,8,22,1,0,High,-2.5,88
3ef686b8,RIDER_024,9,20,1,7,Medium,4.7,97
b9d7f611,RIDER_014,4,21,0,7,High,3.8,100
6819abf7,RIDER_036,4,15,1,6,Medium,7.1,71
4899b70b,RIDER_024,8,6,0,9,Medium,7.8,100
0a280a62,RIDER_095,1,18,0,3,Medium,5.0,72
feef67a2,RIDER_055,8,13,0,6,Low,4.1,100
d66f772b,RIDER_024,7,15,1,1,Low,2.0,72
3dc094e2,RIDER_026,7,3,0,5,Low,2.1,90
e25f6c03,RIDER_080,9,15,0,10,Medium,5.6,100
12cbc4f9,RIDER_065,7,24,1,4,Low,4.4,82
4ad125c2,RIDER_075,2,24,1,4,Medium,4.3,69
7ade8242,RIDER_043,1,1,0,10,Medium,1.7,97
fc01d7fc,RIDER_029,1,10,1,7,Medium,-3.5,40
af9863a6,RIDER_081,7,24,1,0,Medium,-0.5,86
01f6a249,RIDER_054,5,18,1,7,Low,-0.3,56
2bf11bd9,RIDER_039,4,8,1,3,High,3.0,73
f9acb5ee,RIDER_042,5,12,1,9,Low,6.4,61
710f51ec,RIDER_029,6,5,1,5,Medium,1.7,55
52f3dce9,RIDER_131,6,1,1,5,High,-1.5,59
998bea92,RIDER_138,1,8,1,0,High,-5.2,42
3a38f451,RIDER_142,2,5,1,7,Medium,0.3,40
ceb7b1cd,RIDER_042,3,17,1,3,Medium,-1.9,53
c7f0cce5,RIDER_094,4,15,1,8,Medium,5.3,67
d26f2f38,RIDER_032,6,4,0,6,Medium,4.8,100
e41cdfaa,RIDER_026,9,13,1,10,Low,-1.1,60
0bf3876a,RIDER_115,2,17,0,3,Medium,3.4,75
9e2e841e,RIDER_129,8,13,1,0,High,2.4,98
54d0dc2b,RIDER_056,9,2,1,8,Medium,-2.1,68
a4c502f9,RIDER_122,2,24,1,9,Medium,3.5,67
b97a056e,RIDER_106,9,4,0,5,Low,2.3,94
6a4501d8,RIDER_130,7,2,0,5,Low,5.3,77
138332b2,RIDER_081,9,12,1,0,Medium,1.6,80
8b35b051,RIDER_120,6,19,0,4,Low,7.8,100
db38b544,RIDER_052,2,18,1,3,High,-0.3,61
7696fe5d,RIDER_091,8,10,1,10,High,-3.6,79
bc85e322,RIDER_137,9,5,1,0,Medium,2.8,71
fa3a345a,RIDER_022,8,11,1,6,High,6.8,95
0da09e5d,RIDER_034,2,1,0,3,Low,-2.4,38
56521549,RIDER_110,8,3,0,2,High,1.0,68
fd26dd62,RIDER_049,3,17,1,1,Medium,4.4,66
23db88f2,RIDER_129,3,15,1,7,Medium,-6.8,52
71f0d6a4,RIDER_073,9,14,1,4,Medium,10.8,100
c28e6b27,RIDER_084,9,24,1,9,Medium,3.1,92
e1067d99,RIDER_053,9,15,1,8,Medium,0.3,81
8a08bbc6,RIDER_100,4,16,1,4,Medium,5.4,72
76c0eed3,RIDER_124,7,4,1,9,Medium,2.2,67
98d18afe,RIDER_045,8,19,1,0,Low,-0.1,74
f3c44514,RIDER_137,5,24,0,9,Medium,5.1,100
395d7df7,RIDER_105,1,8,0,4,Medium,3.5,60
8a6a465f,RIDER_150,9,6,1,4,Low,-5.7,62
0104722c,RIDER_146,6,16,1,7,Low,0.6,65
6bdf59b3,RIDER_106,3,3,1,5,Low,-0.2,28
58977eb3,RIDER_043,3,8,1,10,Medium,0.6,50
138b3bcb,RIDER_134,1,5,0,4,Medium,3.3,57
062452c0,RIDER_048,8,5,0,7,High,-6.9,100
c793fc54,RIDER_126,2,12,1,0,Medium,5.9,58
d978305a,RIDER_007,1,1,1,4,Medium,-0.2,32
ea8b2015,RIDER_016,7,7,0,2,High,5.1,83
cce5a1ab,RIDER_129,9,24,1,4,High,-0.2,100
8d41a011,RIDER_115,6,11,1,2,Low,0.7,53
c632f879,RIDER_037,8,10,0,3,High,9.5,100
71ed5e7d,RIDER_125,8,3,1,10,Medium,-2.1,60
8322819b,RIDER_081,9,8,1,8,Medium,-0.1,79
f9711ae5,RIDER_062,7,1,1,1,Medium,-0.6,54
d9b1cee9,RIDER_072,9,8,0,9,Medium,8.4,100
16dcbd5b,RIDER_125,9,23,1,0,Medium,-3.3,92
bd17c13f,RIDER_066,1,20,1,3,Low,5.5,50
e067fec1,RIDER_030,6,11,1,7,Low,-4.5,58
516c62f0,RIDER_020,8,7,1,4,Medium,-3.1,68
ee04c955,RIDER_082,9,16,1,8,Low,-1.2,73
09bee433,RIDER_107,4,7,1,9,Medium,0.6,47
d7a043a3,RIDER_132,2,13,1,2,High,6.1,71
90e18d19,RIDER_037,9,10,1,8,Medium,1.0,77
e36188d8,RIDER_132,9,17,1,0,High,4.1,100
be817b11,RIDER_077,8,3,1,1,Medium,-0.6,62
f1b9a79e,RIDER_089,3,7,1,8,Low,2.3,42
84f153c0,RIDER_146,5,11,1,8,High,6.1,75
be5f40b1,RIDER_088,2,13,0,9,Low,4.5,100
47e978e1,RIDER_033,3,5,1,4,High,4.2,62
76d7cfe6,RIDER_058,1,23,1,9,Medium,-5.4,58
9a884dce,RIDER_028,4,19,0,3,High,-0.5,89
c34f86f4,RIDER_035,5,15,0,8,Low,2.5,100
9c76c4d2,RIDER_125,2,1,0,9,High,1.1,100
d5148797,RIDER_138,3,5,1,1,Medium,-0.1,34
e575cda5,RIDER_065,6,13,1,2,Low,-1.5,54
52e56d53,RIDER_042,6,10,0,7,High,5.9,100
f3a88a2d,RIDER_085,7,5,1,0,High,3.4,87
eb47b4f4,RIDER_137,9,23,1,1,Medium,5.5,98
2af0d248,RIDER_111,4,1,0,4,Medium,11.5,83
6745f162,RIDER_015,5,10,0,6,Medium,-5.4,97
8ab927c1,RIDER_069,2,18,0,9,Medium,3.1,100
e41bd3e8,RIDER_105,6,22,0,8,High,1.1,100
28188f98,RIDER_150,4,8,1,2,Medium,6.7,60
143d83d7,RIDER_064,5,20,0,10,Low,6.0,100
8c9dca8f,RIDER_041,7,3,1,3,Medium,1.4,60
239361db,RIDER_071,6,19,0,9,Medium,2.5,100
a667329f,RIDER_056,8,19,1,0,Medium,6.1,85
cf20202e,RIDER_025,6,2,1,0,Medium,4.9,59
bf1af596,RIDER_105,8,17,1,0,Low,9.3,85
459f69e1,RIDER_134,4,16,1,3,Low,3.1,57
9c8136c5,RIDER_119,7,21,1,8,Medium,0.7,75
609e6cfc,RIDER_009,3,10,1,7,Medium,-1.5,49
3a2652d4,RIDER_060,1,21,1,3,Medium,2.8,50
4c08c987,RIDER_125,9,16,1,7,High,-1.7,90
b41595c5,RIDER_049,9,5,1,6,Medium,2.5,70
c54410ba,RIDER_051,6,20,1,5,Medium,8.9,89
27112d53,RIDER_070,2,3,1,9,Medium,5.9,47
a36b8af3,RIDER_037,8,3,0,1,Medium,-3.5,63
3b1bf40b,RIDER_031,6,2,1,2,Low,-5.3,42
3ccb0ca5,RIDER_062,7,21,1,3,High,-4.8,95
e3b0b1cd,RIDER_093,1,4,1,6,Low,-0.4,22
8656fdda,RIDER_014,3,22,0,7,Medium,0.7,100
003602c4,RIDER_079,1,18,0,10,Medium,6.5,100
b87395a5,RIDER_008,1,2,1,7,Low,5.2,20
3c40f6ad,RIDER_036,1,24,0,3,High,4.3,94
c2d88326,RIDER_048,4,6,0,8,Low,-0.4,89
6b35a3a1,RIDER_085,7,3,0,7,Medium,-0.3,100
94a2c688,RIDER_028,7,21,1,10,Medium,-0.7,80
e9752817,RIDER_051,5,3,0,4,High,7.6,98
97118001,RIDER_104,6,2,1,2,Low,-0.5,39
f5ac5f70,RIDER_101,2,3,0,1,Medium,-3.9,35
6b565e15,RIDER_029,5,17,0,8,Low,1.3,100
bf7b3cc1,RIDER_127,7,14,1,0,Medium,8.2,82
36880653,RIDER_082,9,7,1,6,Medium,1.7,74
f4427880,RIDER_010,6,22,0,10,Low,1.8,100
6246b280,RIDER_106,4,21,1,6,Low,-3.3,55
00a4fc1e,RIDER_001,3,6,1,0,Low,4.2,36
87dbf41c,RIDER_039,9,8,1,6,High,6.0,97
708b7bcc,RIDER_021,7,19,1,0,High,1.3,93
c1679f25,RIDER_065,6,19,1,1,Medium,5.0,83
4c97cd7d,RIDER_015,7,12,1,8,High,-10.0,78
a4088460,RIDER_132,8,5,1,7,Medium,8.4,77
7ff49e5f,RIDER_061,5,5,1,8,Medium,2.4,56
b4fd8ea4,RIDER_148,3,14,0,8,Medium,-0.8,100
c96ceea3,RIDER_138,3,17,0,3,Medium,0.4,78
e1190790,RIDER_087,2,16,1,4,Low,10.7,56
777e666f,RIDER_105,8,4,0,9,Medium,2.9,100
cc2740eb,RIDER_034,1,8,0,6,High,3.5,88
63e66e9f,RIDER_124,8,3,0,5,High,2.2,100
b3d87ccb,RIDER_110,3,21,0,8,Low,-0.2,100
5545fe52,RIDER_033,9,5,0,1,Medium,-3.8,62
4948837e,RIDER_098,2,23,0,7,Low,5.0,100
f5bd46fd,RIDER_061,9,24,1,1,Low,0.6,84
95b906c3,RIDER_010,6,7,1,1,Low,1.6,53
43422f48,RIDER_084,1,18,0,2,Medium,6.3,57
5da4f19e,RIDER_065,5,24,1,3,Medium,5.0,76
ffcb33ac,RIDER_077,9,8,1,5,Low,0.2,66
7e767105,RIDER_001,6,11,1,5,Low,4.0,63
ecf7b27a,RIDER_133,7,14,1,1,Medium,5.0,84
27c2a7f9,RIDER_080,4,18,1,5,Low,-1.0,56
8699c9b0,RIDER_015,1,13,0,7,Low,0.3,84
a73ec3c2,RIDER_028,5,6,0,4,High,3.2,91
5a2a2012,RIDER_023,2,13,1,0,Medium,5.0,52
e8c20526,RIDER_109,8,1,1,7,Medium,3.6,57
c10c4fb9,RIDER_107,4,11,1,5,Medium,3.6,63
9c60c48f,RIDER_145,1,7,1,1,Low,0.3,27
9091a12c,RIDER_113,7,10,1,6,Medium,-1.6,67
3e8db8c2,RIDER_098,2,2,0,7,High,4.0,100
a32d18d3,RIDER_141,3,16,0,1,Low,-0.7,51
6ed788a1,RIDER_142,9,5,1,0,High,0.2,79
082f2375,RIDER_139,9,16,1,5,Medium,-5.3,79
685a699d,RIDER_028,2,23,0,5,High,-0.3,100
2f66944d,RIDER_042,3,16,0,7,High,0.3,100
23944b85,RIDER_099,9,15,0,6,High,-1.9,100
fe4b1a5d,RIDER_061,1,9,1,7,Low,-1.6,34
2a73c5e6,RIDER_123,2,1,1,9,Low,2.3,21
01a5a593,RIDER_064,2,9,1,9,Medium,4.1,47
14ba5783,RIDER_031,3,11,1,4,Medium,4.2,50
67b6c362,RIDER_081,3,5,0,1,Medium,4.5,45
d07a4c32,RIDER_010,2,6,1,4,Low,6.0,38
fb33503c,RIDER_008,8,8,0,1,Medium,7.0,84
9bdef7fa,RIDER_149,8,15,1,8,Low,1.3,77
56ba7123,RIDER_059,8,16,0,4,Medium,0.2,100
6be9d989,RIDER_030,2,18,1,0,Medium,5.0,61
c38d1d5f,RIDER_145,9,12,1,8,High,-3.7,90
76ce99bd,RIDER_020,7,23,1,9,Medium,1.6,87
c9f5a9a6,RIDER_048,5,4,1,4,High,-1.4,65
0f117438,RIDER_130,7,22,0,10,High,-1.2,100
359a33bb,RIDER_037,8,16,1,0,Medium,-0.1,82
ca600ca9,RIDER_129,9,23,0,8,Low,4.8,100
1f0202a1,RIDER_132,2,11,1,8,Low,10.6,52
3091fc0c,RIDER_100,6,22,1,9,High,5.1,98
53f8b9ad,RIDER_054,9,24,0,9,Medium,-5.4,100
6a88ac99,RIDER_122,6,22,0,8,Medium,1.1,100
6a425640,RIDER_025,2,7,1,5,Low,-0.6,35
afe86d53,RIDER_131,1,24,0,9,Low,-2.1,100
3a5f6f4c,RIDER_009,3,15,1,9,Low,1.3,55
2faadd82,RIDER_034,5,17,1,1,Medium,-0.9,69
c8a78baa,RIDER_043,7,15,0,6,Medium,-1.2,100
fecacfc2,RIDER_074,3,10,1,1,Medium,4.7,56
868a14a9,RIDER_094,9,4,1,3,High,2.7,81
9721a661,RIDER_022,4,22,0,3,Medium,8.5,100
3b6b8f99,RIDER_070,2,17,1,9,High,-2.9,60
12ab5835,RIDER_130,3,4,1,6,Low,-3.8,33
9603a054,RIDER_094,5,22,1,5,Medium,0.7,72
7c8e6363,RIDER_032,3,23,0,10,Low,0.0,100
33c83c39,RIDER_106,5,22,0,9,High,4.6,100
af5fff98,RIDER_144,4,11,1,6,Low,3.7,54
4272c445,RIDER_001,3,4,0,5,High,4.4,93
653587ce,RIDER_072,6,12,1,0,High,-4.2,72
cf796aae,RIDER_050,8,23,0,10,Medium,1.0,100
09f3c70b,RIDER_141,4,10,0,3,Medium,-5.6,71
538cc1d0,RIDER_015,9,14,0,2,Medium,6.3,96
1557e453,RIDER_053,6,18,1,6,Medium,-1.3,74
341e6020,RIDER_008,5,6,0,6,Medium,1.9,87
d7f1cabe,RIDER_074,3,5,1,10,Low,-3.9,35
ec418b7f,RIDER_046,5,2,1,3,Medium,-1.3,57
726a27c8,RIDER_069,5,13,1,6,Low,0.8,50
e96b6ca9,RIDER_114,4,23,1,3,Medium,1.5,73
396895a0,RIDER_147,6,14,1,8,Low,2.4,60
e5b7d823,RIDER_123,3,3,1,2,High,4.8,65
3c59a863,RIDER_139,1,23,1,9,Medium,6.2,61
992272e1,RIDER_117,7,11,0,1,Medium,4.7,74
7e98d6bc,RIDER_043,7,22,1,4,Low,2.5,79
209f7edb,RIDER_020,4,23,1,8,High,-0.5,75
a93b9e82,RIDER_148,9,4,1,10,Low,0.9,60
a323bc02,RIDER_021,2,13,0,2,Medium,1.8,52
b617be9e,RIDER_082,1,8,1,0,High,3.4,45
9d8bdce4,RIDER_057,3,8,1,8,Low,-1.4,41
6b02c0a7,RIDER_074,7,23,1,4,Medium,1.4,79
0a34a261,RIDER_098,9,13,0,1,Low,5.5,74
43d190da,RIDER_110,2,23,1,5,Medium,5.8,73
0f63ee8d,RIDER_115,6,10,1,2,Medium,0.3,60
90a36521,RIDER_042,3,13,0,8,High,-0.2,100
10a2d9e9,RIDER_068,5,13,1,2,Low,2.5,57
8dc0fd79,RIDER_070,9,24,1,1,Medium,1.7,98
91c33d58,RIDER_078,3,17,1,2,High,-5.3,65
da243862,RIDER_090,1,6,0,5,High,8.9,93
4c1275f4,RIDER_111,5,2,1,2,Medium,-0.7,47
64afeee1,RIDER_112,1,17,1,8,Low,0.1,35
f34add69,RIDER_103,8,12,1,8,Medium,-3.0,69
cf3ae3d8,RIDER_145,7,23,0,8,Medium,6.1,100
f2f20cfd,RIDER_019,2,6,1,1,Low,-0.8,34
d646c3a0,RIDER_070,9,5,1,6,Medium,3.7,75
b9757f70,RIDER_063,5,5,0,1,Medium,4.5,46
e9f47b7f,RIDER_075,7,9,1,0,Low,-0.6,65
895f3cf1,RIDER_104,4,22,0,4,Medium,-1.1,100
6c3cb83a,RIDER_075,1,3,1,10,Medium,3.0,38
0891d6b4,RIDER_128,8,23,1,10,Medium,-6.0,82
a66a75db,RIDER_056,1,20,1,7,Medium,4.7,53
6d4bd33b,RIDER_022,3,5,1,2,Low,1.0,35
aee9afba,RIDER_089,6,7,0,6,Medium,-0.9,94
b75e0d4f,RIDER_019,8,12,0,5,High,-0.2,100
f5280327,RIDER_026,8,7,1,10,Medium,1.1,73
dc100b2d,RIDER_023,2,10,1,0,Medium,0.3,38
556a8fa1,RIDER_047,9,8,0,6,Medium,7.5,100
27813862,RIDER_013,4,17,0,2,Low,-2.6,52
5dcc26e0,RIDER_066,4,5,0,3,Medium,-1.8,63
4eb72582,RIDER_144,2,15,1,9,High,2.1,64
a3ce746c,RIDER_073,1,9,1,1,Medium,6.5,43
15ea6afc,RIDER_077,7,23,1,10,High,0.5,99
1e912a95,RIDER_031,3,11,1,0,Low,-1.8,41
883f41a5,RIDER_085,4,13,1,4,Medium,2.3,64
04bd26f2,RIDER_059,9,18,1,5,High,4.7,100
bd88eeed,RIDER_041,6,17,1,10,Low,4.5,66
75822edf,RIDER_112,1,24,1,1,High,-3.4,68
774df5fa,RIDER_096,9,9,1,9,Medium,4.5,78
cdd839f0,RIDER_122,9,10,1,5,High,0.2,93
aaeaf71f,RIDER_105,5,5,1,5,High,-3.8,61
fa340fe5,RIDER_074,8,11,1,7,Medium,5.8,83
2f086932,RIDER_132,7,22,1,7,Medium,-4.4,84
fb86907e,RIDER_099,8,15,0,5,Medium,-3.5,100
cb1026dd,RIDER_126,9,2,1,6,High,6.1,91
5d5d5feb,RIDER_138,2,21,1,3,Medium,-3.8,56
27709cbe,RIDER_075,5,20,1,4,High,-0.6,87
8b4346ae,RIDER_014,8,24,1,5,Low,-1.7,84
60608ced,RIDER_038,3,24,0,5,Medium,1.1,93
f708d748,RIDER_140,6,14,1,2,Low,-0.9,63
8820e5f8,RIDER_045,6,5,0,8,Low,-2.1,100
c3e29f94,RIDER_145,7,24,0,3,Medium,3.8,100
1904b50a,RIDER_075,3,6,1,7,Medium,4.6,50
840164f3,RIDER_029,8,22,1,3,Low,-1.5,77
da727b76,RIDER_018,8,15,1,5,Medium,3.4,80
51505362,RIDER_020,9,4,1,0,High,12.1,100
8de080b6,RIDER_014,8,10,0,1,Medium,1.9,78
33c301f5,RIDER_054,3,19,1,5,Medium,2.0,58
0974a6f9,RIDER_031,6,9,1,2,High,1.7,67
2bad19a0,RIDER_058,9,21,1,10,Medium,2.2,92
898ec594,RIDER_104,1,10,1,6,Low,1.8,38
ad741482,RIDER_128,3,4,1,0,Medium,-5.2,44
b5143176,RIDER_025,2,22,1,2,Low,3.2,53
750d82c2,RIDER_019,8,4,1,2,Low,-0.6,54
08933d55,RIDER_136,6,6,1,0,Medium,-2.4,49
874035f2,RIDER_003,8,8,1,3,Medium,-3.6,74
359434bc,RIDER_086,2,16,1,7,Medium,-2.6,49
0d8c47ac,RIDER_145,6,8,1,10,Medium,8.7,73
d21b4ddc,RIDER_142,7,16,1,6,Medium,-0.5,72
e0d18d60,RIDER_009,8,6,1,6,Medium,-0.1,62
7477b7ff,RIDER_094,9,17,1,4,Low,5.8,82
35914c77,RIDER_149,5,1,1,3,Low,5.4,44
871f2f55,RIDER_139,3,19,1,9,Low,-0.4,48
39191a40,RIDER_020,2,18,1,5,Medium,-2.0,56
a94fc80c,RIDER_035,8,17,0,1,High,7.9,100
8eb5c28c,RIDER_053,1,17,1,0,Medium,4.0,52
207f607a,RIDER_110,6,12,0,6,High,-0.4,100
d0f6018d,RIDER_136,2,12,0,3,Low,7.8,75
a7886011,RIDER_004,3,6,1,6,High,0.3,49
14546993,RIDER_102,8,7,0,5,High,-0.9,100
f271d97b,RIDER_047,1,8,0,10,Medium,-2.4,100
6d3e430b,RIDER_094,6,3,1,8,Low,-3.3,48
4131a5a0,RIDER_048,3,17,0,9,Medium,2.6,100
9cc67317,RIDER_091,6,21,1,5,Low,-11.1,68
058039ad,RIDER_084,3,8,1,2,Medium,-3.0,40
608be3ed,RIDER_068,8,11,0,6,Medium,1.8,100
897c48e4,RIDER_139,5,20,1,8,Medium,6.7,83
a42cc374,RIDER_125,4,18,0,10,Medium,4.4,100
709b1e8d,RIDER_073,9,16,0,9,Medium,6.9,100
916a8317,RIDER_004,5,13,0,5,High,1.4,100
2fddedb1,RIDER_076,4,9,1,6,Low,10.2,58
cbbb4c01,RIDER_073,8,19,0,7,High,-4.7,100
7ef29a68,RIDER_077,8,7,1,3,Medium,-1.0,63
b9010e3d,RIDER_048,8,17,1,4,Low,5.3,82
18c2e88e,RIDER_102,4,8,1,3,Low,2.6,49
9467cabe,RIDER_106,1,8,1,0,Low,-1.5,20
7485bb5e,RIDER_077,2,3,1,5,Low,3.1,35
00ff5207,RIDER_039,4,16,1,6,Medium,-0.5,58
ad0c9701,RIDER_058,2,12,1,1,Medium,0.1,47
852cb262,RIDER_019,3,15,1,5,Medium,9.5,67
4f24c7d5,RIDER_088,9,21,0,10,Low,6.0,100
9562228e,RIDER_113,9,4,1,1,Medium,4.5,79
87481a9c,RIDER_077,9,23,1,9,Medium,4.2,100
d3c1befd,RIDER_077,7,7,0,4,High,-2.5,100
0624bb64,RIDER_028,4,11,1,0,Low,-1.9,50
fe642366,RIDER_066,1,24,0,2,High,4.4,74
ceab2612,RIDER_010,3,5,1,3,Low,5.8,42
4735c91e,RIDER_126,8,13,1,3,Low,5.9,73
e6463964,RIDER_058,4,11,1,1,Medium,0.1,51
da3502d0,RIDER_142,2,5,1,7,Medium,-1.5,31
4443f544,RIDER_125,8,8,0,5,Low,3.7,100
0b04f58c,RIDER_112,7,21,1,8,Low,-3.8,71
6593a3c7,RIDER_084,9,17,0,5,Medium,0.1,100
97cbfdec,RIDER_143,2,11,1,2,Medium,6.5,57
184beea3,RIDER_096,5,19,1,1,Low,-0.3,60
6b729f8a,RIDER_033,6,18,0,8,High,4.9,100
25a51259,RIDER_145,2,10,1,2,Medium,-6.3,43
746a9f5c,RIDER_141,2,5,0,5,Medium,1.1,69
180668e1,RIDER_047,4,24,1,9,Medium,-2.5,73
f26e5fc4,RIDER_112,8,1,1,1,Low,-5.9,46
aad71fe9,RIDER_144,5,17,0,6,Low,-0.8,98
38487401,RIDER_043,9,17,1,0,High,1.5,98
e153773f,RIDER_008,4,1,1,8,Low,0.6,29
f2160b0b,RIDER_003,3,1,1,0,Medium,2.6,40
97b548b9,RIDER_125,8,23,1,8,Low,4.0,87
255b72fb,RIDER_012,1,22,1,10,Low,3.5,50
6e55dd28,RIDER_084,9,9,1,0,Low,1.8,65
f27a157a,RIDER_016,4,4,1,0,Medium,3.3,50
89eb2e28,RIDER_078,9,9,1,7,Medium,-3.8,68
d5bb4763,RIDER_059,8,14,1,0,Medium,-3.1,73
d9277db7,RIDER_063,3,15,1,7,Medium,-2.4,49
83113835,RIDER_049,3,16,1,2,Medium,2.0,59
3e6f3a2e,RIDER_051,9,16,0,3,Medium,5.3,100
e34cba2d,RIDER_033,3,13,1,1,Medium,8.6,66
3830bc17,RIDER_030,4,14,1,5,Medium,3.6,70
a20cf61f,RIDER_076,9,22,0,6,High,-4.5,100
313c73b2,RIDER_015,4,21,0,9,Medium,3.3,100
3dc87e59,RIDER_082,3,9,1,2,Low,5.1,46
46f66e71,RIDER_092,7,23,0,8,Medium,-0.1,100
883cf68d,RIDER_023,6,9,1,2,Low,0.7,50
ba39c945,RIDER_094,1,21,1,6,Low,5.6,54
68a14f2b,RIDER_045,8,4,0,3,Low,1.4,79
4bcbd3d4,RIDER_062,1,10,0,4,Medium,2.4,70
aaf2323b,RIDER_015,4,3,1,8,Medium,0.5,45
cc801f64,RIDER_046,6,21,1,2,Low,6.4,72
193a80de,RIDER_064,6,9,1,2,High,-4.1,74
933f0310,RIDER_075,7,19,1,8,Medium,0.9,78
6df22acc,RIDER_052,5,16,0,8,Medium,0.1,100
5a4bc2f6,RIDER_088,5,16,1,3,Medium,-0.3,64
5383345f,RIDER_057,4,17,1,0,High,-2.6,71
d3ad3410,RIDER_083,6,18,1,0,Medium,7.3,84
0c3edcc7,RIDER_066,7,10,0,8,Medium,0.6,100
77388688,RIDER_150,1,21,1,5,High,-0.9,62
94069158,RIDER_020,9,19,0,4,Medium,5.2,100
fb327b24,RIDER_033,8,22,0,9,Medium,2.0,100
f6ef8a43,RIDER_072,7,15,1,2,High,-4.9,90
c77d10a3,RIDER_025,9,15,0,2,Low,-5.7,72
9999b797,RIDER_046,3,11,0,1,Low,1.4,44
079abcb5,RIDER_073,4,8,1,6,High,4.1,75
57bf4012,RIDER_098,7,22,1,8,Medium,1.6,73
76f91a4a,RIDER_057,6,16,1,5,Medium,-3.7,71
34166c82,RIDER_087,2,10,1,9,Low,5.7,46
0944f8a3,RIDER_133,2,9,1,0,Low,-1.2,32
b8c5438b,RIDER_055,7,15,1,5,Medium,10.5,82
c3673699,RIDER_061,9,22,0,10,Low,1.3,100
5d6750a1,RIDER_089,9,5,1,7,Low,4.0,66
6e13ed1f,RIDER_008,7,20,1,7,Medium,6.5,89
0ea90c6e,RIDER_016,8,2,1,9,Low,3.1,52
a0cdecb2,RIDER_116,3,22,0,2,Medium,1.8,61
56ea86c4,RIDER_061,1,16,1,0,Medium,4.9,52
49fc5d3f,RIDER_015,7,18,1,4,High,0.8,97
d69e72ba,RIDER_150,8,16,1,5,Medium,2.8,80
4d6c1c2c,RIDER_131,2,5,1,9,Low,1.2,28
73eaa33d,RIDER_102,9,1,1,8,Low,2.1,63
3daf8127,RIDER_054,4,19,1,1,Medium,5.3,65
b1113820,RIDER_014,9,10,1,0,Low,-2.8,64
8447067e,RIDER_036,3,21,0,6,High,0.2,100
5953a7aa,RIDER_105,8,13,1,1,Medium,-0.0,74
e08ae41f,RIDER_082,2,23,1,10,Medium,5.9,66
4afa4f41,RIDER_067,3,24,0,1,Medium,1.5,72
6b9c0d4f,RIDER_010,1,23,1,2,Low,-1.7,47
579b7c18,RIDER_049,5,23,0,3,Medium,-5.9,92
b9274761,RIDER_111,4,11,0,6,Low,6.6,91
e4d94395,RIDER_065,1,15,1,0,High,1.9,59
1f12a4ba,RIDER_057,9,2,1,5,Medium,1.2,71
e71fae31,RIDER_027,6,6,1,10,Medium,1.6,55
7bbe7524,RIDER_113,6,21,1,6,High,6.5,100
05c4df13,RIDER_133,2,11,1,2,Medium,3.7,46
652c21ea,RIDER_071,7,15,1,2,Medium,-5.5,71
f4fe1b3e,RIDER_083,9,9,0,1,Medium,4.4,83
3cbe86d0,RIDER_057,6,12,1,4,Medium,-5.1,66
6b5a05ec,RIDER_120,8,4,0,6,Medium,4.9,100
0910fca1,RIDER_093,5,23,0,10,Medium,0.1,100
f6e65dfc,RIDER_015,2,24,1,2,Low,4.9,59
7771d3fa,RIDER_111,4,14,1,6,Medium,5.2,72
0094402d,RIDER_101,1,22,1,7,Medium,-0.5,60
74855b90,RIDER_119,1,3,1,2,Low,1.9,30
7d5a9845,RIDER_076,6,21,1,10,High,2.9,95
3fbdc1a9,RIDER_020,2,17,1,0,High,-0.9,58
1755fb92,RIDER_131,6,13,0,2,Medium,-0.9,70
ba4a88a5,RIDER_073,1,8,1,5,High,3.8,50
9342aa31,RIDER_122,3,12,1,0,High,7.1,69
2031dcef,RIDER_041,9,12,0,8,High,-2.7,100
ae59652f,RIDER_130,2,12,1,2,Low,4.0,44
89670ca7,RIDER_023,8,2,1,2,Low,1.1,54
308a91ac,RIDER_023,6,10,1,6,Medium,4.7,64
ff3dbc91,RIDER_144,6,23,1,6,High,3.8,93
1e984dc1,RIDER_009,7,9,1,5,High,3.2,76
755b9070,RIDER_013,5,1,0,6,Medium,-3.8,90
2df2d144,RIDER_051,4,4,1,4,Medium,9.5,52
cff3fec2,RIDER_064,6,23,1,7,Low,1.6,74
85a38a5b,RIDER_052,8,14,1,9,Low,0.9,67
e6d5fb81,RIDER_038,4,16,0,1,Medium,4.7,61
a27edb2d,RIDER_100,5,18,1,4,High,-5.4,81
233f226c,RIDER_146,7,2,1,10,Medium,5.1,67
35b71c60,RIDER_051,6,6,1,8,Medium,5.9,64
06e10c52,RIDER_137,4,3,1,3,High,-2.9,62
7e5854b0,RIDER_141,4,20,1,7,Low,3.7,59
1e3f5f54,RIDER_055,4,19,0,2,High,1.7,83
e9f5a7f3,RIDER_109,1,13,0,5,Medium,3.5,85
adb1adb8,RIDER_044,5,17,1,7,Medium,-4.0,58
5e719823,RIDER_110,8,14,1,8,Medium,7.0,95
c7e96454,RIDER_128,7,22,1,6,Low,4.8,80
5155ba35,RIDER_105,5,11,0,5,Medium,-2.2,93
f4de65fb,RIDER_010,3,16,1,10,Low,0.0,42
f89dc994,RIDER_100,1,11,0,5,Low,6.1,81
bd1b0e1a,RIDER_148,7,18,0,5,Medium,3.5,100
b2b9f6c4,RIDER_109,3,2,1,9,Low,-0.6,28
868be39b,RIDER_108,4,23,0,8,Medium,2.9,100
01ddd9b0,RIDER_140,5,21,0,2,Medium,0.4,70
304ed193,RIDER_146,8,8,1,3,Medium,-2.9,70
443435ed,RIDER_094,7,14,1,2,High,1.1,80
d5314443,RIDER_063,9,2,1,8,Low,3.9,68
e9e0a6af,RIDER_084,3,13,1,4,Low,-0.6,49
044deaf4,RIDER_025,1,10,1,9,Medium,4.1,47
37d66d08,RIDER_012,1,8,1,7,Medium,5.7,48
abe3833f,RIDER_149,1,7,1,7,High,5.0,50
fe8ed047,RIDER_025,2,13,1,8,Low,3.9,40
025a81c1,RIDER_011,2,24,0,9,Medium,-2.9,100
94646990,RIDER_064,7,19,0,6,Low,1.0,100
dc84f733,RIDER_126,9,24,0,2,Medium,2.8,84
1fee02a9,RIDER_050,8,15,1,4,Medium,1.8,81
28845bf6,RIDER_089,4,22,0,2,Low,5.2,73
d7f2dc32,RIDER_099,2,2,0,1,Low,1.6,30
ea3248ed,RIDER_116,3,22,1,2,Medium,6.2,72
a8ad05b6,RIDER_096,5,5,0,9,High,5.6,100
26113876,RIDER_014,9,19,1,8,Low,0.0,79
8b8ff765,RIDER_001,8,1,0,8,Low,-2.6,100
2f716d8c,RIDER_025,3,7,0,7,High,5.4,100
94d331d6,RIDER_072,9,18,0,6,Medium,7.1,100
666ee0e5,RIDER_069,3,1,1,0,Low,0.6,29
d59bfec0,RIDER_133,8,1,1,8,Medium,3.7,68
3a15be91,RIDER_105,1,7,1,9,Medium,5.8,46
2bc637c7,RIDER_147,4,17,1,1,High,-3.8,79
4cf8deb1,RIDER_023,4,6,1,5,Low,8.1,51
dc2c2574,RIDER_009,6,20,1,9,High,0.6,83
60e65212,RIDER_118,2,12,0,4,Low,8.3,81
19d56b78,RIDER_094,7,20,1,5,Medium,5.0,83
e573f379,RIDER_144,5,15,0,7,Medium,3.4,100
225b269a,RIDER_033,6,13,1,7,Medium,8.8,81
32d5d6d5,RIDER_130,6,12,1,9,Medium,3.4,78
c85902d3,RIDER_014,6,21,1,1,High,7.1,95
065f36af,RIDER_001,8,2,1,6,Medium,5.1,73
33966f8e,RIDER_090,4,21,1,1,Medium,0.2,65
b4f5f475,RIDER_089,8,18,1,0,Medium,-2.2,85
3bc577e4,RIDER_144,9,4,1,7,Low,7.5,70
75b13606,RIDER_090,4,10,0,8,Low,2.5,100
36bbca46,RIDER_014,1,11,0,6,Low,4.7,88
7155907b,RIDER_111,3,21,1,3,Medium,3.8,62
54a1df0c,RIDER_143,1,6,0,6,Low,4.1,75
3e2e6cd2,RIDER_083,7,6,0,3,High,5.0,100
b2f30c67,RIDER_072,1,9,0,6,Medium,1.8,78
d3129371,RIDER_130,4,20,0,3,High,8.0,100
46df9ab4,RIDER_027,1,13,0,8,High,6.9,100
957a7575,RIDER_074,2,5,1,4,Low,0.2,33
b7a048e8,RIDER_099,1,6,1,6,Low,0.2,28
bfa9a527,RIDER_072,5,4,0,10,Low,-2.3,100
a8ca72d9,RIDER_023,7,6,0,7,High,9.5,100
430d40e7,RIDER_068,3,18,1,4,Medium,0.8,63
ca36a876,RIDER_142,8,13,1,0,Low,4.1,77
10134c44,RIDER_117,5,23,0,3,High,0.3,97
ab055154,RIDER_106,5,3,1,2,Medium,3.7,52
2180bc39,RIDER_093,5,10,1,6,Medium,5.3,65
21112194,RIDER_065,8,4,1,5,Low,6.9,65
c6f683bd,RIDER_068,2,15,0,5,Medium,6.0,93
8e86f29c,RIDER_128,2,12,1,1,Medium,-3.7,38
2c7ef21e,RIDER_063,8,15,1,5,Medium,5.0,83
45ab62bc,RIDER_113,9,21,0,7,Medium,9.6,100
85065b0d,RIDER_090,2,10,0,4,High,0.8,84
52427a30,RIDER_081,4,12,1,8,Low,7.1,53
723f6b32,RIDER_103,8,22,1,10,Low,-1.9,85
4871e990,RIDER_116,2,8,1,1,Medium,4.2,44
792c0d72,RIDER_013,4,21,0,6,Medium,2.1,100
4976f826,RIDER_124,1,21,1,5,Medium,-5.6,50
638cad9a,RIDER_147,2,3,1,10,High,-0.1,51
bb08a544,RIDER_088,7,7,0,10,Medium,6.1,100
2312679a,RIDER_011,1,18,0,5,Medium,4.3,89
0d86b934,RIDER_015,1,3,1,3,Medium,1.7,35
8e50929f,RIDER_010,2,15,1,9,Medium,5.2,55
0ab5ff94,RIDER_041,4,2,1,8,High,-3.9,52
a8c0d730,RIDER_073,7,15,1,5,Medium,1.2,65
ab58dcae,RIDER_052,4,13,1,7,High,-1.5,65
7b6819ac,RIDER_128,5,24,1,7,Medium,-5.0,70
21c1bb1e,RIDER_028,4,20,1,3,Low,5.6,66
dfd15273,RIDER_065,4,10,1,4,Medium,3.8,53
436129bc,RIDER_017,9,24,0,1,Medium,0.8,90
eec98c32,RIDER_095,6,24,1,3,Medium,0.0,82
39b5aecd,RIDER_138,3,24,1,5,Low,-3.6,53
88656351,RIDER_063,6,24,0,1,Medium,1.4,76
3857cfd2,RIDER_038,7,8,1,1,Low,4.5,69
610837b8,RIDER_070,7,16,0,9,Medium,-0.3,100
cb49a580,RIDER_104,8,16,1,6,High,6.7,99
b657d15a,RIDER_053,4,2,1,9,Medium,-3.9,46
2e861964,RIDER_119,1,9,1,4,Low,-6.0,32
9faa479b,RIDER_074,6,8,1,2,Medium,2.3,65
29210fc5,RIDER_054,8,11,1,2,Medium,4.6,77
58ea5b2b,RIDER_020,5,1,0,6,Medium,4.1,92
277a1def,RIDER_079,3,21,1,2,Medium,-3.2,62
37137832,RIDER_031,4,11,0,9,High,1.1,100
5463b712,RIDER_135,8,18,1,4,High,3.2,97
c688f25f,RIDER_058,6,21,0,1,Medium,5.3,84
0a2e375f,RIDER_105,5,15,1,2,Medium,-5.5,61
26e8e9f4,RIDER_010,9,24,0,3,Low,1.9,100
c9d38d34,RIDER_010,3,9,1,0,Medium,3.2,55
df0f215c,RIDER_039,7,9,0,3,Low,-2.2,76
da7875c5,RIDER_037,9,1,1,3,Low,3.0,58
a7ce1efd,RIDER_119,4,7,0,2,High,-1.1,70
8b26e7a1,RIDER_067,3,12,1,9,High,4.8,78
3239a11f,RIDER_043,1,24,0,8,High,6.8,100
0de27b68,RIDER_052,9,10,0,2,Medium,-2.0,74
2b6dbc1a,RIDER_101,1,19,0,1,Medium,-2.0,56
910bad52,RIDER_056,2,16,1,6,Medium,6.6,57
e3d10792,RIDER_076,9,6,0,8,High,3.5,100
c2aac869,RIDER_068,5,11,1,5,Medium,3.8,65
08cfa57c,RIDER_137,4,19,1,4,Low,-2.6,58
3f685a29,RIDER_106,9,19,1,0,Medium,3.7,87
4ba74bb0,RIDER_125,9,18,1,2,Medium,2.2,91
266faf16,RIDER_092,2,15,0,8,Medium,5.6,100
2ff7f89b,RIDER_023,3,16,1,7,Medium,4.6,59
d8373559,RIDER_109,3,14,1,8,Medium,1.2,53
122eeb3b,RIDER_061,5,8,1,7,Low,-0.7,49
7249de7e,RIDER_044,3,8,1,0,Low,5.1,43
de4f9fc4,RIDER_016,6,2,1,7,Medium,3.8,49
946b236c,RIDER_022,2,6,0,7,Low,-4.4,76
67e81c94,RIDER_057,6,13,1,4,Low,-1.4,56
3ab6c1d7,RIDER_062,6,13,0,5,High,5.5,100
78ae05f8,RIDER_107,2,21,0,1,High,-5.3,73
6c71e92e,RIDER_071,6,12,1,0,Low,-1.7,55
e8eee90a,RIDER_090,6,2,1,7,Low,6.3,58
2f09e9d1,RIDER_072,6,21,0,6,Medium,-1.7,100
455d5585,RIDER_070,5,20,0,3,High,-4.7,91
dd956873,RIDER_030,7,12,1,10,Medium,-1.0,71
103f9a83,RIDER_103,5,17,1,6,Medium,-0.8,59
e220a840,RIDER_032,1,6,0,1,Low,-0.2,21
001aac79,RIDER_086,9,7,1,10,Medium,0.6,68
cd02b7ea,RIDER_057,3,6,1,1,Medium,3.6,56
d971bf34,RIDER_109,2,21,0,6,Low,7.4,100
df00a69f,RIDER_009,6,4,1,2,Medium,-2.7,47
af2f427b,RIDER_031,8,21,1,5,Medium,-2.1,82
45f0a67f,RIDER_071,2,9,0,6,High,5.5,100
9aafdbd7,RIDER_137,4,5,1,6,Medium,8.3,54
bd95d300,RIDER_013,2,10,0,9,Medium,-3.7,100
e02efc70,RIDER_131,9,15,0,3,Medium,2.6,100
ad281e94,RIDER_035,2,8,0,2,Low,4.1,45
928181e3,RIDER_021,2,23,1,0,High,1.5,73
3751fb27,RIDER_064,5,4,1,6,Medium,-4.7,43
5d638f7d,RIDER_095,5,5,1,8,Medium,8.3,64
d2327331,RIDER_034,7,7,1,0,Medium,-7.8,64
ad631477,RIDER_121,1,6,1,4,High,-7.0,43
0e8dc981,RIDER_015,2,13,1,3,Low,3.3,46
0f5916ee,RIDER_120,6,19,1,9,Medium,0.5,73
f484608f,RIDER_096,2,10,1,1,Medium,5.3,49
e83f5353,RIDER_006,4,15,1,6,Low,-4.8,49
a420c809,RIDER_109,6,3,0,6,High,2.8,100
b411d2d0,RIDER_097,7,18,0,7,High,9.4,100
fe3732e3,RIDER_032,5,14,1,2,Low,-0.6,53
3680e446,RIDER_083,8,3,1,5,Medium,4.9,73
09a94c0f,RIDER_118,6,11,1,3,Low,4.4,60
fec88b43,RIDER_079,5,10,1,10,Medium,1.0,62
b562380e,RIDER_078,4,17,0,2,Medium,8.8,69
b48bc6ed,RIDER_147,6,13,0,3,Medium,2.1,81
34364bc4,RIDER_107,6,2,1,0,Low,-0.2,38
8b0ecac3,RIDER_126,6,13,1,6,Medium,2.3,69
68e33ce8,RIDER_015,1,19,1,6,Low,-7.5,43
ff7121dd,RIDER_134,6,5,1,6,Medium,-5.6,50
6b2c5e94,RIDER_073,1,16,0,1,Low,1.7,41
51a771b0,RIDER_101,5,10,1,0,Medium,4.2,62
8570c8cf,RIDER_098,7,12,0,8,High,-2.4,100
16c729b6,RIDER_026,1,20,1,1,Low,-5.4,41
fa00b9b2,RIDER_092,1,13,1,4,Medium,-0.6,43
fe90871e,RIDER_125,6,21,1,4,Medium,1.2,68
e218d283,RIDER_073,7,16,1,10,Medium,9.7,80
8a17f14c,RIDER_123,6,22,0,7,Medium,3.8,100
b60159a7,RIDER_053,5,21,1,0,Low,4.5,72
211de2f0,RIDER_078,6,1,0,10,Low,8.6,100
c80966a2,RIDER_092,3,22,1,6,High,9.9,93
84b67158,RIDER_088,9,9,0,2,High,5.4,96
1bea51a2,RIDER_013,5,16,1,1,Medium,5.5,63
a32981c5,RIDER_043,2,19,1,4,Medium,-0.9,50
7f0ea19c,RIDER_076,7,15,1,3,Medium,0.8,81
86e24367,RIDER_051,3,18,1,8,Medium,-0.9,56
937db47b,RIDER_019,1,22,0,10,Low,4.8,100
4b1d771a,RIDER_149,3,12,1,0,High,4.0,59
7d6e0de1,RIDER_122,9,14,1,10,Low,7.1,78
ede562cc,RIDER_024,5,3,1,2,Medium,5.9,57
6bfc84e9,RIDER_026,7,4,1,2,Medium,0.4,62
f8184cce,RIDER_120,3,6,1,3,Medium,3.8,43
f522462d,RIDER_082,4,16,1,6,Low,9.5,66
2f57dc57,RIDER_100,1,13,0,4,Medium,1.5,71
76558365,RIDER_017,3,12,1,10,Medium,2.4,57
44723c41,RIDER_068,7,22,0,9,Low,1.0,100
355d5fc0,RIDER_044,4,12,1,5,High,2.8,67
65b7f101,RIDER_061,2,2,1,2,High,3.1,51
8737cdeb,RIDER_123,5,13,1,4,Medium,5.9,75
f2911c3c,RIDER_093,5,3,0,10,Medium,-0.2,100
c2800529,RIDER_074,2,13,1,1,Medium,3.1,52
4a84f63c,RIDER_067,6,2,1,3,Medium,-2.9,48
ac55177a,RIDER_111,4,19,0,2,High,-2.6,81
d036790c,RIDER_002,1,9,1,2,Medium,6.0,44
a960b0ae,RIDER_089,3,20,0,3,Medium,-3.7,84
bce1ccca,RIDER_026,9,1,1,7,Low,4.1,64
083c69e5,RIDER_099,7,13,0,7,Medium,-1.4,100
80c14d1d,RIDER_027,6,2,1,0,Medium,-3.1,54
6aae5499,RIDER_089,1,15,1,4,Medium,3.8,48
d9c67ed1,RIDER_146,9,19,1,1,Medium,11.3,100
e4473204,RIDER_001,9,16,1,9,Low,3.8,76
4060d7d2,RIDER_103,1,11,0,5,Medium,0.3,85
b4d087f6,RIDER_131,6,15,0,2,High,-0.6,81
51fcb6f6,RIDER_041,7,6,1,9,Medium,-1.5,65
3eb0ed7c,RIDER_051,2,14,1,9,Medium,1.1,48
48fba1d0,RIDER_015,8,6,1,8,Medium,5.5,73
80d188a4,RIDER_008,8,19,0,8,Medium,2.5,100
90071509,RIDER_038,6,5,1,7,Low,1.3,51
d01edb82,RIDER_114,9,11,1,1,Low,-4.6,63
8d7572be,RIDER_083,3,4,0,10,Medium,-3.2,100
6d0abd9d,RIDER_056,2,9,1,1,Low,-2.2,31
ada32144,RIDER_103,2,9,1,10,Medium,0.6,36
7e2076a8,RIDER_138,6,17,1,1,Medium,1.6,70
8608362a,RIDER_102,7,8,0,4,Low,8.7,98
85dcc623,RIDER_078,6,15,1,9,Low,2.9,58
af085d0c,RIDER_083,3,9,0,8,High,0.4,100
07f53b68,RIDER_030,5,5,1,6,High,5.3,71
746051f1,RIDER_005,8,4,1,6,Medium,5.8,72
2e973129,RIDER_119,6,20,0,2,Medium,2.5,69
13816eee,RIDER_031,2,18,1,2,Low,1.3,44
7c4b907a,RIDER_023,7,9,1,9,Medium,7.6,83
cf1cd7a4,RIDER_048,8,21,1,2,Medium,2.9,85
c1e69094,RIDER_109,4,3,1,0,High,-2.9,58
bc24e1a0,RIDER_040,1,22,0,7,Medium,0.6,98
14d3feca,RIDER_006,2,9,1,10,Medium,3.6,42
f63eedf0,RIDER_038,4,9,0,1,Medium,0.4,49
470bf2e7,RIDER_100,7,21,1,10,Medium,4.2,91
1b143028,RIDER_027,2,24,0,6,High,-3.9,100
39b9c44d,RIDER_069,6,4,0,8,Medium,5.5,100
1e628991,RIDER_057,2,21,1,1,Low,0.4,47
b2887cce,RIDER_017,7,7,1,0,Low,-0.3,49
f3a25720,RIDER_071,2,7,1,4,Low,5.3,38
251210db,RIDER_047,3,23,1,9,Low,1.8,61
a1e39e7b,RIDER_079,9,8,0,4,Low,-0.3,91
93d82f35,RIDER_110,4,21,1,0,Medium,1.4,73
29a757e7,RIDER_013,5,1,1,8,Low,1.4,50
2f576359,RIDER_139,9,9,0,2,High,-0.0,87
01780bdd,RIDER_124,7,23,1,1,Medium,3.3,90
325331d3,RIDER_109,8,12,1,6,High,1.7,96
1870a271,RIDER_090,3,6,1,4,Medium,5.3,47
f8554ad8,RIDER_086,4,13,1,3,High,-4.5,74
34e668ae,RIDER_092,7,5,1,3,Medium,2.2,61
a3532164,RIDER_024,4,21,1,8,Low,7.4,71
33748ab5,RIDER_073,2,19,1,8,Medium,-0.1,51
2190ab2a,RIDER_004,6,1,1,0,Low,1.1,50
66a910aa,RIDER_113,9,22,0,9,Medium,7.4,100
407b655d,RIDER_046,2,24,1,6,Medium,-7.3,60
0d400632,RIDER_018,1,18,1,10,Medium,8.3,61
a924bbf9,RIDER_043,8,8,1,7,High,4.1,97
cfd325bc,RIDER_093,1,24,0,4,High,2.0,97
e9182b22,RIDER_103,1,8,0,6,Medium,5.8,78
3abf8b0a,RIDER_124,3,15,0,7,High,0.8,100
99127bc9,RIDER_010,5,19,1,7,Low,-2.2,64
2e1ede71,RIDER_073,9,10,1,8,Low,0.6,75
8b0a9662,RIDER_031,2,24,1,4,Medium,0.5,64
73272fa9,RIDER_060,1,16,1,1,Medium,0.3,40
c3c5aae0,RIDER_131,1,11,1,5,Medium,3.1,42
a60c16b6,RIDER_118,8,12,1,0,High,2.3,87
acd44077,RIDER_014,2,16,1,9,Low,2.9,48
841f3778,RIDER_143,9,16,1,5,Medium,7.8,94
b8fbb5ed,RIDER_002,9,20,0,2,Low,0.9,84
09f14758,RIDER_024,2,3,1,2,Medium,7.6,44
8a82bf77,RIDER_064,3,9,0,6,Low,7.1,88
e6f19fb4,RIDER_100,2,8,1,3,Medium,-6.3,38
637ebe07,RIDER_114,6,10,1,4,Low,-2.7,55
f891936f,RIDER_024,7,13,1,5,High,-3.0,78
22cd8085,RIDER_091,6,18,0,9,Low,8.3,100
fc3dbf26,RIDER_026,3,13,1,5,Medium,1.8,57
75a036b1,RIDER_065,3,13,1,1,High,0.3,66
40d2c53f,RIDER_120,2,15,1,2,Medium,-3.1,48
5a5a96c9,RIDER_004,2,13,1,0,Medium,6.1,62
a3e4088d,RIDER_001,5,16,1,2,High,0.5,78
14dd24f9,RIDER_050,8,8,0,7,Medium,-6.4,100
bd6a5a92,RIDER_110,6,19,0,3,Low,8.8,100
66ebb7ec,RIDER_139,9,10,0,1,Medium,1.9,85
260dbbc9,RIDER_074,5,12,0,3,Medium,6.9,88
8cbdc5fe,RIDER_062,4,14,1,6,Medium,2.0,65
daa47dee,RIDER_081,9,6,1,8,Medium,-0.0,80
4fd464b5,RIDER_056,5,21,1,4,High,1.9,93
88556ea1,RIDER_111,1,24,1,4,Low,3.7,49
782caead,RIDER_021,5,9,0,4,Medium,-0.9,80
78775c53,RIDER_141,5,7,1,9,Medium,-5.3,57
bda5d48c,RIDER_009,5,6,0,8,Low,-7.0,100
4a3ab1fd,RIDER_139,2,22,0,6,Medium,2.2,100
583b0c53,RIDER_070,6,1,1,2,Medium,3.5,57
739e9811,RIDER_129,5,21,1,1,High,1.3,90
066aacd5,RIDER_118,2,14,1,8,Medium,-2.0,47
0a8e4da2,RIDER_056,8,24,1,2,Medium,-0.1,89
9cf2d070,RIDER_031,6,6,1,10,Low,2.3,53
f0c37fac,RIDER_037,3,12,1,7,Low,3.2,43
f117868f,RIDER_091,9,17,1,3,Low,1.6,80
64359d03,RIDER_114,4,5,0,4,Low,-0.7,61
702c4efc,RIDER_128,3,11,1,7,High,7.4,78
14bda65e,RIDER_122,7,5,1,4,Low,-1.6,49
a6c75623,RIDER_069,8,12,0,9,High,-1.9,100
a4752b56,RIDER_036,7,3,1,1,High,0.6,70
d5b0470b,RIDER_032,1,24,1,5,Medium,6.7,71
9bf7be20,RIDER_064,1,9,0,6,High,4.7,95
bb06fe5a,RIDER_048,5,6,1,0,High,1.8,67
06d67e50,RIDER_081,8,22,0,9,Medium,-2.2,100
8cd1d2b0,RIDER_149,3,2,1,8,Medium,-1.5,37
30b3c30d,RIDER_060,8,2,1,5,High,0.9,64
39a1bd16,RIDER_141,3,22,1,3,High,0.3,75
4e830fcf,RIDER_001,4,12,0,1,Low,0.0,46
751f358c,RIDER_065,7,8,1,8,Medium,7.6,73
22042a92,RIDER_033,3,2,1,5,Medium,14.3,60
38765464,RIDER_038,4,9,0,8,Medium,-1.1,100
de047479,RIDER_025,8,16,0,1,Medium,4.6,82
da63ad09,RIDER_059,4,15,0,4,Medium,5.6,92
3ddfd1f2,RIDER_101,9,14,1,5,Low,-0.1,74
b4bfdd23,RIDER_127,4,20,1,10,Medium,-1.1,70
4de2074f,RIDER_041,4,4,0,4,Medium,-1.7,69
ebdbb7b1,RIDER_057,5,4,1,5,Medium,4.2,61
2a8a7bf7,RIDER_048,1,11,1,2,Medium,4.3,48
16b92381,RIDER_072,7,21,1,8,Low,6.4,75
cab830bc,RIDER_056,9,24,0,1,Medium,10.5,100
448a410a,RIDER_065,9,18,1,1,Medium,4.2,92
e6e62b46,RIDER_012,1,5,0,4,Medium,2.4,65
d283b40f,RIDER_069,6,2,1,10,Medium,-1.7,49
641eda8b,RIDER_134,3,15,1,9,High,5.1,68
51a9003f,RIDER_089,4,11,0,2,Low,-9.7,38
e73f8072,RIDER_025,8,24,1,1,Low,0.4,81
7bbe81a0,RIDER_001,4,17,0,5,Medium,-6.3,97
20e5127d,RIDER_131,8,16,1,5,Medium,0.7,81
c1135d64,RIDER_049,4,15,1,6,Medium,5.2,69
fb2402ef,RIDER_147,9,23,0,3,Low,9.0,100
a79229e0,RIDER_060,6,3,0,7,Medium,-7.5,100
47416878,RIDER_002,1,20,0,2,Medium,6.9,61
bfb48914,RIDER_073,2,15,1,9,Medium,0.9,58
e33dbb21,RIDER_145,7,24,1,0,High,1.9,96
63111b31,RIDER_110,7,19,0,4,Medium,5.4,100
de95725a,RIDER_061,3,13,1,5,Medium,1.4,59
08150297,RIDER_017,1,16,0,10,Low,-1.0,96
0c97f9a4,RIDER_049,8,23,1,2,High,-0.3,94
a37b899e,RIDER_076,7,12,0,1,Medium,-1.4,66
1cc8acd4,RIDER_148,8,17,0,2,Medium,2.5,78
2cd9754b,RIDER_131,1,16,1,2,Medium,7.0,57
2936a6bb,RIDER_043,3,9,0,6,Low,5.4,94
6ad81291,RIDER_057,2,6,1,0,Medium,2.4,41
fc4e8d3f,RIDER_050,1,19,1,10,High,-0.6,56
ccda43e9,RIDER_037,5,23,1,3,Medium,3.2,72
a88b9e85,RIDER_046,3,13,1,10,Medium,9.2,67
9766653d,RIDER_015,8,21,1,2,Low,-1.7,76
64fa78b7,RIDER_080,6,24,1,9,High,5.0,100
3c6cbc63,RIDER_139,9,8,1,10,High,3.7,91
6cfe1a82,RIDER_148,9,12,1,6,Medium,-0.9,75
68073064,RIDER_024,6,9,1,0,Medium,3.0,61
daf1c950,RIDER_125,2,22,1,7,Low,0.3,47
4605f31c,RIDER_118,9,4,0,9,Low,-1.5,100
ee8cd191,RIDER_080,2,13,1,6,Medium,-1.9,41
b03c67f8,RIDER_094,3,2,0,7,Medium,-0.9,78
c4e5ad13,RIDER_065,6,3,1,7,Medium,-2.7,53
bc6b7797,RIDER_088,2,5,1,10,Medium,9.8,50
43b679d5,RIDER_088,5,24,1,8,Medium,-1.8,76
e326b085,RIDER_145,2,18,1,0,High,8.2,76
23862ba3,RIDER_126,4,21,1,8,Low,3.5,61
563e005f,RIDER_089,3,14,1,0,Medium,-4.9,54
2cd92b29,RIDER_061,5,2,1,2,Low,-1.3,40
f6b0efe1,RIDER_015,6,15,1,6,Medium,3.4,73
080469a6,RIDER_094,7,8,0,7,Medium,-0.7,98
f0b775aa,RIDER_051,8,16,1,4,Low,2.8,72
bf74a5e0,RIDER_027,9,3,1,0,Low,-5.5,58
a5177463,RIDER_074,4,24,1,2,Medium,2.2,74
fb6e28c8,RIDER_061,4,20,1,6,Low,1.5,65
b7015375,RIDER_031,7,20,1,1,Low,9.6,80
8af605f8,RIDER_012,9,23,1,1,Low,-0.7,80
daa046d3,RIDER_046,2,5,0,8,Low,4.8,93
7ec44eb0,RIDER_032,6,4,0,5,Medium,7.2,97
d24cbdb0,RIDER_061,8,23,1,3,Medium,6.3,97
709151e1,RIDER_046,5,12,1,9,High,6.6,77
8930da4c,RIDER_085,5,19,1,8,Medium,1.7,68
81c97186,RIDER_080,8,15,0,6,High,3.7,100
b1b09f46,RIDER_135,1,13,1,6,Low,-0.4,42
d52e0ab0,RIDER_004,6,5,1,7,Low,4.4,57
1d6932bd,RIDER_052,9,12,1,2,High,-2.4,87
9ee8d381,RIDER_112,6,19,1,1,Medium,-1.2,72
64bb33a3,RIDER_036,7,2,1,0,Medium,10.2,72
41144bcd,RIDER_054,4,7,1,1,High,5.8,68
7a985241,RIDER_119,1,23,0,2,Medium,-4.2,54
9b0993e5,RIDER_127,9,5,1,4,High,3.4,94
401eb4f0,RIDER_017,6,20,1,7,Low,-2.0,70
ae328e35,RIDER_075,3,11,1,10,High,4.8,68
b8177424,RIDER_105,4,18,1,10,Medium,3.5,72
83d093f9,RIDER_150,6,18,1,2,Medium,2.8,71
f69bbe9b,RIDER_117,6,7,1,6,Medium,-0.6,61
59003e03,RIDER_043,9,10,1,10,Low,7.8,73
96a05af4,RIDER_112,4,23,0,10,Medium,-0.6,100
086f8e86,RIDER_115,5,20,1,4,Medium,2.9,74
a90f3fa6,RIDER_027,5,14,1,4,Medium,1.1,64
ea132854,RIDER_037,3,20,0,7,Medium,-3.6,100
ed785d74,RIDER_046,2,20,1,9,Medium,0.6,59
f5871ec3,RIDER_113,8,11,0,4,Medium,-4.8,100
62987aa1,RIDER_035,9,2,0,9,Medium,4.3,100
90129b8b,RIDER_132,9,13,1,6,Low,-0.5,71
e668bf8c,RIDER_080,5,13,1,9,Medium,0.6,66
e681a261,RIDER_080,9,9,0,7,Medium,4.5,100
7f67238b,RIDER_121,4,17,0,7,High,-0.4,100
483ebdca,RIDER_147,2,15,1,2,Medium,-6.7,47
bf73d78c,RIDER_122,3,24,1,3,High,3.4,78
4ee821be,RIDER_081,1,22,1,7,Low,-0.7,47
3e31dda6,RIDER_150,5,23,0,4,Low,0.7,88
2a9444c3,RIDER_119,1,21,1,0,Medium,4.2,56
3c4ef16e,RIDER_058,1,22,0,6,Medium,-2.0,92
25374116,RIDER_063,7,22,0,2,Medium,3.4,87
8aef7975,RIDER_100,2,16,0,1,Medium,2.2,59
f69b4ef2,RIDER_066,8,10,0,9,Medium,1.8,100
93b801d4,RIDER_145,6,20,1,4,Medium,1.0,78
74a47732,RIDER_085,4,12,1,0,Low,3.0,48
346d06f8,RIDER_137,9,5,1,8,High,4.5,95
47b0375c,RIDER_144,8,20,1,9,Medium,-4.9,81
760e3008,RIDER_123,3,17,1,4,High,5.1,73
c1dcfcd1,RIDER_002,3,10,0,5,Medium,0.6,78
1ff53a1f,RIDER_106,4,6,1,6,Medium,-4.8,39
6918eb32,RIDER_108,9,21,0,8,High,1.2,100
5ae971b9,RIDER_072,9,20,1,10,High,-2.1,92
4acfcf60,RIDER_126,5,6,1,4,High,6.3,68
dbdbd71f,RIDER_057,9,12,1,3,Medium,-3.8,84
fe2d60bc,RIDER_081,6,21,0,2,Low,2.8,77
b9a40465,RIDER_141,8,19,0,4,Medium,2.9,100
4bc75918,RIDER_019,8,2,1,9,Medium,3.5,62
dad94bcb,RIDER_007,7,13,1,9,High,4.6,92
e7f06a7b,RIDER_137,4,22,0,2,Medium,-0.0,60
88f9b7a6,RIDER_054,4,20,1,4,Low,-2.7,54
bbeedfed,RIDER_104,6,11,1,7,Low,-6.4,54
c9b2426e,RIDER_086,9,15,1,1,Low,2.6,71
8acc2eb6,RIDER_082,7,13,1,3,Medium,-0.2,65
ec60d699,RIDER_061,5,3,1,7,High,6.7,63
7926a443,RIDER_087,5,14,1,4,Medium,4.5,70
6b44f052,RIDER_002,8,8,1,7,Low,7.6,69
d80cbde9,RIDER_031,6,9,1,5,Medium,-3.9,52
16fe291b,RIDER_033,1,15,1,0,Medium,-1.9,48
7db38afc,RIDER_080,1,23,1,4,Medium,3.8,64
5867874a,RIDER_011,9,18,1,9,Medium,7.3,97
49a07ba6,RIDER_128,8,8,1,1,Low,11.7,83
e613ae3d,RIDER_135,6,11,1,6,High,3.7,84
34c843e7,RIDER_128,1,5,1,9,Medium,2.1,38
403eb250,RIDER_031,2,15,1,3,Medium,5.4,55
92ba4f49,RIDER_126,3,15,1,1,High,-0.5,70
fbfedc00,RIDER_047,3,7,1,0,High,-1.2,55
68b45059,RIDER_107,2,21,1,4,High,4.3,71
900c5f6b,RIDER_019,2,18,1,10,Low,4.8,53
3abfe7a0,RIDER_081,6,12,1,9,High,1.8,79
937d7f36,RIDER_123,7,12,0,7,Medium,-1.4,100
55c71693,RIDER_134,4,4,1,7,Low,6.0,47
f7687227,RIDER_107,1,11,0,9,High,-3.3,100
193b95c6,RIDER_049,6,21,0,1,Low,2.4,67
8ac889a8,RIDER_073,7,6,0,5,High,3.6,100
bd7af1f5,RIDER_050,4,21,1,6,Low,-0.4,57
4c5a032a,RIDER_081,6,10,1,9,Medium,7.9,67
84332339,RIDER_095,9,15,1,0,Low,1.7,72
29434ada,RIDER_012,4,1,1,4,High,0.2,48
9b3d0603,RIDER_023,4,17,1,5,Low,-6.6,54
3c3a8b2f,RIDER_054,5,3,1,6,Medium,14.6,72
89b574ea,RIDER_118,3,11,0,10,Medium,1.4,100
09df5a6c,RIDER_059,2,18,1,8,Medium,-4.3,49
69bb1833,RIDER_003,9,10,1,2,Medium,-1.9,76
8dccdd31,RIDER_058,1,21,0,7,Low,6.5,97
36bcc156,RIDER_057,5,9,1,9,Medium,-2.1,51
42a47b5e,RIDER_145,5,7,0,2,Medium,3.6,62
fa4142f6,RIDER_090,8,11,1,10,High,4.4,90
6a6a02ee,RIDER_055,6,8,0,8,Medium,0.6,100
937f806e,RIDER_045,6,2,1,7,Medium,-0.9,51
bd848f06,RIDER_001,6,5,0,8,Medium,2.9,100
a367aa6d,RIDER_021,4,9,0,4,High,4.2,97
04f3f8b8,RIDER_021,1,1,0,10,Low,-4.4,86
5432829d,RIDER_052,3,17,0,8,Low,-6.8,100
6846640b,RIDER_082,6,10,1,2,Medium,6.5,69
3a371f42,RIDER_067,5,8,0,6,Medium,4.3,97
7bf6d507,RIDER_113,1,18,1,2,Medium,3.3,47
520a2299,RIDER_044,5,10,0,5,Medium,-1.0,85
c9441922,RIDER_010,2,9,0,7,Low,6.5,94
7718de02,RIDER_064,1,4,1,1,Low,6.4,32
cea92aee,RIDER_069,4,2,1,7,Low,2.2,42
ad69c5de,RIDER_068,6,19,1,0,Medium,0.8,65
d06a1668,RIDER_028,7,10,0,3,High,3.5,100
2271dae3,RIDER_116,9,17,1,6,Medium,3.1,96
1c1e2cd7,RIDER_051,5,3,1,0,High,-0.4,60
221f6647,RIDER_004,8,21,0,5,Low,-4.3,100
b87a38cc,RIDER_079,8,19,0,9,Low,3.0,100
e9d71de7,RIDER_017,9,19,0,5,Low,1.4,100
1918d00e,RIDER_108,3,22,0,6,Medium,4.8,100
08ca7016,RIDER_074,3,19,0,8,Low,8.8,100
a3970d50,RIDER_023,9,19,0,6,Medium,-3.0,100
066269cf,RIDER_018,7,15,1,2,Low,3.9,71
dfa53a90,RIDER_129,4,18,0,3,Medium,-3.7,73
1b3c2e82,RIDER_035,1,17,1,0,Medium,7.7,67
02952405,RIDER_064,7,10,0,4,Low,-1.9,82
e89c0a3e,RIDER_059,6,24,0,6,Medium,-0.9,100
13095051,RIDER_001,3,14,1,2,Medium,-0.3,51
87569967,RIDER_131,5,19,1,5,Low,3.1,60
503c1c65,RIDER_067,3,23,0,2,High,3.2,77
15626613,RIDER_037,8,18,1,3,Medium,4.4,86
d5021e5f,RIDER_029,5,11,1,4,Low,6.9,64
b93305e0,RIDER_089,6,11,1,5,Medium,0.8,69
dadf1e97,RIDER_100,2,12,1,5,Low,-0.7,40
38ec561b,RIDER_122,8,8,1,0,High,-1.8,77
2cb28075,RIDER_090,9,16,1,7,Medium,2.6,86
50631c8c,RIDER_132,3,24,1,2,Medium,2.0,64
fae9825c,RIDER_014,6,8,1,3,Low,-3.5,52
3d74fa5a,RIDER_150,6,24,1,7,High,4.9,100
701b9741,RIDER_131,2,14,0,4,Low,0.3,71
cd067b83,RIDER_085,8,23,1,5,Medium,8.1,99
e4b64f1c,RIDER_021,5,18,1,0,Medium,1.4,67
e3c30c4c,RIDER_026,8,24,1,7,Medium,-2.3,88
69d2f81a,RIDER_041,8,21,0,4,High,3.1,100
26ec38aa,RIDER_122,3,22,1,0,High,6.2,82
67627598,RIDER_038,5,4,0,6,Low,3.7,90
2b195431,RIDER_088,7,17,1,1,Medium,7.0,87
16013205,RIDER_011,5,13,1,5,Low,-1.1,52
556efaea,RIDER_029,6,5,0,2,Medium,4.6,62
e7cf53de,RIDER_060,2,3,1,5,Medium,6.9,43
b97b23ea,RIDER_061,8,9,1,8,Medium,3.4,80
255861ec,RIDER_147,5,20,1,5,Medium,6.3,83
8fc826d8,RIDER_022,6,18,1,0,Medium,2.4,79
763d4b92,RIDER_078,1,20,1,5,Medium,6.6,60
b86374cd,RIDER_113,2,19,1,2,Medium,4.8,63
2ae42977,RIDER_123,4,19,1,3,Low,0.8,58
b42b1454,RIDER_142,9,21,1,3,Medium,0.5,91
8f3b1030,RIDER_044,6,16,0,8,Low,4.4,100
cb8cb8b7,RIDER_144,8,1,1,7,Medium,0.5,68
b045faae,RIDER_097,2,5,1,6,Medium,2.9,32
efc98404,RIDER_077,5,24,1,4,Low,2.1,64
5fac74d5,RIDER_140,1,15,1,9,Low,-1.5,31
dcfeec53,RIDER_055,4,12,1,10,Medium,1.7,57
cf88c675,RIDER_051,1,1,0,3,Medium,-0.0,49
2d15ce5d,RIDER_102,9,14,0,2,Medium,3.1,84
7513f354,RIDER_029,2,18,1,0,Medium,2.8,50
dff76347,RIDER_069,7,18,1,8,Medium,1.0,80
5aa19338,RIDER_080,3,6,1,7,Medium,1.4,44
3fc39bd2,RIDER_031,2,1,1,0,Medium,-3.5,33
648240c3,RIDER_112,4,17,0,1,Medium,5.1,78
900e7c88,RIDER_046,7,18,1,0,Medium,0.0,75
26a7f5c8,RIDER_097,7,15,1,0,Medium,6.0,81
bf0508dd,RIDER_052,9,12,1,8,Medium,-5.5,74
7a3f72dd,RIDER_138,3,13,1,4,Medium,5.0,64
72b52806,RIDER_074,7,20,0,2,Medium,0.7,84
0599c24c,RIDER_041,6,2,1,1,Medium,7.4,64
652bd826,RIDER_077,7,4,1,7,Low,7.0,60
64a92abb,RIDER_131,7,3,1,7,Medium,11.3,74
74afed86,RIDER_114,5,19,1,5,Medium,5.8,85
2b9dc592,RIDER_052,9,8,1,1,Low,-1.1,67
b9a2134c,RIDER_087,7,12,0,10,Medium,5.8,100
1ea51050,RIDER_109,7,12,1,0,Medium,2.9,74
014c7c64,RIDER_141,3,10,1,5,Low,-0.9,40
9cd855cc,RIDER_069,1,1,1,0,Low,5.7,29
39dfd1a1,RIDER_120,5,5,1,5,Low,2.3,46
fd0931a0,RIDER_067,8,20,1,9,Medium,12.4,100
b8b93da8,RIDER_061,5,11,1,1,Low,3.7,56
8de0f87e,RIDER_071,3,9,0,6,Medium,1.1,86
ac1086c4,RIDER_030,9,14,1,9,Medium,-6.3,81
1de14dc7,RIDER_146,2,3,0,1,Medium,-6.2,36
ed5a6313,RIDER_096,3,5,1,1,High,0.4,61
208e9de3,RIDER_056,4,24,1,5,High,4.9,88
d824fff8,RIDER_053,1,21,0,3,Medium,6.3,76
4f11c61f,RIDER_007,4,9,1,5,Low,5.8,55
62ea746f,RIDER_097,4,18,0,7,Low,-5.7,100
61c06205,RIDER_113,9,6,1,10,High,-0.7,75
e1550923,RIDER_125,8,21,1,9,Low,-1.4,76
786c4c6e,RIDER_132,2,7,0,2,High,5.4,59
301f08c2,RIDER_121,7,16,1,4,Medium,0.7,76
2c0ebc7b,RIDER_038,6,8,1,4,Low,7.0,64
a60aba9e,RIDER_122,7,23,1,9,High,2.2,99
b60d9756,RIDER_026,4,10,1,8,High,0.7,69
01eda8fd,RIDER_129,5,5,1,6,Medium,1.4,55
f80e1dd1,RIDER_004,6,11,0,8,Medium,-3.5,100
6bb42382,RIDER_039,9,21,0,7,Medium,-0.1,100
eba188ff,RIDER_054,2,13,0,2,Medium,4.1,53
9c3ae745,RIDER_033,9,20,0,1,Medium,1.5,87
09be34b5,RIDER_020,1,2,1,2,Medium,-3.8,27
1e7e13d9,RIDER_016,4,14,1,5,Low,-8.7,49
3f0d1950,RIDER_149,5,9,1,10,Low,-3.4,52
8772bb52,RIDER_127,9,10,0,9,Low,-2.3,100
65d3e0c4,RIDER_087,6,10,1,3,Medium,5.7,71
1f5ad5f8,RIDER_082,4,10,1,10,Medium,-2.9,58
d73f5b83,RIDER_062,2,19,1,0,Low,0.1,50
3b4f6cdb,RIDER_031,5,11,1,9,Medium,-2.9,55
29d8f713,RIDER_042,8,11,1,9,Low,3.4,63
2e0ca101,RIDER_012,8,3,1,8,Medium,4.8,61
1a849b2e,RIDER_065,6,19,0,5,High,4.4,100
327197ab,RIDER_073,1,24,1,0,High,1.7,58
5ea48dd2,RIDER_131,8,22,0,2,High,2.8,99
6476b21d,RIDER_115,4,1,1,10,Medium,5.7,48
6ee9dfd6,RIDER_137,2,12,0,10,Medium,0.6,100
359742bb,RIDER_106,1,15,1,0,High,1.3,57
8261324f,RIDER_016,7,14,0,8,Low,6.1,100
dc0aeb4c,RIDER_078,2,3,1,3,High,1.6,51
7aa24090,RIDER_125,4,20,0,1,Medium,2.3,70
e96cdbeb,RIDER_131,4,13,0,3,Medium,7.3,86
732f81d5,RIDER_141,1,18,1,1,Medium,0.5,45
3ece1748,RIDER_130,2,16,1,5,Medium,5.2,60
ca27a257,RIDER_112,1,6,1,5,High,4.8,53
292800f4,RIDER_127,6,10,1,10,Low,2.9,58
48246e2d,RIDER_021,3,17,1,6,Medium,2.6,61
cc09be3d,RIDER_147,1,17,0,8,Medium,-4.0,93
3284fc72,RIDER_089,8,8,1,10,Medium,9.5,74
ae1ffd12,RIDER_047,4,4,0,8,Medium,1.2,97
3a53c787,RIDER_150,7,15,0,3,High,4.5,100
ec01e4d4,RIDER_085,2,1,0,8,Medium,6.0,89
343e24b5,RIDER_128,6,7,1,7,Medium,3.5,68
c2ac4b3a,RIDER_072,6,10,1,0,Medium,7.0,74
c52fb54f,RIDER_042,7,7,1,6,Medium,5.7,80
48521de7,RIDER_009,1,1,1,6,Medium,-5.3,29
45813da0,RIDER_025,1,17,1,9,High,1.9,60
479bc607,RIDER_002,2,12,0,3,Low,-6.5,52
cf016063,RIDER_019,2,17,0,6,Low,0.9,86
5d1ed96b,RIDER_020,5,15,1,10,Medium,-1.4,61
61990a3a,RIDER_070,1,24,1,10,Medium,-1.7,53
db7236e8,RIDER_017,2,16,1,10,Medium,2.6,53
7ad818cf,RIDER_124,6,23,0,10,High,4.6,100
851acc19,RIDER_089,3,14,0,9,Low,-4.5,100
411fea8b,RIDER_094,4,3,1,9,Medium,10.7,58
986d88bd,RIDER_084,1,19,1,4,High,3.8,76
8721fb16,RIDER_131,5,12,1,4,High,1.7,72
7062b5c1,RIDER_087,4,19,1,4,Medium,1.7,67
f20a8e68,RIDER_051,8,18,1,5,Medium,-4.9,79
0a3cfbb1,RIDER_082,3,14,0,6,High,-0.6,99
30a524fa,RIDER_008,1,20,1,4,Medium,-2.3,53
4b4bfe31,RIDER_121,5,23,0,8,Medium,-0.8,100
447a2f19,RIDER_004,1,9,1,10,Medium,4.5,43
899af18f,RIDER_086,5,3,0,8,Low,-1.2,95
0226d259,RIDER_128,9,23,0,6,Medium,3.5,100
9b42f17c,RIDER_110,5,12,1,9,Medium,4.4,66
9077e025,RIDER_099,2,20,0,2,Low,2.9,55
b87fa298,RIDER_037,2,17,1,3,High,10.0,77
5cffcee4,RIDER_071,9,5,1,3,Medium,3.2,80
94590fa8,RIDER_033,5,8,1,6,Medium,7.8,63
df32e6c0,RIDER_031,8,19,1,1,Low,9.5,91
2a58c573,RIDER_125,4,4,1,10,Low,1.5,40
42eb609d,RIDER_012,2,15,0,4,Low,14.0,89
29727b20,RIDER_011,4,19,1,10,Medium,7.2,77
eb8d4cc3,RIDER_088,4,15,1,10,Low,-2.1,53
6745e0a8,RIDER_072,9,14,0,3,Medium,7.0,100
dd9b5daa,RIDER_032,6,16,0,9,High,-0.6,100
bac4b8b3,RIDER_057,6,24,1,10,Low,4.1,75
643c0cd0,RIDER_086,5,10,1,8,High,6.5,78
113d2e40,RIDER_019,6,24,1,0,Low,5.5,81
c0424fd7,RIDER_116,1,14,1,9,Medium,-0.5,38
cd76434a,RIDER_014,5,20,0,2,Medium,-1.4,71
19ac8791,RIDER_033,6,11,1,5,Low,-2.2,56
c92ac93b,RIDER_010,8,2,1,10,Medium,8.3,77
bcd576f1,RIDER_080,4,19,0,3,Low,5.6,78
90b7b921,RIDER_064,5,3,1,2,Medium,7.0,59
dc4a2f8e,RIDER_068,4,4,1,5,Medium,-5.0,46
5b626300,RIDER_092,7,11,0,10,Low,5.1,100
6fe8f1f3,RIDER_125,6,13,0,2,Medium,-0.6,63
631e8ccb,RIDER_080,4,18,1,6,Low,-2.5,50
ea64b35f,RIDER_059,6,18,1,0,High,-3.3,81
02255ded,RIDER_097,4,19,1,8,Medium,2.3,71
8f1a18ee,RIDER_019,8,12,0,9,Low,1.0,100
a77d4e37,RIDER_149,3,1,0,1,Low,4.1,35
5dead69d,RIDER_022,8,24,1,3,Low,2.5,89
6894226d,RIDER_009,2,6,1,5,Low,4.7,37
927fc83c,RIDER_009,6,3,1,5,Medium,1.4,51
ae8571bf,RIDER_027,8,17,0,10,High,-1.2,100
914f637c,RIDER_017,1,3,0,7,Low,5.9,79
5990b3c9,RIDER_045,6,1,1,7,Medium,4.3,57
e02b3062,RIDER_008,9,3,0,3,Medium,2.0,88
3be4f375,RIDER_146,2,4,0,5,Low,2.1,64
cb51840e,RIDER_125,1,6,0,8,Low,0.3,81
49e26362,RIDER_123,2,7,0,6,Low,4.5,80
e6a1f5b4,RIDER_033,5,23,1,7,High,4.5,94
4073d6aa,RIDER_001,6,8,1,7,Medium,-2.0,58
6b0f4a2b,RIDER_006,1,13,0,1,Medium,8.5,55
8bdeb69e,RIDER_041,7,4,0,6,High,1.3,100
0626984d,RIDER_005,4,6,1,2,High,0.4,57
a1d286df,RIDER_080,9,11,1,6,Medium,6.8,82
9d8ad326,RIDER_018,6,1,0,1,Medium,4.7,63
163d5589,RIDER_082,9,8,1,0,Medium,4.2,79
04711a14,RIDER_065,1,22,1,10,Low,4.5,49
ca07ec77,RIDER_083,4,2,1,8,Medium,6.8,51
77382181,RIDER_136,2,8,0,9,Medium,-2.3,97
1370e9f9,RIDER_131,6,20,0,9,Medium,-0.4,100
658a3b38,RIDER_025,4,9,1,0,Low,8.2,61
91e8bcb5,RIDER_069,9,4,0,10,Medium,-0.8,100
31a97f07,RIDER_082,3,17,1,0,Medium,-2.3,49
b81473bc,RIDER_117,1,7,0,10,Low,3.6,99
5a9525ea,RIDER_095,1,10,0,2,Low,0.3,26
97e00629,RIDER_033,9,5,1,0,Medium,4.5,74
064139d9,RIDER_111,9,10,0,6,Medium,1.4,100
31328995,RIDER_146,5,12,0,6,Low,0.3,85
97a70fca,RIDER_125,2,21,0,10,Low,-1.9,100
4138064e,RIDER_016,9,20,1,7,High,4.0,100
3fb74c14,RIDER_080,8,6,1,1,Low,1.1,54
29ba8224,RIDER_038,6,1,1,6,Low,2.7,44
b8552370,RIDER_135,7,3,1,8,Medium,-1.2,57
a6cf6574,RIDER_078,6,7,1,10,Low,3.8,60
de080d1e,RIDER_063,5,11,1,9,Medium,1.9,59
cb187fed,RIDER_112,4,24,1,4,Medium,1.7,74
1788879a,RIDER_089,7,12,0,9,Low,4.0,100
a2136537,RIDER_038,4,9,1,2,Low,-6.3,51
3b2e9892,RIDER_150,9,1,1,8,Low,-2.2,54
cc140746,RIDER_144,5,4,1,0,Medium,1.3,58
4f6f3bc6,RIDER_052,8,2,1,2,Medium,2.5,67
58e2cc1b,RIDER_029,6,2,0,1,Medium,3.4,62
dbdb6a9f,RIDER_144,4,17,1,1,Medium,-0.6,57
469626b7,RIDER_076,3,21,1,2,Low,3.2,57
6a724780,RIDER_145,6,2,1,9,High,0.4,66
b7171c18,RIDER_064,1,4,1,6,Medium,-1.1,26
f30ad38f,RIDER_091,2,11,1,5,Medium,4.3,48
b50c3369,RIDER_089,7,19,1,8,Low,5.0,71
442df200,RIDER_013,4,24,1,9,Low,4.7,67
31455834,RIDER_072,5,13,1,10,High,2.7,76
881f90d2,RIDER_005,1,22,0,9,Medium,3.4,100
c33f25ad,RIDER_012,2,21,1,2,Medium,3.4,63
85f1e22b,RIDER_003,4,18,1,4,Low,5.7,57
bd8cc694,RIDER_033,8,19,1,8,Medium,8.0,94
50b30693,RIDER_121,4,24,0,2,High,6.3,81
64274bc5,RIDER_050,3,15,1,7,High,-3.6,69
3347be84,RIDER_137,3,12,1,8,Medium,0.1,54
005e7a45,RIDER_029,5,11,0,10,Medium,8.9,100
568ab837,RIDER_039,3,23,1,10,High,-4.4,77
658dbe95,RIDER_091,8,1,1,6,High,0.3,71
736a18c7,RIDER_100,5,16,1,5,High,9.6,87
1986a32a,RIDER_017,7,13,0,10,High,-2.7,100
eaede01e,RIDER_056,8,6,1,5,Medium,-1.1,64
006b0740,RIDER_046,5,23,1,5,Medium,1.6,76
1f76f1b9,RIDER_067,8,6,0,4,Medium,-3.4,90
691e6d91,RIDER_142,3,10,1,6,Medium,5.4,62
b01b72ff,RIDER_067,7,2,1,6,Medium,4.1,61
610eb3be,RIDER_023,8,3,1,6,Low,6.6,61
a8f6148b,RIDER_094,7,6,1,2,Low,-4.4,53
cd7c4ed2,RIDER_054,2,16,1,10,Low,4.1,44
bc144517,RIDER_138,8,6,0,5,Medium,1.9,100
aa8ce1fe,RIDER_077,6,24,1,8,Low,-4.3,76
c7877ec6,RIDER_016,3,13,1,8,Medium,9.9,66
04e8a32c,RIDER_041,4,4,1,3,High,-2.0,54
0045432d,RIDER_098,7,15,1,8,High,3.8,88
58d622c9,RIDER_128,3,6,1,1,Medium,0.6,40
5e23e31d,RIDER_061,1,1,1,7,Medium,4.3,32
186310f1,RIDER_086,6,9,1,1,High,-0.2,70
89be9f0f,RIDER_118,3,12,1,4,High,5.5,66
27fcc92e,RIDER_100,6,23,0,5,Medium,8.2,100
9042ab95,RIDER_049,3,11,1,1,Medium,2.5,53
51d84fd7,RIDER_002,6,13,1,8,Medium,-4.5,67
f414b62a,RIDER_120,4,1,1,5,Low,-2.9,32
4c248044,RIDER_123,4,19,1,7,High,9.2,85
ee6a22fc,RIDER_086,2,21,1,3,Medium,4.3,61
060c7e4b,RIDER_077,4,4,0,2,Medium,1.2,45
ead8f56b,RIDER_136,4,5,1,3,Medium,6.4,60
312f1f56,RIDER_059,7,23,1,0,Low,0.8,80
0d86a049,RIDER_012,5,17,1,0,Medium,5.6,69
6791af89,RIDER_004,8,5,1,7,Medium,-5.6,64
36249f57,RIDER_117,7,19,1,0,Low,0.3,69
e7503559,RIDER_095,9,3,0,4,Low,-1.4,82
07fc9e55,RIDER_125,8,11,0,9,High,-3.7,100
511d234c,RIDER_041,9,2,0,8,Medium,-0.8,100
445a5b7b,RIDER_123,1,22,0,2,Medium,1.3,50
776cff28,RIDER_007,3,14,1,9,Low,-0.4,45
e865bcad,RIDER_069,5,6,1,1,Low,4.0,52
c4e3fa75,RIDER_069,9,19,1,4,Medium,2.4,84
9ef97a50,RIDER_081,8,1,1,1,Medium,-0.0,65
091c032c,RIDER_030,7,7,0,9,High,6.6,100
34df6ada,RIDER_073,2,2,1,0,Low,5.0,39
2e5bf6c5,RIDER_006,6,24,0,10,High,3.5,100
8f2b2471,RIDER_089,4,19,0,8,Medium,-2.9,100
3dc69389,RIDER_147,5,1,0,10,Medium,3.3,100
52ce8f66,RIDER_066,5,9,1,9,Medium,4.5,64
e7eae438,RIDER_010,4,21,0,10,High,5.4,100
a575f1d2,RIDER_144,4,17,1,8,Low,0.2,54
43a933aa,RIDER_037,4,10,1,0,High,6.9,77
a0f6bc79,RIDER_077,2,6,1,3,Low,6.4,38
1d16c7ca,RIDER_077,1,3,0,4,High,8.2,86
1eb09d2e,RIDER_032,2,20,1,1,Medium,-3.2,55
82aaec10,RIDER_047,7,24,1,10,High,0.4,96
e5c5b3ef,RIDER_110,1,15,1,8,Medium,-3.3,45
44c2f1ac,RIDER_120,6,21,0,8,Low,-1.2,100
04be10e9,RIDER_010,4,22,0,8,Low,-3.5,100
d090e080,RIDER_097,2,20,1,7,Low,-2.3,47
998ed9f8,RIDER_005,3,6,1,5,Medium,4.6,47
85d7bfa2,RIDER_077,7,3,1,0,Medium,0.3,53
26d08978,RIDER_001,6,10,1,9,Low,-2.6,52
67d431e1,RIDER_131,6,12,1,4,Low,10.0,71
bb9993a8,RIDER_067,8,1,1,7,Medium,3.4,64
f052df5f,RIDER_015,8,22,0,3,Low,-2.4,95
aa132eb8,RIDER_093,6,16,1,7,Medium,1.0,67
0dd7f4c0,RIDER_030,1,17,0,5,Medium,2.8,78
2ef64e6f,RIDER_103,7,10,1,0,High,0.8,79
f6a24ac6,RIDER_082,8,12,1,0,Low,-0.1,61
71a00ddf,RIDER_075,5,19,1,2,High,-0.4,80
8d2647b5,RIDER_060,4,8,1,0,Medium,4.9,59
b7568a08,RIDER_040,7,23,1,3,Low,4.6,85
c2655741,RIDER_074,6,8,1,2,High,-2.0,69
85fa103e,RIDER_121,6,10,1,6,Low,-4.9,48
563e17f7,RIDER_147,3,10,1,10,High,-1.5,59
c605f8c0,RIDER_003,4,18,1,8,Medium,7.0,73
0c88562d,RIDER_036,5,10,1,6,Medium,0.8,63
7f99b0e5,RIDER_043,9,7,1,10,High,0.6,89
bda64778,RIDER_143,8,4,1,4,Low,4.0,60
ffdd4d50,RIDER_115,3,1,1,0,High,-3.0,48
7c81f14a,RIDER_109,6,11,1,4,Medium,2.7,62
03bd16b6,RIDER_090,1,19,1,0,Medium,0.5,49
11bbef2b,RIDER_084,3,5,0,5,Medium,-0.1,76
d875acc8,RIDER_077,7,8,0,7,Medium,-1.6,100
fe86c041,RIDER_005,7,2,1,6,Low,6.9,61
b191bf8f,RIDER_078,2,2,1,0,Low,2.6,27
b89ba590,RIDER_091,3,24,1,7,Medium,4.0,65
17cd39ee,RIDER_087,7,14,1,8,Medium,0.6,73
2e6dab17,RIDER_014,6,9,1,9,Medium,5.5,67
9bdb7504,RIDER_104,7,10,1,1,Medium,6.7,78
7ac261fb,RIDER_083,9,13,1,0,Medium,1.7,78
5c90a567,RIDER_054,8,1,0,5,Medium,-2.4,99
045257e8,RIDER_132,6,14,0,3,Medium,4.5,91
e99dddd0,RIDER_095,4,2,1,6,Medium,-4.4,49
8ac36f75,RIDER_009,9,4,1,2,High,0.1,83
d15ffe94,RIDER_053,7,19,1,2,High,2.8,95
a163ae3b,RIDER_077,5,1,1,7,Low,1.9,37
d420648f,RIDER_060,2,4,0,6,Medium,10.9,86
ac86cea2,RIDER_046,9,11,1,4,Medium,3.7,81
dc8bcc68,RIDER_054,7,13,1,2,High,4.0,83
fca59855,RIDER_074,9,18,1,0,Medium,3.4,93
10eb8af4,RIDER_112,9,10,1,10,Medium,1.7,81
a11a0727,RIDER_095,5,5,1,2,Medium,3.9,58
746ffd55,RIDER_023,7,1,1,8,Low,2.4,48
adbd9e55,RIDER_027,5,14,1,0,Medium,-0.7,65
7b4079b5,RIDER_070,3,16,0,4,Medium,8.4,93
f3c07823,RIDER_109,8,24,1,3,Medium,1.2,86
fa064b64,RIDER_077,8,18,1,10,Medium,-4.3,79
32de9f70,RIDER_050,9,3,1,5,High,-6.3,78
8c7c1bc9,RIDER_124,6,3,0,1,Low,-0.2,47
5acb5c2f,RIDER_019,2,4,1,3,Medium,3.1,46
c3a89a75,RIDER_001,3,7,0,8,Medium,3.3,94
f6c221c4,RIDER_040,6,13,1,10,Low,-6.7,64
ebaf38a0,RIDER_022,1,9,1,4,Medium,7.3,49
7227dbd9,RIDER_112,2,3,1,7,Medium,3.1,41
79a7fa9c,RIDER_040,8,17,0,1,Low,2.4,76
b6807d6d,RIDER_038,8,15,1,10,Medium,5.3,85
d0fa2db5,RIDER_048,6,10,1,8,High,4.7,83
4520b7aa,RIDER_075,3,15,1,6,Medium,6.1,75
8da41e28,RIDER_107,2,1,1,6,High,-0.9,52
b2366430,RIDER_008,6,22,1,1,Low,4.5,74
65f09b66,RIDER_086,1,21,0,7,Low,6.2,100
84594919,RIDER_068,6,10,0,8,Low,2.4,100
7b32d334,RIDER_075,9,7,0,9,Low,1.0,100
cf9cc75c,RIDER_137,7,7,1,10,Medium,2.7,61
9b3c2d52,RIDER_090,9,3,1,4,Medium,4.5,73
6ba49c6a,RIDER_130,2,7,1,2,Low,5.8,45
a3e588af,RIDER_080,5,9,1,2,Medium,-6.0,56
07d08b36,RIDER_095,9,8,0,5,Medium,2.0,100
ead160ec,RIDER_070,7,3,1,0,Low,2.9,58
3215859a,RIDER_090,9,5,0,9,Low,1.6,100
b4b64803,RIDER_059,6,13,0,10,Low,2.4,100
ffbba6c7,RIDER_147,7,13,1,8,Low,1.4,62
720c718e,RIDER_028,5,8,1,5,Medium,-0.3,53
bc14136e,RIDER_072,6,18,1,8,Low,0.4,67
49c0900f,RIDER_014,1,7,1,2,Medium,-1.4,36
cb7165d1,RIDER_024,1,10,1,9,Low,0.2,31
c4092f17,RIDER_112,2,10,0,2,Medium,9.0,54
54dc87c6,RIDER_044,4,23,1,9,Medium,4.8,80
208fb8d4,RIDER_056,9,11,0,6,Medium,0.7,100
9334d437,RIDER_120,7,12,0,6,Medium,0.1,100
f50a24cd,RIDER_032,6,13,0,3,Medium,2.5,89
470cf1a3,RIDER_025,1,8,0,10,Medium,-0.5,100
234431b1,RIDER_116,5,17,1,7,Medium,8.0,76
54ad18cf,RIDER_066,4,24,0,10,Medium,3.7,100
24bf5c9a,RIDER_042,5,14,1,1,Low,-4.0,51
91d4da4c,RIDER_076,9,17,1,0,Medium,-3.8,87
dde0a916,RIDER_137,3,19,1,0,Medium,-2.0,54
d07e31ec,RIDER_038,4,16,1,1,High,1.0,72
aa5d8dad,RIDER_061,8,9,0,10,Medium,-4.3,100
aa044bc6,RIDER_089,3,20,1,10,Low,3.1,60
32409fab,RIDER_018,3,10,1,5,High,1.0,58
824f05c1,RIDER_070,9,9,1,7,Low,-0.6,69
507924eb,RIDER_082,5,1,1,2,High,2.6,61
5aa787d6,RIDER_116,1,24,1,5,Medium,10.7,76
26bf766c,RIDER_080,7,3,1,7,Low,-0.9,52
652c790d,RIDER_015,7,11,0,8,Low,9.3,100
6cedbb53,RIDER_013,6,7,1,7,Medium,0.5,54
d6246455,RIDER_119,6,18,1,6,Low,-0.4,67
5408c5da,RIDER_043,3,13,1,3,Medium,-0.6,48
ef6f023d,RIDER_057,3,23,1,2,Low,6.1,65
f11e5cae,RIDER_017,9,23,0,6,Low,1.9,100
e294af79,RIDER_032,1,18,1,0,Low,0.5,38
6b9924ce,RIDER_150,7,16,1,6,Low,-7.9,63
f02882f8,RIDER_055,7,24,1,5,Medium,-3.7,82
7f6f1eaf,RIDER_013,8,16,0,2,Medium,6.1,86
a211f892,RIDER_047,6,21,1,2,Medium,7.1,86
9b08ad2b,RIDER_087,8,10,1,1,Medium,7.6,80
8d3bbdca,RIDER_062,1,9,1,0,Medium,-2.1,42
6952b2ab,RIDER_029,1,8,0,10,Low,4.3,100
9cd86e1c,RIDER_022,9,19,0,4,High,-1.4,100
a22c2c33,RIDER_065,4,3,1,6,Medium,7.1,52
a839bbaf,RIDER_029,3,24,0,6,Medium,5.3,100
47534d3e,RIDER_048,6,9,1,5,Medium,2.7,62
1e330b46,RIDER_005,9,2,1,10,Medium,-2.0,64
4080414f,RIDER_101,4,19,1,9,High,7.0,85
2652c86c,RIDER_071,9,8,0,5,High,2.7,100
dd261a53,RIDER_141,5,18,1,10,High,4.7,84
ae006a35,RIDER_138,7,8,0,6,Medium,-3.9,98
ce71f540,RIDER_066,3,5,1,7,High,-2.7,54
deb5be96,RIDER_072,3,6,0,4,Medium,0.2,79
f6d0e6b9,RIDER_025,3,10,1,0,Low,13.7,58
f410b755,RIDER_060,8,15,1,6,Low,-3.2,64
0bd0d747,RIDER_040,6,4,1,1,Medium,0.1,47
d9e4feb9,RIDER_007,9,3,1,10,Medium,0.8,66
9da64b73,RIDER_046,9,24,1,4,Low,7.5,93
3b547ebe,RIDER_086,8,9,1,6,Medium,3.2,72
6631bce2,RIDER_141,1,16,0,6,High,-4.2,100
c0c8213c,RIDER_021,6,16,1,8,Medium,0.4,70
e84cf6b6,RIDER_001,4,15,1,4,Medium,0.0,63
d037486f,RIDER_123,4,24,1,5,Low,-4.0,65
f0ac263a,RIDER_147,3,9,1,9,Low,2.0,37
09691a3a,RIDER_125,9,17,1,10,Low,3.1,84
311c80d4,RIDER_033,2,21,0,5,Medium,6.3,98
f3522535,RIDER_004,1,12,1,0,Medium,4.0,42
d190d698,RIDER_003,3,23,0,9,Low,-2.7,100
007b445b,RIDER_091,4,8,1,6,Low,1.3,49
082c78b8,RIDER_052,4,14,0,9,Low,9.0,100
d8b98aa9,RIDER_028,6,18,1,6,Medium,3.6,75
2171f487,RIDER_070,1,12,1,3,Medium,3.9,51
6b5c7934,RIDER_057,1,14,1,3,High,-1.3,61
3f07f904,RIDER_108,2,20,0,10,Low,-0.5,100
e22a0641,RIDER_144,4,23,1,5,Medium,-1.3,67
a081c687,RIDER_024,7,5,1,2,Medium,2.1,68
4f79d117,RIDER_077,6,1,1,9,High,2.7,59
3d227968,RIDER_076,9,13,0,5,Medium,2.5,100
e0a25b69,RIDER_069,7,14,1,10,Medium,6.4,85
8c837f34,RIDER_101,5,2,1,10,Medium,2.7,56
df691bad,RIDER_092,6,16,0,3,Low,-6.0,87
44b94393,RIDER_092,9,5,0,9,Medium,0.2,100
fa25c699,RIDER_030,1,22,0,7,High,1.5,100
17b769a9,RIDER_018,9,1,0,4,Medium,-0.1,87
90f833de,RIDER_044,6,12,1,7,High,1.1,77
ada205bb,RIDER_099,4,19,1,8,Medium,-0.7,62
d6db41d1,RIDER_121,5,22,0,3,Low,7.0,90
aad4fef7,RIDER_115,1,22,1,0,Medium,-3.4,42
05bd10fe,RIDER_060,7,23,0,9,Low,-3.3,100
69ebc585,RIDER_146,8,10,0,6,Low,-4.2,98
1cda189a,RIDER_056,5,12,1,6,Medium,5.1,68
6c64aeb2,RIDER_031,2,19,1,4,Medium,-4.1,49
a3e2e1c6,RIDER_101,8,16,1,4,Medium,4.2,78
90575593,RIDER_059,7,17,1,0,High,1.5,87
7d00e118,RIDER_124,9,13,1,2,Medium,0.9,84
b46b9e68,RIDER_130,4,7,1,0,Medium,3.6,55
10e49295,RIDER_097,9,3,1,6,High,8.9,94
2a56da2c,RIDER_107,4,5,1,4,Medium,-2.9,42
66cb92c5,RIDER_018,3,4,1,3,Medium,-0.9,41
a06080b7,RIDER_145,3,15,0,6,Low,-4.3,81
de54cec7,RIDER_071,2,17,1,8,Medium,2.8,61
64faf78e,RIDER_106,3,12,0,5,High,-0.0,100
8c398e90,RIDER_054,8,23,1,8,High,-2.4,96
4e058282,RIDER_094,8,14,1,5,Medium,0.1,82
07a5e9a1,RIDER_076,2,4,1,9,Medium,-2.1,36
35241fdc,RIDER_035,2,17,0,8,High,5.2,100
b90ae13b,RIDER_011,2,11,1,5,Low,-5.9,32
1e9dd60c,RIDER_061,7,6,0,8,High,7.7,100
6e963b5f,RIDER_044,6,4,1,2,Medium,7.5,68
0259ad4d,RIDER_121,1,13,1,4,Low,-1.4,31
b401d592,RIDER_068,2,20,1,10,Medium,3.2,62
49bf4c44,RIDER_025,1,15,1,4,High,11.6,70
e48be913,RIDER_084,7,18,1,9,Low,2.9,67
c8379267,RIDER_114,6,17,1,7,Medium,-2.1,74
29107915,RIDER_132,2,19,0,10,High,5.8,100
a831d41f,RIDER_001,2,10,1,10,Low,4.3,41
5f3cdbb3,RIDER_131,2,5,1,6,Medium,-2.2,40
ce4ff9d0,RIDER_086,8,12,1,1,Medium,-1.6,72
19233e4d,RIDER_062,7,15,1,10,Low,1.1,68
f7e01684,RIDER_064,1,23,1,1,Low,8.6,47
2ac9aaa1,RIDER_145,4,4,0,6,Medium,-2.6,82
12dbf434,RIDER_126,4,8,0,9,Medium,0.7,100
d6b2003b,RIDER_105,7,20,0,9,Medium,8.7,100
15f583fa,RIDER_062,2,22,1,3,Low,0.1,50
876bdc60,RIDER_035,4,17,1,5,High,6.2,85
a6aeee8e,RIDER_013,1,6,1,8,High,1.4,52
4b760410,RIDER_043,4,16,1,9,Medium,8.3,64
a63d0a0c,RIDER_130,1,5,1,10,Low,6.2,33
6d549750,RIDER_111,2,14,1,3,Low,2.7,39
feb41e5b,RIDER_128,2,2,0,6,Low,1.7,76
80f3682c,RIDER_051,3,17,0,8,Medium,-1.6,100
359c1802,RIDER_144,8,6,1,0,Medium,-4.9,65
8a366248,RIDER_146,6,11,0,9,Low,1.9,100
7627f65c,RIDER_135,6,2,0,10,Low,3.7,100
b33fb304,RIDER_045,9,1,1,1,Medium,5.2,68
60c75385,RIDER_042,8,5,0,8,Medium,11.0,100
bc95064a,RIDER_135,2,8,1,4,Medium,-3.5,38
f73adaca,RIDER_015,6,4,0,3,Medium,1.4,74
3489e8dc,RIDER_060,1,19,1,6,Medium,3.9,54
e109ee47,RIDER_040,9,5,1,4,Medium,-2.0,72
041a532a,RIDER_112,4,5,1,0,Low,4.3,43
d1eecd3c,RIDER_077,4,24,0,8,Medium,3.2,100
89663e50,RIDER_105,9,16,1,7,Low,0.5,72
5f2bbd1c,RIDER_107,3,22,1,2,High,-4.1,76
08a22d80,RIDER_122,5,18,1,9,Low,1.7,62
2d25f41c,RIDER_080,1,11,1,2,Low,3.7,36
469963c1,RIDER_125,6,17,0,2,Low,-5.2,59
c85a9ddf,RIDER_134,3,3,0,6,Low,0.6,69
ca0eb37d,RIDER_032,1,18,0,1,High,0.7,58
9c4b3cbd,RIDER_108,6,4,0,8,Low,5.7,100
557de077,RIDER_114,2,19,0,3,Medium,-2.5,77
586daff9,RIDER_146,8,9,0,6,Medium,3.9,100
e1cbe666,RIDER_068,2,5,0,7,Medium,4.5,93
98622d77,RIDER_127,4,4,1,4,High,2.7,57
86aaa31a,RIDER_135,3,16,1,7,Low,5.6,55
dee5f321,RIDER_114,9,10,0,3,Low,10.1,99
3a7e9420,RIDER_008,2,9,0,9,Low,5.8,100
82b75d6a,RIDER_064,3,16,0,1,Medium,0.2,58
b0cacdf7,RIDER_135,7,20,1,2,Medium,4.4,83
edf332c8,RIDER_041,4,22,0,5,Medium,6.6,100
940ff904,RIDER_040,6,17,0,9,Medium,-1.1,100
57b799b6,RIDER_003,3,18,1,5,Low,4.5,48
323a3586,RIDER_145,1,15,1,6,Medium,2.9,49
a41ad21a,RIDER_110,6,20,1,10,Low,4.3,70
2cd07fe5,RIDER_114,4,9,0,3,High,-3.5,80
a1f43ff6,RIDER_112,2,6,0,7,High,1.4,92
79e1c491,RIDER_150,7,6,0,7,Low,-0.5,96
4b11eb10,RIDER_004,5,11,1,10,Medium,3.2,62
fafbc973,RIDER_134,6,20,0,6,High,4.9,100
acb7c7f8,RIDER_026,6,3,1,2,Low,-5.2,49
496055e6,RIDER_139,9,23,1,2,Low,3.5,84
a246f428,RIDER_017,2,12,1,1,Medium,8.0,58
26ec8093,RIDER_092,6,15,0,10,Low,8.1,100
71b07ea3,RIDER_031,9,7,1,6,High,8.4,100
35877b93,RIDER_144,4,22,1,5,High,5.4,91
def510da,RIDER_107,6,18,1,6,High,7.3,93
7e1bed12,RIDER_146,7,22,1,1,Low,0.5,73
6c0fcf5f,RIDER_111,1,15,0,3,Low,1.8,58
f4be899b,RIDER_101,5,8,1,0,Medium,-4.0,57
a24adcab,RIDER_112,4,22,1,1,High,0.0,75
a4d2482b,RIDER_062,2,9,0,6,Medium,5.6,92
34aec982,RIDER_112,2,15,1,4,High,4.2,64
a5ec7e58,RIDER_116,2,16,0,9,High,-8.3,100
df0a2d92,RIDER_035,7,20,1,2,Medium,2.4,84
3e06c645,RIDER_028,4,3,0,1,Low,0.2,40
82b07e88,RIDER_103,6,5,1,2,Low,1.0,51
36537c40,RIDER_125,7,3,0,3,Medium,7.9,91
ea47b28e,RIDER_102,9,2,0,9,High,-2.2,100
674aa998,RIDER_137,2,2,1,9,Medium,-1.7,29
5f5fe75f,RIDER_143,9,4,1,4,High,9.0,99
51e29b19,RIDER_021,5,3,1,7,Medium,1.3,58
c7479865,RIDER_052,6,9,1,8,Low,6.1,60
59bd830f,RIDER_097,6,23,1,1,Medium,2.7,85
dea6478c,RIDER_051,3,22,0,2,Medium,2.4,73
49a237da,RIDER_083,7,12,1,3,Low,-1.5,60
a697ae21,RIDER_055,7,24,1,6,High,6.5,100
b7f90f08,RIDER_077,8,9,1,5,Medium,5.2,74
10b011f0,RIDER_127,5,19,1,5,Medium,0.4,78
dd520be2,RIDER_093,2,12,1,9,Low,2.0,46
0bdf5054,RIDER_088,3,16,0,6,Medium,4.5,97
e22f1f31,RIDER_080,9,23,1,0,Medium,-1.3,94
523d066c,RIDER_092,6,1,1,7,Low,-4.7,42
f0ff0866,RIDER_047,8,10,1,8,Low,2.5,60
50587c7b,RIDER_038,8,23,1,1,Low,-1.0,90
8a9c9411,RIDER_139,5,10,1,0,Medium,5.5,62
0ea346ab,RIDER_015,1,4,0,3,High,0.9,63
746a5761,RIDER_001,6,11,0,10,Medium,-3.3,100
efffaab7,RIDER_135,7,22,1,1,Low,2.8,75
fce9993e,RIDER_001,9,11,0,5,Low,-3.0,100
ee2d835b,RIDER_049,2,11,1,2,Low,3.8,47
3d7dafef,RIDER_096,2,22,1,8,Medium,-6.4,57
ef12e30f,RIDER_026,1,6,0,7,High,2.1,97
527ed94b,RIDER_087,5,15,1,6,Low,3.6,61
09ec4ca8,RIDER_093,2,2,1,10,Medium,-2.8,29
c851bad5,RIDER_102,3,21,1,6,Low,7.1,66
e24deb97,RIDER_071,2,23,1,6,Low,-4.2,51
8dffe79b,RIDER_140,4,22,1,4,Low,3.2,56
6abbd333,RIDER_095,3,3,1,7,Medium,-4.3,35
af9eb488,RIDER_118,9,5,1,3,Low,-2.3,64
cdf5cba9,RIDER_148,2,24,0,4,Low,3.3,93
80174a0e,RIDER_119,7,11,1,2,Medium,3.9,74
20c6c4de,RIDER_051,3,21,0,2,Medium,2.6,53
7d7e4584,RIDER_081,8,12,1,1,Low,5.0,74
72c2f710,RIDER_036,4,3,1,4,Low,-3.0,30
b4d8440e,RIDER_067,4,9,1,1,Medium,-4.1,50
dfd98ee4,RIDER_129,9,3,1,9,Medium,4.6,81
aa22b7e4,RIDER_114,3,2,0,3,Medium,-5.0,55
82d2ca30,RIDER_111,7,6,1,9,Low,-2.9,55
62c44c8a,RIDER_142,1,24,1,0,Low,1.5,50
30078b9a,RIDER_100,7,6,0,1,Medium,3.2,67
fa5a8737,RIDER_109,2,17,1,10,Medium,3.1,50
2d9641fb,RIDER_120,6,8,1,0,Medium,-3.3,60
968efdd1,RIDER_079,9,1,1,1,Medium,2.1,72
df48203a,RIDER_134,6,8,1,3,Medium,-2.3,54
eee360fe,RIDER_019,3,22,1,0,Medium,3.4,73
edee7359,RIDER_127,1,15,0,5,Medium,2.6,78
918d8892,RIDER_029,4,18,1,0,Medium,5.5,74
b66ce8cb,RIDER_024,4,13,0,2,Low,1.1,47
b46f00fb,RIDER_010,8,8,0,1,High,0.1,76
90217f87,RIDER_105,7,20,1,1,Low,8.9,86
6ae08caf,RIDER_145,7,18,1,3,High,-5.4,89
ae70f781,RIDER_055,7,13,0,8,Medium,9.4,100
e0acb71b,RIDER_147,2,14,1,2,Medium,1.1,54
f8d0449e,RIDER_002,9,15,1,5,Low,-3.5,68
aefc744a,RIDER_147,6,6,1,10,Medium,-0.5,55
926e4995,RIDER_135,2,1,0,9,High,5.2,100
91ee43df,RIDER_111,1,7,0,2,Low,5.1,32
eb22e698,RIDER_038,1,1,1,9,Medium,10.2,47
1ac5ab1b,RIDER_131,1,15,1,4,Medium,2.7,51
290ad1be,RIDER_102,4,6,0,8,Low,3.1,96
e18b3cda,RIDER_095,4,5,0,2,Medium,5.6,46
52441e83,RIDER_092,9,12,1,7,High,-6.0,94
f1bf6c6d,RIDER_071,1,3,0,5,Low,1.5,58
1d4525b3,RIDER_024,3,22,1,7,Medium,2.7,64
02ca34f8,RIDER_068,3,20,1,1,Low,-4.1,52
70fc6a08,RIDER_128,8,14,1,8,High,1.4,93
541353ea,RIDER_093,2,6,1,0,Medium,-0.6,40
15d351b9,RIDER_044,6,4,0,2,High,1.5,70
29af13b0,RIDER_133,4,15,1,3,Low,8.6,57
8570a151,RIDER_055,6,17,1,5,Medium,10.3,79
9a29cc57,RIDER_029,5,5,0,10,Medium,1.5,100
a4fe92f9,RIDER_037,9,24,0,3,Low,4.0,100
a3edf002,RIDER_115,9,6,1,10,Medium,6.3,84
06164562,RIDER_003,1,10,1,1,Medium,3.6,51
a7dec25b,RIDER_122,3,9,0,2,High,-4.1,68
f9e8503d,RIDER_043,1,4,0,2,Low,2.1,26
e1b186df,RIDER_007,6,9,0,5,High,-0.4,100
d5de71ae,RIDER_125,3,8,1,4,Medium,5.3,54
3bf2c722,RIDER_049,1,3,1,4,Medium,-0.5,28
68f2a258,RIDER_121,6,22,0,10,Low,2.3,100
b7c42da8,RIDER_073,5,20,0,3,Medium,3.2,97
5652ef3b,RIDER_041,8,1,1,3,High,-1.5,71
82806ae6,RIDER_106,2,20,1,8,High,-2.5,64
a4a4130e,RIDER_077,8,5,0,6,Medium,-2.9,99
12d07da7,RIDER_127,5,3,1,7,High,8.7,71
05ab1927,RIDER_091,8,4,1,3,High,4.5,83
e1c4051f,RIDER_008,4,23,1,10,High,2.0,81
fa43909d,RIDER_032,4,24,1,2,Medium,5.7,79
fd23a9a7,RIDER_064,4,19,1,0,High,7.0,84
7bc79d55,RIDER_138,6,15,1,8,Low,1.9,61
6d37d98c,RIDER_013,4,19,1,8,Medium,3.6,70
a4ddddfd,RIDER_093,9,16,0,1,Low,-0.7,74
2e68c5a3,RIDER_061,9,23,0,3,Low,8.8,100
6566da11,RIDER_008,3,8,0,3,Medium,2.2,66
98d08616,RIDER_029,7,14,1,0,Medium,6.6,84
d8ef01b5,RIDER_095,5,5,0,1,Low,7.0,55
8be2e03b,RIDER_041,9,1,1,7,Low,2.6,60
27a3044c,RIDER_149,2,19,1,5,Low,6.5,55
c32124e8,RIDER_011,3,5,1,0,Medium,-3.2,39
ae3a5785,RIDER_002,5,3,1,6,Low,0.4,35
092cddac,RIDER_131,5,17,1,10,Low,5.5,67
7cc0a29e,RIDER_080,7,7,0,6,Low,0.5,93
00297ce0,RIDER_087,8,17,1,5,Low,6.8,82
38618a95,RIDER_106,8,13,1,10,Medium,3.7,83
71346a7e,RIDER_139,1,22,0,7,Low,10.7,100
d5d2a8e8,RIDER_017,1,22,1,10,Medium,1.6,43
56a8c6a3,RIDER_023,3,14,0,4,Medium,2.0,84
2410c9bc,RIDER_048,1,23,1,1,Low,3.2,57
63b79823,RIDER_020,1,12,1,3,Medium,5.3,49
28391ff4,RIDER_002,8,11,0,10,Medium,-3.1,100
45940e88,RIDER_088,1,1,1,7,High,2.1,42
213a867a,RIDER_031,9,3,1,7,High,2.8,85
cbedb606,RIDER_130,2,12,1,4,Medium,0.9,42
6f1efd8b,RIDER_078,9,9,0,5,Medium,2.9,100
96e434b4,RIDER_004,7,2,1,8,Medium,-0.7,57
d8748b2c,RIDER_141,9,14,0,9,Medium,-4.5,100
38bcecbf,RIDER_128,3,5,0,9,Low,1.0,92
c85be414,RIDER_134,1,3,1,9,Medium,-5.1,34
adef5b87,RIDER_031,1,12,0,10,Medium,2.1,100
9c34b376,RIDER_138,6,12,0,10,Low,-2.9,100
8deebd6a,RIDER_021,7,21,1,1,Medium,5.6,91
f6175a57,RIDER_023,9,7,0,4,Medium,-0.3,100
36a63332,RIDER_131,6,1,0,8,Medium,7.1,100
232296d6,RIDER_148,5,3,1,2,Medium,0.1,51
344daf50,RIDER_029,2,11,0,5,Medium,4.7,85
f97bb4d6,RIDER_105,2,13,1,3,Low,2.9,42
a75a498d,RIDER_052,8,22,1,3,Medium,5.5,89
26644eea,RIDER_115,1,23,0,2,Medium,2.2,67
ee30d9fd,RIDER_101,8,10,1,9,Low,7.2,71
3dff8108,RIDER_084,7,19,1,0,Medium,2.4,83
fe101cf6,RIDER_061,7,4,1,10,Medium,4.3,70
b7c3a5da,RIDER_125,5,22,1,7,Medium,-1.5,69
dc7e3954,RIDER_071,3,5,0,4,Low,5.4,63
d6466335,RIDER_070,7,11,0,1,Medium,9.4,83
bb73ac64,RIDER_139,7,9,1,0,High,2.3,78
a340c00e,RIDER_108,7,13,1,0,Medium,-1.1,66
72e46f1e,RIDER_021,2,17,1,3,Low,-2.2,42
95d704e1,RIDER_131,3,15,0,3,High,-3.5,87
75f8bae8,RIDER_082,3,13,1,5,Low,-3.1,38
f2714c8e,RIDER_088,4,21,1,10,High,-1.0,77
9f138119,RIDER_111,9,11,1,6,High,-4.2,83
eff0f0ae,RIDER_010,1,1,1,0,High,3.3,51
f871d4e7,RIDER_012,7,8,1,9,Medium,-1.1,63
4bf19922,RIDER_007,7,23,1,1,Medium,5.0,94
2bc84215,RIDER_145,4,5,1,2,Low,6.5,52
6949a2f4,RIDER_114,1,22,1,8,Medium,3.5,59
d54bddfb,RIDER_026,3,16,0,3,Medium,5.4,86
135bb8cf,RIDER_015,5,4,1,5,Low,-0.5,44
cf070f83,RIDER_033,2,19,1,1,Medium,-4.2,58
40c640ba,RIDER_062,7,18,1,10,High,-4.7,87
8b1ad256,RIDER_047,7,23,1,1,Medium,0.2,83
7acce647,RIDER_095,5,2,1,1,Medium,2.1,46
bf4fd6fa,RIDER_035,6,13,1,10,Low,1.6,56
f865dade,RIDER_076,1,16,1,4,Medium,3.0,53
427328f1,RIDER_123,4,22,1,8,Medium,5.6,77
27943c2a,RIDER_083,4,8,0,5,Low,8.3,83
d4159995,RIDER_025,8,19,0,8,Medium,4.4,100
75225756,RIDER_057,2,3,1,5,Medium,3.4,35
2d626fd4,RIDER_032,1,19,1,8,Medium,0.4,45
4c3e6918,RIDER_063,7,17,0,4,High,-3.9,100
ee564a61,RIDER_012,6,9,1,10,Medium,-0.4,58
905b0efe,RIDER_063,5,21,1,0,Low,1.0,65
24ec127e,RIDER_077,8,21,1,5,High,-5.5,94
7aed1215,RIDER_092,2,23,0,3,Low,-0.6,68
4dc8aaca,RIDER_001,2,17,0,8,High,6.8,100
1efe2c85,RIDER_070,9,1,1,5,High,1.8,82
6ec59b94,RIDER_136,1,4,1,0,High,3.4,47
0b6050e9,RIDER_133,6,23,1,5,High,7.3,100
bfc40cad,RIDER_086,3,15,1,2,Low,2.4,46
54a9a0c2,RIDER_039,5,12,1,2,Low,2.2,51
1fcf8e9e,RIDER_023,8,17,0,6,Low,4.0,100
665c9ad1,RIDER_068,7,12,1,1,Medium,13.2,86
6713697d,RIDER_004,4,16,1,8,Low,2.0,51
6c1ea73d,RIDER_126,8,13,1,8,Medium,1.5,75
50f78ec5,RIDER_021,2,11,1,6,Low,4.2,39
a6ab5041,RIDER_105,7,15,0,8,Medium,4.7,100
81917c8e,RIDER_066,5,16,1,10,Low,1.4,58
a78f10dc,RIDER_007,6,6,1,5,Medium,2.2,63
bebf628a,RIDER_049,3,11,1,8,High,1.5,65
a8b8b370,RIDER_016,7,15,1,9,Medium,5.0,84
bf7a7548,RIDER_145,7,5,0,1,Low,-5.7,52
9893c1cf,RIDER_084,2,3,1,4,High,7.4,57
25c532d8,RIDER_087,1,2,1,10,Medium,2.6,39
d6ef4f84,RIDER_098,2,1,1,5,Medium,-6.7,36
04e771c2,RIDER_075,8,15,0,5,Medium,-6.9,100
7a2023c2,RIDER_034,3,2,1,10,Medium,1.7,49
4512c9d4,RIDER_026,4,20,0,3,Medium,-5.9,80
e61f83d7,RIDER_066,8,6,1,3,Medium,7.9,71
9dba64af,RIDER_125,3,12,0,4,Low,10.9,86
6be5ed44,RIDER_063,6,21,1,5,Medium,-3.5,75
4b50b3de,RIDER_087,2,16,1,7,Low,-2.0,39
4d19f805,RIDER_041,3,14,0,9,Medium,-0.2,100
eecf7737,RIDER_098,1,4,1,0,Medium,2.1,34
531a6db8,RIDER_124,9,8,1,7,High,2.9,90
9bc4790f,RIDER_079,4,12,1,1,Medium,-2.0,58
81351e0b,RIDER_010,6,23,1,10,High,7.4,100
3eb99d79,RIDER_015,7,14,1,6,Medium,4.8,81
59b15035,RIDER_042,2,20,1,3,Medium,6.8,55
95d60267,RIDER_093,8,13,1,7,Medium,2.0,80
205f86a8,RIDER_017,9,5,1,5,Medium,7.7,77
0995bf11,RIDER_009,2,12,0,4,Medium,1.6,74
c4ac225d,RIDER_114,5,10,1,9,Medium,-3.6,58
4e215ff1,RIDER_036,2,21,1,9,Medium,6.5,70
a1d86341,RIDER_036,5,19,0,4,Medium,-2.4,92
fea6ee63,RIDER_048,7,13,0,3,Medium,0.4,90
7c092ede,RIDER_051,6,9,1,2,Medium,-1.4,59
0ca1ff73,RIDER_097,4,11,1,2,Low,7.6,57
08f4b128,RIDER_119,2,5,0,2,High,0.1,49
8157ad2c,RIDER_095,7,13,1,6,Low,3.2,69
5cc353ca,RIDER_070,9,10,1,7,Low,6.4,82
1f951248,RIDER_074,1,18,1,7,Medium,-0.6,43
3b443f9a,RIDER_080,3,15,0,1,Low,3.6,56
181da46c,RIDER_068,7,20,1,2,High,0.7,95
d787048c,RIDER_150,9,12,0,1,High,2.9,95
3e918d59,RIDER_077,5,4,0,5,Medium,2.0,98
31ebc1a7,RIDER_116,7,5,1,10,High,6.0,80
35bdad11,RIDER_006,7,8,0,2,Medium,1.5,63
4143afc2,RIDER_075,4,5,1,5,Low,1.9,51
9f21df45,RIDER_088,5,1,1,3,High,9.3,65
f0a281a4,RIDER_003,2,18,0,9,Low,-3.5,97
39617769,RIDER_052,8,19,1,9,Medium,4.8,92
798a3050,RIDER_074,1,19,1,5,Medium,9.5,65
b12c0912,RIDER_125,2,10,1,2,Medium,1.5,41
02d87a51,RIDER_065,3,22,1,4,Medium,-3.3,66
f84a7c33,RIDER_052,7,9,1,7,Medium,-0.5,63
4285ca62,RIDER_076,6,1,1,2,Medium,0.9,44
618748d3,RIDER_142,7,22,1,8,High,8.0,100
53ca46cf,RIDER_089,5,20,1,8,Medium,-4.2,73
44a9a747,RIDER_072,4,3,1,6,Low,3.7,36
9f9ca5ee,RIDER_068,7,13,1,7,Medium,-3.9,64
74256f9a,RIDER_138,3,6,1,8,High,-0.1,45
5ee7a5eb,RIDER_115,7,6,1,0,Medium,6.7,71
584718fa,RIDER_057,2,18,1,6,Low,4.4,50
1192cfd4,RIDER_066,8,5,0,9,Medium,3.6,100
3739db71,RIDER_090,6,17,1,2,Medium,6.0,83
63957dd3,RIDER_050,3,3,1,5,Low,2.0,33
b4958189,RIDER_014,3,5,0,8,Medium,2.6,93
e665df94,RIDER_016,5,3,1,9,High,1.5,62
bb37c2a4,RIDER_042,3,23,1,10,Medium,3.8,70
0beb63b4,RIDER_110,6,13,1,7,High,3.6,78
dc6f85df,RIDER_022,2,15,1,1,Low,8.5,49
8a3a6c1b,RIDER_068,8,17,1,3,Medium,-4.1,83
b678e3df,RIDER_019,9,15,0,10,Low,1.5,100
a009f99b,RIDER_066,7,5,1,4,Low,1.2,50
98faea23,RIDER_073,3,22,1,9,Medium,7.3,70
6fcd318f,RIDER_147,4,14,0,5,Medium,-1.6,89
df908429,RIDER_144,2,11,1,6,Low,0.8,40
fe3e69b7,RIDER_054,9,14,1,10,Low,2.1,76
a62d9e37,RIDER_112,5,7,1,3,Medium,3.9,59
3a2c5d09,RIDER_018,2,3,1,3,Low,1.3,37
614a1eff,RIDER_117,6,23,0,4,Medium,-0.2,100
fe5ea176,RIDER_085,7,20,1,8,High,-0.7,84
211882eb,RIDER_139,2,10,0,8,High,-2.4,100
d1b310db,RIDER_039,1,11,1,0,Low,-1.6,32
8b135f96,RIDER_105,7,6,0,4,High,0.5,100
71b3febc,RIDER_068,1,5,1,4,Medium,-0.9,32
7fc0b54f,RIDER_025,3,20,0,6,Low,9.9,100
40cf26e6,RIDER_123,4,22,1,7,Medium,3.8,78
7d778369,RIDER_121,2,13,0,2,High,-2.1,65
a5ac1fed,RIDER_061,7,12,1,0,Low,3.7,74
3a43d48a,RIDER_100,5,19,0,1,Low,-4.3,63
abd698b6,RIDER_051,1,19,1,5,Medium,7.1,66
e665d5a5,RIDER_098,8,21,1,10,Low,0.1,78
eaf117cb,RIDER_137,7,5,1,5,Low,6.4,60
56da86af,RIDER_002,4,20,1,10,Medium,2.3,75
375071d0,RIDER_005,2,21,1,4,Medium,3.1,59
3711abed,RIDER_086,7,9,0,10,Medium,2.5,100
23289495,RIDER_133,2,4,1,4,Medium,-9.2,39
03104899,RIDER_068,6,15,1,8,Medium,4.1,74
f0b2f7b6,RIDER_009,1,3,1,10,High,-1.8,38
8ca07668,RIDER_093,7,23,1,6,Medium,2.1,90
f31bdd36,RIDER_150,7,7,0,5,Medium,4.2,99
179187bc,RIDER_138,4,24,1,10,Medium,7.7,86
8c23a380,RIDER_125,4,20,1,6,High,6.4,86
924d87c5,RIDER_061,5,20,1,2,Medium,-2.2,69
10593558,RIDER_051,2,14,1,6,High,-3.4,58
0c87f5a5,RIDER_010,9,14,1,2,Medium,2.6,86
1bf30bfe,RIDER_134,4,9,1,7,Medium,4.3,56
3a94fcb5,RIDER_062,9,23,1,9,Low,4.9,100
9bce08b0,RIDER_113,3,3,1,9,Medium,5.6,52
afa5fa2b,RIDER_133,9,9,1,8,Low,-0.1,70
d1ec5580,RIDER_122,1,21,1,2,Medium,2.5,51
87eab473,RIDER_123,7,4,1,6,Medium,-2.9,62
6f40dbd4,RIDER_063,4,17,0,7,High,7.2,100
e1396868,RIDER_111,7,6,0,2,Medium,6.7,69
514c8ec2,RIDER_089,6,16,0,5,Low,1.6,100
7ff52b8b,RIDER_051,4,18,0,6,High,-1.0,100
42b9bc3a,RIDER_132,4,13,1,3,Medium,-2.4,53
a0fec876,RIDER_104,8,7,1,5,Low,3.0,63
bf1fffbb,RIDER_123,7,3,1,6,High,-2.3,75
406628f9,RIDER_048,4,6,1,6,High,4.8,65
cde2e582,RIDER_032,6,24,0,10,Medium,2.3,100
d0f53709,RIDER_120,6,3,1,0,Low,0.9,44
bc0ed770,RIDER_099,1,12,1,1,High,5.1,59
4610a6a1,RIDER_074,2,5,1,10,Low,-5.2,30
fa39ebf1,RIDER_034,4,22,1,10,Medium,3.8,70
8ea27e52,RIDER_070,6,17,1,0,Medium,1.9,71
6257078b,RIDER_110,6,10,1,8,High,1.1,74
4e12d860,RIDER_016,1,7,0,6,High,4.8,88
cea5c044,RIDER_059,8,4,1,10,Medium,7.3,78
0977531b,RIDER_019,2,10,1,6,Low,2.9,39
40b0ae9b,RIDER_095,5,7,1,2,Medium,4.0,57
82821a50,RIDER_113,4,23,1,4,Medium,0.3,70
7a81e205,RIDER_041,5,11,1,1,Low,-0.6,52
b18116c2,RIDER_081,5,21,1,4,Medium,3.1,74
7df954ba,RIDER_103,8,8,1,7,Low,0.6,59
7bbd30e2,RIDER_054,7,8,1,9,Medium,0.6,66
2146892f,RIDER_095,9,5,1,2,Medium,8.1,74
cb822f52,RIDER_147,1,5,1,3,High,7.2,56
6b705907,RIDER_062,6,7,0,7,Medium,-3.0,100
fc7cb7f9,RIDER_099,6,22,1,1,Medium,5.8,88
cfa130d3,RIDER_093,2,4,1,0,Medium,5.0,45
1c765cbe,RIDER_065,8,2,0,2,Medium,2.8,67
ddcfcf4a,RIDER_068,6,24,1,1,Low,6.4,75
725240c3,RIDER_028,9,19,1,9,Low,8.2,97
0c60b965,RIDER_018,5,2,1,1,Medium,5.1,57
10f4b34b,RIDER_026,7,16,0,3,Low,0.5,80
dc395cad,RIDER_104,6,12,0,5,Low,0.3,84
234b4fec,RIDER_147,5,15,1,9,High,-0.1,75
3563fca6,RIDER_055,6,10,0,9,Low,3.5,100
369cd38a,RIDER_119,4,23,1,4,Medium,7.0,85
b7c072a6,RIDER_124,3,6,0,3,Medium,-3.0,65
bd669920,RIDER_134,1,24,1,7,Medium,5.6,64
a5314f53,RIDER_129,1,13,0,10,Medium,7.7,100
d031ee9e,RIDER_008,6,6,1,4,Low,-4.4,45
3281d434,RIDER_051,9,23,1,1,Medium,0.5,89
fd209ce9,RIDER_085,8,2,1,3,Low,-2.8,50
19fd1650,RIDER_025,2,14,0,6,Medium,3.7,88
dbd04b9f,RIDER_083,9,18,0,3,Medium,-1.3,100
1b666fd9,RIDER_093,8,6,1,5,High,-2.0,84
68b70988,RIDER_117,9,19,0,1,Low,7.2,88
ed24764d,RIDER_138,4,14,1,8,Medium,-1.8,55
2bf79250,RIDER_056,9,13,0,3,High,3.2,100
69163515,RIDER_012,2,8,1,0,Medium,1.9,43
9ae5070c,RIDER_120,1,5,1,2,High,-0.1,46
bb018e8b,RIDER_071,9,13,1,6,Low,1.6,77
57b9e184,RIDER_017,8,6,1,9,Medium,1.2,65
d5e21566,RIDER_122,7,22,0,8,Low,6.4,100
049d7b27,RIDER_124,8,19,0,5,High,6.0,100
556d08dc,RIDER_010,1,11,0,3,Low,3.7,61
bdac19c7,RIDER_031,9,16,1,1,High,7.9,100
fa88f880,RIDER_060,9,5,0,8,Medium,4.7,100
6cdcbff8,RIDER_070,9,12,1,7,High,-1.0,92
af8e1151,RIDER_017,6,17,0,6,Low,-0.5,100
a9296619,RIDER_050,4,2,1,1,Medium,10.2,56
e251d7a5,RIDER_037,2,10,1,1,Low,5.3,42
d60200d8,RIDER_118,4,15,0,7,Medium,2.7,100
41e21bc4,RIDER_080,7,19,0,8,High,2.8,100
91bc7c61,RIDER_011,1,20,1,8,Medium,2.3,52
1b7d43da,RIDER_134,9,17,1,7,Medium,11.5,100
179f7748,RIDER_123,3,19,1,0,Medium,-1.2,56
c659b82c,RIDER_035,4,19,1,4,Medium,5.5,70
7559f231,RIDER_033,5,13,0,6,Medium,6.9,100
a27aa488,RIDER_018,3,13,0,9,Medium,-0.7,100
0384a4b4,RIDER_013,4,16,1,5,Low,-1.0,49
51291725,RIDER_090,5,22,1,10,Medium,-3.8,70
d48cdeb9,RIDER_110,1,21,1,0,Medium,-1.9,53
401ec149,RIDER_001,9,3,1,9,High,5.3,94
932136f6,RIDER_063,4,4,1,5,Medium,1.6,48
1d7e0aeb,RIDER_034,9,7,0,3,Medium,4.6,97
d04998cb,RIDER_103,4,3,0,2,High,5.3,66
6b6fc376,RIDER_010,1,9,1,3,Low,2.0,35
2a5fda93,RIDER_128,5,8,1,7,Low,-1.6,46
a1b2a952,RIDER_007,9,18,1,10,High,4.5,100
e40c85d0,RIDER_056,3,21,1,5,Medium,-7.9,62
8b6d6806,RIDER_080,5,14,1,8,Low,6.9,62
8881c6f9,RIDER_012,3,20,1,4,Medium,-6.8,59
cf9fc4d4,RIDER_145,3,5,0,10,Medium,-3.0,100
9b1f046c,RIDER_048,1,3,0,8,Medium,0.4,87
1bfe861c,RIDER_026,2,10,0,3,Medium,-2.7,59
12bf2022,RIDER_112,2,11,1,3,Medium,-5.3,48
209d8036,RIDER_122,9,17,1,5,Medium,2.4,89
2402d676,RIDER_012,7,8,0,9,Low,0.1,100
7a32a7f6,RIDER_149,8,9,0,10,Medium,-0.1,100
6183013f,RIDER_042,2,8,0,6,Medium,1.1,87
82719235,RIDER_061,9,20,0,1,Medium,-3.4,86
6f9a344f,RIDER_058,3,2,0,3,High,4.7,75
a3f15323,RIDER_034,2,4,1,7,Medium,-1.6,35
1ee10677,RIDER_007,1,16,1,8,Low,3.9,44
6769d8ac,RIDER_109,9,9,1,4,Medium,1.3,70
a2d94c0c,RIDER_035,8,9,1,5,High,1.3,80
390f0e98,RIDER_015,4,21,1,9,High,0.4,79
ad93db06,RIDER_025,7,5,0,6,Medium,5.5,100
f6eb71ad,RIDER_059,3,3,1,6,Medium,6.5,46
fdfcb916,RIDER_079,3,14,0,2,Medium,6.1,57
8c7ab866,RIDER_086,4,15,1,1,Low,1.1,52
be168ced,RIDER_134,2,6,1,9,Medium,2.1,39
324c6be8,RIDER_088,4,16,0,7,High,-1.1,100
cbdae4de,RIDER_149,3,23,1,8,Medium,-0.0,63
77dd7bc7,RIDER_071,8,10,1,10,Medium,-2.8,67
15884575,RIDER_121,2,14,1,7,High,-0.4,60
36aa0bf4,RIDER_093,9,12,0,7,Low,3.2,100
37137409,RIDER_096,3,9,0,1,Low,1.6,37
55353a6e,RIDER_032,4,23,0,10,Low,-0.2,100
778ededf,RIDER_053,3,19,0,3,Medium,5.7,84
66a0484e,RIDER_059,3,12,0,5,High,-1.9,93
a42acb57,RIDER_069,8,13,1,7,Medium,2.1,75
aa57860c,RIDER_132,8,23,1,1,Low,11.5,90
060895e5,RIDER_086,6,13,1,7,Low,8.0,74
eff788d2,RIDER_018,4,17,1,0,High,-0.1,77
49ed7958,RIDER_081,1,2,0,10,Medium,6.9,98
1130bdc3,RIDER_114,4,20,1,5,High,-0.5,75
2bf04c5a,RIDER_024,8,23,1,7,High,3.7,100
acfc755c,RIDER_066,6,9,1,7,Medium,9.1,79
3f991d44,RIDER_141,2,21,1,10,Medium,0.8,51
e4defc33,RIDER_062,3,8,0,6,Medium,5.1,94
c37092d1,RIDER_054,7,7,1,6,Medium,1.4,60
99067a4a,RIDER_143,4,5,0,10,Medium,-0.2,100
b0a968b4,RIDER_131,4,19,1,9,Low,4.6,64
82b6af2b,RIDER_037,5,3,0,10,Medium,4.1,100
63ce9750,RIDER_037,8,13,1,8,High,-3.3,84
25b85c20,RIDER_131,7,6,1,1,Medium,0.7,62
b0e1f51b,RIDER_035,9,11,1,0,Medium,-2.7,70
e74d1f19,RIDER_124,5,4,1,1,High,-4.7,66
bf5c3bb7,RIDER_018,1,3,1,2,Medium,1.3,29
14357fc0,RIDER_122,4,4,1,8,Medium,3.3,50
7cf8212c,RIDER_048,6,3,1,9,Medium,5.9,60
3eb489b9,RIDER_017,6,13,0,6,High,-4.2,100
e890efa4,RIDER_135,9,15,1,4,Medium,-2.6,79
5ad4693a,RIDER_057,5,12,1,4,Low,7.9,66
e4bb1dbb,RIDER_008,5,15,1,5,Low,-1.0,51
c9a3ffd6,RIDER_128,6,11,1,1,Low,-3.7,53
d6125f34,RIDER_117,6,11,1,0,High,8.8,94
65536f2b,RIDER_056,3,13,0,10,Medium,1.5,100
87e47006,RIDER_126,6,12,1,0,High,0.1,76
e798c224,RIDER_059,8,6,0,2,Low,-0.8,60
03bd8221,RIDER_058,6,23,1,0,Low,-1.8,69
230f8f32,RIDER_140,5,20,0,8,Medium,1.4,100
a0bf9a55,RIDER_108,3,19,0,9,Low,3.4,100
85ab8f9f,RIDER_074,1,19,1,4,Medium,3.8,52
560e5ba3,RIDER_148,5,3,0,8,Medium,-5.2,100
5ecd98db,RIDER_101,6,16,1,4,Medium,8.1,80
05bf121c,RIDER_048,6,9,1,0,High,1.3,73
e5ed3824,RIDER_071,6,14,1,10,Medium,3.4,80
d36fb51b,RIDER_116,3,3,0,6,Medium,5.1,85
3b840e88,RIDER_122,4,3,1,6,Medium,0.5,44
45a5223f,RIDER_078,3,24,1,3,Medium,4.0,72
e9963a59,RIDER_029,2,20,0,2,Medium,2.6,54
8d1e7058,RIDER_093,8,7,1,0,Low,0.9,59
6fc667a4,RIDER_073,7,19,1,6,Medium,2.4,80
fe271bf7,RIDER_100,8,24,0,4,Low,-0.2,100
a2be3e81,RIDER_074,6,3,1,9,High,-1.3,63
f020ad03,RIDER_095,7,21,1,0,Low,2.6,70
ab1456c7,RIDER_017,1,1,1,0,Medium,2.6,35
20e8c3d5,RIDER_137,5,12,1,2,Low,3.1,60
ceb29aea,RIDER_097,4,21,1,2,Medium,7.7,74
14739c14,RIDER_009,3,6,1,1,Low,3.2,45
68d5c854,RIDER_135,2,7,0,7,High,0.6,98
dcf3f221,RIDER_144,9,2,1,7,Medium,2.8,66
e6c6025c,RIDER_019,8,18,1,5,High,11.0,100
0d409adf,RIDER_134,2,15,1,4,Low,-2.4,37
e30c05c1,RIDER_114,6,15,1,5,Medium,8.9,83
f10b876e,RIDER_139,3,10,1,0,Medium,3.7,55
0fb1dc36,RIDER_125,3,17,1,1,Medium,2.3,56
2d190fd8,RIDER_061,5,18,1,6,Medium,0.9,63
335af8d7,RIDER_042,7,18,1,0,Medium,0.3,67
92829125,RIDER_013,7,15,1,7,Medium,-4.8,70
5124e934,RIDER_140,1,23,1,2,Medium,2.7,56
4d044aff,RIDER_085,7,6,1,3,Medium,5.6,68
cb7eacfa,RIDER_020,7,9,1,6,High,1.4,76
6ab4d0d8,RIDER_050,6,11,1,9,Medium,0.2,67
e7407f58,RIDER_092,6,15,0,6,Low,-1.0,96
fb42a32d,RIDER_088,2,23,1,1,Medium,2.3,68
a7e6ef71,RIDER_069,3,3,1,4,Medium,4.3,44
00910e2c,RIDER_037,3,19,0,7,Low,6.1,100
dafb83ed,RIDER_140,3,1,1,8,Medium,-5.5,35
5063e191,RIDER_099,2,24,1,4,Low,0.1,51
3d2f396d,RIDER_125,9,17,0,1,Low,4.9,92
0f05f0a4,RIDER_054,6,11,1,3,High,-2.7,68
ff900898,RIDER_130,2,18,0,10,Medium,1.3,100
fe840c4e,RIDER_041,3,11,0,4,Low,5.0,76
69fe61e1,RIDER_045,6,7,1,5,Low,1.6,51
5e878d4f,RIDER_103,4,1,0,5,Low,2.3,65
0e2aeb35,RIDER_106,7,12,1,0,High,-2.6,86
426c1c68,RIDER_137,6,4,1,5,Medium,-0.2,49
16fe13a3,RIDER_128,6,8,1,10,Low,3.2,57
179f4f04,RIDER_086,3,15,1,9,High,5.1,70
0a20bbf6,RIDER_047,8,11,1,0,Medium,0.6,77
95bc0edd,RIDER_005,9,8,1,4,Medium,6.7,79
7880b684,RIDER_001,6,12,0,10,Low,2.1,100
be35bcd9,RIDER_044,2,3,1,6,Medium,2.0,37
9706f7eb,RIDER_150,1,21,1,7,High,7.6,72
a6f9a912,RIDER_038,3,4,1,10,Medium,-6.2,35
0b334b8c,RIDER_019,3,12,1,10,Medium,-7.8,54
15373778,RIDER_115,8,8,1,4,Low,5.5,70
8cd05d8c,RIDER_087,5,23,0,1,High,0.9,83
60d06737,RIDER_123,1,23,1,2,High,3.8,71
8e47d6f4,RIDER_082,4,10,1,6,Medium,2.1,50
16cc7864,RIDER_141,7,23,1,9,Medium,3.9,84
b776159e,RIDER_058,5,1,0,3,Medium,4.8,73
20d8e1b2,RIDER_146,6,13,1,0,High,6.2,82
3e48d1ae,RIDER_067,4,7,1,2,Medium,3.7,54
76384933,RIDER_122,2,20,0,9,Low,6.6,100
d9e96a6d,RIDER_087,9,3,1,1,Low,-0.1,59
e3ab6449,RIDER_131,2,16,0,8,High,3.7,100
35026e94,RIDER_055,2,12,1,0,High,-3.6,58
0efe5942,RIDER_089,2,5,1,8,Medium,-0.7,44
e44f1ab1,RIDER_058,1,18,0,9,Low,4.8,100
36bbf7a1,RIDER_063,3,8,0,4,Medium,5.1,78
2eb3c963,RIDER_091,6,12,1,5,Medium,1.3,64
1d3af3b1,RIDER_052,7,21,1,5,Low,6.8,85
66fb2245,RIDER_126,1,3,1,5,High,-4.6,41
1c25ed46,RIDER_024,5,16,1,8,Medium,6.1,67
7353ee24,RIDER_072,5,10,1,8,Medium,1.3,61
897cae1f,RIDER_009,1,23,1,10,Medium,-5.5,51
f16a7e72,RIDER_110,4,17,1,9,Medium,-2.1,59
57e92eab,RIDER_094,1,10,0,6,Low,0.1,70
b7858b35,RIDER_117,1,3,0,2,Medium,-2.2,28
f94bd127,RIDER_083,7,2,1,6,Low,-2.0,51
6e3d915e,RIDER_080,7,14,1,4,High,4.1,92
ad380b6b,RIDER_149,3,9,1,8,High,-0.3,62
63fa477e,RIDER_100,7,17,1,7,Medium,-6.8,80
46b6d598,RIDER_040,3,4,0,9,Low,3.1,96
a70ad150,RIDER_103,2,22,1,5,Medium,-0.5,55
5119adac,RIDER_062,4,15,1,4,Medium,7.5,66
dfa7e226,RIDER_069,3,13,1,9,High,-1.0,59
544b3679,RIDER_142,7,23,1,1,Medium,-5.0,76
d67f5115,RIDER_109,1,19,1,10,High,1.0,59
72e7bc98,RIDER_004,6,9,1,2,Low,-2.3,54
e97d1315,RIDER_072,2,4,1,10,Medium,-1.9,36
74488a81,RIDER_017,8,21,1,10,Medium,0.7,88
7fa4062c,RIDER_114,5,8,1,2,Medium,1.4,51
f5fb4630,RIDER_085,3,15,1,3,High,0.7,65
f8e877a6,RIDER_057,7,14,0,2,High,1.1,96
aef9aac0,RIDER_107,2,3,1,6,High,4.4,59
ab477b57,RIDER_048,5,24,1,5,Medium,1.2,85
ec774657,RIDER_117,8,17,0,7,Medium,3.0,100
d941a147,RIDER_031,1,8,0,1,Low,5.2,36
f2d0e1b8,RIDER_112,1,14,1,1,Low,-0.4,37
cf1f4e36,RIDER_047,3,13,1,0,Medium,2.0,55
0abc1917,RIDER_134,3,15,1,4,Low,2.4,47
eb3fc79b,RIDER_108,7,11,1,6,Low,-3.6,66
436f340a,RIDER_072,6,15,1,8,Medium,-6.6,72
06be2dc4,RIDER_071,7,12,0,4,Low,2.2,95
b6b12e16,RIDER_108,4,24,0,10,Medium,-2.2,100
cb6a0b04,RIDER_053,2,22,0,10,Medium,8.5,100
b4f21391,RIDER_142,2,21,1,0,Medium,4.8,65
0f3c646a,RIDER_016,1,9,0,2,Medium,-2.1,33
a3594000,RIDER_116,9,22,1,7,Medium,-5.2,89
4ebceacc,RIDER_073,7,15,1,2,Medium,-3.0,67
0ab468df,RIDER_074,3,1,0,6,Low,2.4,67
29c6a41a,RIDER_081,2,12,1,9,Medium,0.8,54
35e3d837,RIDER_012,3,6,1,2,Medium,4.8,60
556dcb6f,RIDER_128,7,1,0,1,Low,-2.3,51
ff488d21,RIDER_070,5,22,1,9,Medium,3.9,75
351c7d82,RIDER_147,3,19,1,5,High,3.3,75
1ae5ecd1,RIDER_041,9,22,1,1,Medium,7.0,100
d23068ae,RIDER_059,2,13,0,9,Low,2.7,100
3dc679a1,RIDER_089,7,6,1,4,Medium,-1.5,61
da767d72,RIDER_024,6,17,1,4,Low,7.3,76
415d8429,RIDER_144,6,13,1,4,Medium,0.9,67
d133cdd2,RIDER_080,7,9,0,5,Low,0.3,86
52143dbe,RIDER_134,6,8,1,2,Medium,2.5,65
14603e16,RIDER_132,2,15,1,9,Medium,6.8,64
0ba2bd2e,RIDER_092,5,18,1,4,Medium,6.2,77
c1d8e5a7,RIDER_092,3,2,1,7,Medium,4.3,41
3518b199,RIDER_081,9,21,1,3,Low,5.5,89
908e9370,RIDER_142,8,2,1,4,Low,3.7,56
331d0bcb,RIDER_071,2,11,1,0,Medium,-1.7,41
a718897e,RIDER_065,1,1,1,0,Medium,5.8,33
115e6d21,RIDER_052,4,18,0,7,Low,-7.9,96
72ca65fc,RIDER_030,4,21,1,1,Low,1.9,62
8daf7bea,RIDER_099,2,7,1,9,Low,2.2,41
44d32739,RIDER_098,7,21,1,9,Medium,10.7,99
1e3a2c65,RIDER_042,3,17,1,6,Medium,-1.9,58
bb4961e3,RIDER_139,7,16,1,6,Medium,6.0,86
38059171,RIDER_027,7,7,1,10,High,2.9,84
e4eff152,RIDER_072,1,22,1,8,High,0.6,71
85803a90,RIDER_018,6,7,1,0,Low,-5.5,50
6713e958,RIDER_077,4,2,1,1,Medium,2.8,45
0f4e996b,RIDER_045,8,5,1,0,Low,2.9,69
21d50c12,RIDER_115,8,14,1,0,Medium,1.0,79
4959c21d,RIDER_087,3,8,1,10,Medium,8.6,63
87731ef4,RIDER_140,4,12,0,3,Medium,6.6,80
0749c31a,RIDER_092,1,7,1,7,Low,1.3,36
b0c425e5,RIDER_022,2,6,1,9,Medium,6.4,45
8f8b8e18,RIDER_092,7,13,0,7,Medium,7.2,100
bc15225d,RIDER_077,7,22,0,10,Low,-0.6,100
cc391c03,RIDER_025,9,12,0,8,Medium,-2.1,100
ce08783e,RIDER_108,9,17,1,1,High,-2.8,96
d3522867,RIDER_135,9,16,0,6,Low,6.1,100
2af41a32,RIDER_109,6,1,0,3,Low,0.6,63
b6fa4b5e,RIDER_134,8,7,0,2,Medium,-0.9,62
964f7d4e,RIDER_024,9,3,1,3,Medium,5.9,78
72bc6bc4,RIDER_019,7,6,1,3,High,0.7,82
0018f1f0,RIDER_083,4,21,0,2,Medium,-2.2,63
aa34e744,RIDER_115,4,3,0,8,Medium,8.0,100
8e1ad2bc,RIDER_009,6,22,0,7,Medium,6.2,100
c1b81a06,RIDER_112,4,3,0,9,Low,-0.6,94
d9a2cfe7,RIDER_102,7,8,1,1,Medium,-1.0,59
292dfea4,RIDER_048,8,14,1,2,Medium,1.3,71
c6e9e19c,RIDER_069,8,23,0,9,Medium,4.6,100
cd307c5f,RIDER_119,8,9,0,6,High,6.6,100
b6394488,RIDER_045,2,5,0,4,Medium,-2.3,64
eefb0639,RIDER_125,2,15,1,0,Low,-4.5,37
8f2dab02,RIDER_014,2,17,1,0,High,1.2,71
c0e50f44,RIDER_134,2,10,1,7,Medium,-2.3,38
446fc090,RIDER_135,4,8,0,5,High,0.9,93
1f22c889,RIDER_037,5,18,1,3,Low,-0.4,53
2aaf88f4,RIDER_053,4,6,0,2,Low,-4.5,37
07d07d1b,RIDER_018,5,17,0,8,Medium,8.8,100
39d15126,RIDER_038,4,22,1,8,Medium,2.5,73
123183b8,RIDER_129,7,4,0,3,High,5.5,100
c77a06fe,RIDER_044,1,21,1,10,Low,-6.8,56
a8959406,RIDER_047,1,15,0,7,Low,-1.0,74
3b196ea3,RIDER_035,2,10,1,3,Medium,-0.7,47
9ef34cee,RIDER_060,1,23,0,7,Low,6.0,100
dffb3d69,RIDER_090,3,13,0,6,Low,8.8,99
04195b6e,RIDER_052,6,22,1,5,Low,-2.8,67
30eecbf9,RIDER_008,6,1,0,6,Low,2.6,90
e5c6cb7d,RIDER_107,1,22,0,5,Medium,7.2,100
7bda992a,RIDER_131,6,22,0,10,High,-0.7,100
6f2023d0,RIDER_142,5,9,0,5,Medium,-1.1,84
9cc7a286,RIDER_096,7,5,1,6,Medium,4.1,61
d96b21e1,RIDER_026,6,11,1,3,Medium,-4.4,57
9fb5e1a2,RIDER_111,7,22,1,4,Medium,-6.2,78
ac2c0006,RIDER_123,2,22,0,8,High,-10.4,100
3aa19b60,RIDER_051,1,23,1,1,Medium,4.7,62
3295ee47,RIDER_123,7,21,1,8,Low,7.5,81
64b9a48e,RIDER_005,9,21,1,4,High,2.0,100
780e97c5,RIDER_077,2,4,1,9,Medium,6.0,46
0df4867c,RIDER_001,7,20,1,0,Low,-6.6,69
cd35ff67,RIDER_011,3,16,1,10,Medium,4.4,67
d8b1196a,RIDER_008,6,24,0,6,Medium,2.6,100
354c1cfe,RIDER_032,3,18,1,4,Low,-1.5,47
d0a5ea5b,RIDER_028,5,8,0,2,Medium,3.5,55
de777d57,RIDER_131,2,2,1,2,Medium,9.2,47
79f3ae2f,RIDER_128,8,17,1,0,High,5.7,98
0173a013,RIDER_062,8,10,1,6,High,-0.4,91
31311727,RIDER_027,7,13,1,1,Low,-0.4,61
fb0ab008,RIDER_045,6,15,1,7,Medium,3.7,72
5ef99319,RIDER_105,1,9,1,3,High,4.4,48
ccc56c59,RIDER_092,8,8,1,3,Medium,-1.2,71
abc416d5,RIDER_025,1,6,1,10,Medium,9.1,47
0b570fb9,RIDER_044,8,4,1,4,Low,1.8,62
6fbd6a95,RIDER_142,2,18,1,8,High,6.6,81
45a3d66a,RIDER_136,8,24,0,6,Medium,0.6,100
04b85c2f,RIDER_142,4,3,0,2,Low,10.8,56
b6374831,RIDER_080,7,4,1,3,High,3.5,79
d18e0266,RIDER_082,5,21,1,8,High,-5.4,80
e294b6c7,RIDER_135,8,13,1,0,Medium,-1.4,70
ea4a6d4c,RIDER_088,6,20,1,7,Medium,3.9,75
50c541d0,RIDER_127,5,11,0,7,Medium,8.1,100
6101b739,RIDER_055,1,8,1,6,Medium,2.7,41
3c7401c0,RIDER_141,3,14,1,5,Medium,-2.9,57
5baa0d22,RIDER_056,9,14,1,6,High,1.7,99
5f26d91b,RIDER_015,9,16,0,9,Medium,3.5,100
205d8e87,RIDER_058,5,14,1,3,Medium,5.3,64
e0681ae9,RIDER_088,3,1,0,3,Low,7.7,57
fd9dd8ba,RIDER_097,6,2,0,4,Low,7.0,79
f8fabe1a,RIDER_144,5,20,1,3,Medium,1.8,69
b4f7a284,RIDER_008,1,1,1,3,High,-4.6,46
417ec8ab,RIDER_040,2,11,1,8,Medium,5.8,51
a761aa6e,RIDER_014,5,6,1,5,Medium,0.0,44
cd8e2878,RIDER_053,9,15,1,2,Medium,8.4,98
4af74a9b,RIDER_127,4,12,1,2,Medium,4.6,64
89c152db,RIDER_080,9,5,1,9,High,1.1,79
f9cb1b1c,RIDER_115,3,23,1,7,High,10.5,91
6948f05a,RIDER_134,1,12,0,2,Low,3.9,36
88c1844c,RIDER_055,6,22,0,3,High,6.9,100
32bb9be0,RIDER_044,7,14,1,5,Medium,-1.0,64
d9f58f76,RIDER_018,4,14,1,8,High,-1.9,65
42371866,RIDER_016,5,19,1,5,High,-6.7,78
1a326805,RIDER_012,4,5,0,2,Medium,5.7,57
5216cdf4,RIDER_148,3,3,0,5,Medium,0.8,78
d903ceab,RIDER_045,1,18,1,3,High,11.3,81
edb2bf8f,RIDER_093,6,6,1,4,Medium,3.2,64
9f6b0149,RIDER_022,5,9,1,4,Low,3.2,45
b37474ab,RIDER_097,1,7,1,2,Medium,7.5,44
7d5979e4,RIDER_047,5,21,0,4,Medium,1.2,100
5bf76628,RIDER_029,6,18,1,4,High,0.1,85
62bc0475,RIDER_045,5,2,0,6,Medium,-2.7,83
3f63ce5f,RIDER_077,1,20,1,8,High,2.2,64
d40f8442,RIDER_009,5,10,0,4,Medium,3.5,87
c6a5e480,RIDER_024,1,12,1,8,Medium,-0.1,47
992c3dae,RIDER_015,3,2,1,4,High,7.6,62
4bf807ec,RIDER_013,2,13,0,3,Low,-5.8,54
797c2a5c,RIDER_091,1,8,0,5,Low,5.2,65
bc90266a,RIDER_101,4,23,0,7,Low,-2.2,100
302b961e,RIDER_071,2,7,0,3,Low,5.3,54
eac7a4f9,RIDER_122,5,3,0,4,Medium,2.5,74
d2b4d848,RIDER_076,1,23,1,9,Low,2.6,51
5b7b5e11,RIDER_116,1,8,1,0,High,4.3,56
40389b0f,RIDER_061,4,21,0,9,High,5.2,100
500a91ea,RIDER_126,7,1,1,0,Medium,0.9,53
3b59c0dd,RIDER_001,2,15,1,7,Low,3.5,47
28c045da,RIDER_068,2,1,0,6,Medium,4.9,85
ab1bcfbc,RIDER_088,1,12,0,4,High,8.3,96
edc17e6a,RIDER_021,5,11,1,8,Medium,4.1,71
345f74a6,RIDER_135,6,16,1,0,Low,0.5,55
f977c0e2,RIDER_003,6,4,0,2,Low,9.5,63
d61c1191,RIDER_051,2,2,1,5,Low,7.2,32
bb84ef4b,RIDER_079,7,23,1,0,Medium,6.0,100
ea3b511b,RIDER_095,6,3,1,5,Medium,3.2,62
f33d376a,RIDER_123,8,4,1,1,High,1.8,81
54fe8b9f,RIDER_006,6,18,1,9,Low,-4.2,60
af2ff8f1,RIDER_017,9,12,0,4,Low,6.8,100
d92324c8,RIDER_117,2,24,1,10,High,-10.3,74
54ea5e0f,RIDER_060,7,1,0,9,High,2.9,100
99aac1c1,RIDER_150,5,3,1,1,Medium,0.9,50
bc10107e,RIDER_125,1,4,1,0,Medium,4.1,28
b869aa27,RIDER_081,3,6,0,3,Medium,1.0,72
19f96265,RIDER_085,4,17,0,1,High,2.6,79
aead8faf,RIDER_051,2,8,0,8,High,-0.1,100
263f0382,RIDER_139,7,18,0,10,High,2.5,100
dc6b3469,RIDER_071,1,16,1,10,Low,-1.1,31
c7f42b57,RIDER_039,3,21,1,2,Medium,1.8,68
5cc427b2,RIDER_069,9,6,1,8,Low,-1.3,62
